window_start,raw,diffed,high_raw_H96,high_diffed_H96,high_raw_H192,high_diffed_H192,high_raw_H336,high_diffed_H336,high_raw_H720,high_diffed_H720
0,0.2705874074270159,0.10274127850767523,False,True,False,True,False,True,False,True
1,0.26991060747111956,0.10186153125671396,False,True,False,True,False,True,False,True
2,0.269665056782099,0.10136357891888323,False,True,False,True,False,True,False,True
3,0.26966944830832085,0.10137489024393931,False,True,False,True,False,True,False,True
4,0.26992512875329083,0.10170516251805406,False,True,False,True,False,True,False,True
5,0.2700801247997038,0.10125986529915083,False,True,False,True,False,True,False,True
6,0.269983892675161,0.10142396958064555,False,True,False,True,False,True,False,True
7,0.2699544462781812,0.10117203434368219,False,True,False,True,False,True,False,True
8,0.2702505563381248,0.1001282498876337,False,True,False,True,False,True,False,True
9,0.2705841435127164,0.09967985572600924,False,True,False,True,False,True,False,True
10,0.27054052169491377,0.09995548805582424,False,True,False,True,False,True,False,True
11,0.27011848493892004,0.10060824602371207,False,True,False,True,False,True,False,True
12,0.2695153595220433,0.10029630239712467,False,True,False,True,False,True,False,True
13,0.26943122170961564,0.1006035883986144,False,True,False,True,False,True,False,True
14,0.2694562724321792,0.10114490496721877,False,True,False,True,False,True,False,True
15,0.26913714256375326,0.09938918940336268,False,True,False,True,False,True,False,True
16,0.2687168008177602,0.09932163716908093,False,True,False,True,False,True,False,True
17,0.267776272444454,0.09894483535212417,False,True,False,True,False,True,False,True
18,0.2672619858034284,0.09824294473532265,False,True,False,True,False,True,False,True
19,0.26688878064729193,0.09901141959632598,False,True,False,True,False,True,False,True
20,0.26638742600263005,0.09904084218903969,False,True,False,True,False,True,False,True
21,0.26563641972380525,0.09886590192918329,False,True,False,True,False,True,False,True
22,0.26515446775031937,0.0987158925328118,False,True,False,True,False,True,False,True
23,0.2652266020276856,0.0980586934388399,False,True,False,True,False,True,False,True
24,0.2652013178096703,0.09782663515243616,False,True,False,True,False,True,False,True
25,0.2646345888468001,0.09759190068011876,False,True,False,True,False,True,False,True
26,0.2646309348053272,0.09809270005099592,False,True,False,True,False,True,False,True
27,0.26420061684378504,0.09742841683999724,False,True,False,True,False,True,False,True
28,0.26403344348965846,0.0973879772574093,False,True,False,True,False,True,False,True
29,0.2639829054349009,0.09747782288496928,False,True,False,True,False,True,False,True
30,0.26434240215255983,0.09809629308431037,False,True,False,True,False,True,False,True
31,0.26524690140103946,0.09707684265225414,False,True,False,True,False,True,False,True
32,0.26626946961562703,0.09632175071708612,False,True,False,True,False,True,False,True
33,0.2667491060911475,0.09696044869864498,False,True,False,True,False,True,False,True
34,0.2667120434790228,0.09741779450595986,False,True,False,True,False,True,False,True
35,0.26611070823617167,0.0969149283890774,False,True,False,True,False,True,False,True
36,0.2647932454966289,0.09623288954339151,False,True,False,True,False,True,False,True
37,0.2631935568570171,0.0966044912961055,False,True,False,True,False,True,False,True
38,0.2641352544601325,0.1020166846872123,False,True,False,True,False,True,False,True
39,0.26429039545864347,0.10517409706553658,False,True,False,True,False,True,False,True
40,0.2652044525629684,0.10494955788309646,False,True,False,True,False,True,False,True
41,0.2652749318647246,0.10486797911146925,False,True,False,True,False,True,False,True
42,0.265720048707841,0.1047185692456568,False,True,False,True,False,True,False,True
43,0.2661881363676645,0.1047637893397462,False,True,False,True,False,True,False,True
44,0.2664266408554143,0.10457628108080563,False,True,False,True,False,True,False,True
45,0.26643215445410945,0.10463556536283083,False,True,False,True,False,True,False,True
46,0.2667566567778566,0.10426121048983054,False,True,False,True,False,True,False,True
47,0.26635920362248583,0.10413562065443696,False,True,False,True,False,True,False,True
48,0.2653993110877647,0.10394598080693046,False,True,False,True,False,True,False,True
49,0.2649711784635374,0.1037863747908899,False,True,False,True,False,True,False,True
50,0.26426240014061503,0.10352617579247217,False,True,False,True,False,True,False,True
51,0.2634719258303518,0.1033277787775993,False,True,False,True,False,True,False,True
52,0.26254242395940547,0.10322561902690364,False,True,False,True,False,True,False,True
53,0.2623073473741454,0.10283761063299818,False,True,False,True,False,True,False,True
54,0.2621781728921612,0.10310176858675438,False,True,False,True,False,True,False,True
55,0.2618889791768598,0.10294917349946078,False,True,False,True,False,True,False,True
56,0.26175119088630394,0.1032624168191239,False,True,False,True,False,True,False,True
57,0.261536880678075,0.10413614898175834,False,True,False,True,False,True,False,True
58,0.2614678282036823,0.10532263230474712,False,True,False,True,False,True,False,True
59,0.26089203081417156,0.1072748714677743,False,True,False,True,False,True,False,True
60,0.26092648819234227,0.11038273595172868,False,True,False,True,False,True,False,True
61,0.26030079686034735,0.11086828347749085,False,True,False,True,False,True,False,True
62,0.2599657982932692,0.11117560176154283,False,True,False,True,False,True,False,True
63,0.25955188288930386,0.11035769178005655,False,True,False,True,False,True,False,True
64,0.2593952628774467,0.10890987246225559,False,True,False,True,False,True,False,True
65,0.25905159533200167,0.10796659966873576,False,True,False,True,False,True,False,True
66,0.25883343381895046,0.10809434771309785,False,True,False,True,False,True,False,True
67,0.25883442963491576,0.10815539536668739,False,True,False,True,False,True,False,True
68,0.25859610637703945,0.10833139644186258,False,True,False,True,False,True,False,True
69,0.25823187750467874,0.1088058781604605,False,True,False,True,False,True,False,True
70,0.25816174309280765,0.10862843426268785,False,True,False,True,False,True,False,True
71,0.25825295116958397,0.10898103689486292,False,True,False,True,False,True,False,True
72,0.2584887033885074,0.10941922125364459,False,True,False,True,False,True,False,True
73,0.258510266655018,0.10983541335295291,False,True,False,True,False,True,False,True
74,0.25823442390306556,0.11005730150488588,False,True,False,True,False,True,False,True
75,0.2577987655626717,0.10979007369961659,False,True,False,True,False,True,False,True
76,0.257228823576949,0.11036381337128687,False,True,False,True,False,True,False,True
77,0.2575899297179277,0.11009089319834804,False,True,False,True,False,True,False,True
78,0.2577781217033448,0.11132379620460753,False,True,False,True,False,True,False,True
79,0.2581524179048779,0.11158171906027245,False,True,False,True,False,True,False,True
80,0.2583297486053241,0.11100734639870476,False,True,False,True,False,True,False,True
81,0.2581160990790839,0.11078884182050423,False,True,False,True,False,True,False,True
82,0.2573631052681115,0.11094269731275051,False,True,False,True,False,True,False,True
83,0.25590361833641684,0.11185567031422196,False,True,False,True,False,True,False,True
84,0.25471094436440167,0.11257841606731663,False,True,False,True,False,True,False,True
85,0.25378589212532504,0.11477338506504367,False,True,False,True,False,True,False,True
86,0.25369651294074763,0.11645076519490495,False,True,False,True,False,True,False,True
87,0.2531439916054624,0.11594619485848574,False,True,False,True,False,True,False,True
88,0.25313716128737046,0.11570107352566772,False,True,False,True,False,True,False,True
89,0.2532943815790011,0.11498530378536848,False,True,False,True,False,True,False,True
90,0.25408926061874865,0.11525287784731293,False,True,False,True,False,True,False,True
91,0.25549893712048116,0.11447011629765681,False,True,False,True,False,True,False,True
92,0.25693669947644926,0.11456367419715331,False,True,False,True,False,True,False,True
93,0.25818823107093886,0.11458621586387013,False,True,False,True,False,True,False,True
94,0.25888336468027073,0.11490648831936305,False,True,False,True,False,True,False,True
95,0.2595533901155636,0.1147206634589403,False,True,False,True,False,True,False,True
96,0.2597012219587281,0.1151423635476525,False,True,False,True,False,True,False,True
97,0.25833009902343057,0.11526979644088474,False,True,False,True,False,True,False,True
98,0.2573652938332741,0.11556060982160309,False,True,False,True,False,True,False,True
99,0.25676806415483755,0.11500613899968078,False,True,False,True,False,True,False,True
100,0.2558961844331928,0.11449745008774141,False,True,False,True,False,True,False,True
101,0.25459343782800026,0.11453710322879262,False,True,False,True,False,True,False,True
102,0.25335466533218703,0.11456382672017004,False,True,False,True,False,True,False,True
103,0.2521231928370418,0.11579237552227617,False,True,False,True,False,True,False,True
104,0.25185641141469106,0.11466024811596164,False,True,False,True,False,True,False,True
105,0.2510303197099527,0.11353791822381948,False,True,False,True,False,True,False,True
106,0.2501247179938713,0.11501102861006281,False,True,False,True,False,True,False,True
107,0.24839748870552428,0.11499629987862182,False,True,False,True,False,True,False,True
108,0.24669189411055178,0.11465829065725475,False,True,False,True,False,True,False,True
109,0.24411542933972785,0.11459357940369228,False,True,False,True,False,True,False,True
110,0.24166200857185233,0.11233880147424877,False,True,False,True,False,True,False,True
111,0.2409990151746094,0.11047882994303396,False,True,False,True,False,True,False,True
112,0.24130951405386275,0.10901622143114825,False,True,False,True,False,True,False,True
113,0.24142467379665675,0.10845604819492419,False,True,False,True,False,True,False,True
114,0.24170209842375195,0.10856970666775922,False,True,False,True,False,True,False,True
115,0.2416101100585856,0.10863994235949337,False,True,False,True,False,True,False,True
116,0.24111865292339404,0.1087528666428176,False,True,False,True,False,True,False,True
117,0.24061971189807269,0.10942353926177344,False,True,False,True,False,True,False,True
118,0.24100494249222595,0.10949579760592824,False,True,False,True,False,True,False,True
119,0.24088579609289104,0.10908608602573346,False,True,False,True,False,True,False,True
120,0.24071104687646075,0.10959014765097062,False,True,False,True,False,True,False,True
121,0.23991089388338935,0.10915785805125107,False,True,False,True,False,True,False,True
122,0.23940662474819988,0.10921242517449266,False,True,False,True,False,True,False,True
123,0.23908470838873064,0.10898459239401713,False,True,False,True,False,True,False,True
124,0.23951472029254997,0.10803404931632879,False,True,False,True,False,True,False,True
125,0.2399200897176671,0.10875166518653775,False,True,False,True,False,True,False,True
126,0.23944569663602167,0.10861364844851054,False,True,False,True,False,True,False,True
127,0.23909920431870432,0.10770922431659079,False,True,False,True,False,True,False,True
128,0.23932994192163198,0.10782118502785035,False,True,False,True,False,True,False,True
129,0.23930464048450525,0.10832990449617265,False,True,False,True,False,True,False,True
130,0.239299476944155,0.10852749356912295,False,True,False,True,False,True,False,True
131,0.23929003351502684,0.11091293131312889,False,True,False,True,False,True,False,True
132,0.23938338554614244,0.10946909099086193,False,True,False,True,False,True,False,True
133,0.23979493613950265,0.10943621487438866,False,True,False,True,False,True,False,True
134,0.24004176436472452,0.1096419129383426,False,True,False,True,False,True,False,True
135,0.24060859722446495,0.10862792496268835,False,True,False,True,False,True,False,True
136,0.24086526380305173,0.10735430449739039,False,True,False,True,False,True,False,True
137,0.2404316906255858,0.10724463302991168,False,True,False,True,False,True,False,True
138,0.24004149780482334,0.10724847681662804,False,True,False,True,False,True,False,True
139,0.23992864549368398,0.10750240615537507,False,True,False,True,False,True,False,True
140,0.24005056958698218,0.10765899264669627,False,True,False,True,False,True,False,True
141,0.24018256403161056,0.10735924773459495,False,True,False,True,False,True,False,True
142,0.2402225205695586,0.1073492510687309,False,True,False,True,False,True,False,True
143,0.23995403351825745,0.10746142865449537,False,True,False,True,False,True,False,True
144,0.2394271936958854,0.10737107838054855,False,True,False,True,False,True,False,True
145,0.23839388856057178,0.1071766089428331,False,True,False,True,False,True,False,True
146,0.23785836950075254,0.10858356420187847,False,True,False,True,False,True,False,True
147,0.23794631599155808,0.10681972073045558,False,True,False,True,False,True,False,True
148,0.2380518568780305,0.10741708598891118,False,True,False,True,False,True,False,True
149,0.2374802418743569,0.10617725507339706,False,True,False,True,False,True,False,True
150,0.23694360025859154,0.10404089757532564,False,True,False,True,False,True,False,True
151,0.23677098416112496,0.10369024948011948,False,True,False,True,False,True,False,True
152,0.23679172358848177,0.10163479621932985,False,True,False,True,False,True,False,True
153,0.23662326363846237,0.10070274506226314,False,True,False,True,False,True,False,True
154,0.2360524543247004,0.10261873039299038,False,True,False,True,False,True,False,True
155,0.23489749104209925,0.105424076316416,False,True,False,True,False,True,False,True
156,0.23361981075532987,0.10507575742722475,False,True,False,True,False,True,False,True
157,0.23131015456234724,0.10526468854680542,False,True,False,True,False,True,False,True
158,0.22933604835127794,0.10392062739143579,False,True,False,True,False,True,False,True
159,0.2286475521077273,0.10131852375781095,False,True,False,True,False,True,False,True
160,0.22777433525646565,0.09955706870939669,False,True,False,True,False,True,False,True
161,0.22796498138856847,0.09939955747834496,False,True,False,True,False,True,False,True
162,0.2268202211237905,0.09949481903192334,False,True,False,True,False,True,False,True
163,0.22578685743740717,0.09945844455700238,False,True,False,True,False,True,False,True
164,0.22567271842158126,0.09920067577682555,False,True,False,True,False,True,False,True
165,0.22573316507967012,0.09999181001349265,False,True,False,True,False,True,False,True
166,0.22619224351507955,0.10084104978581603,False,True,False,True,False,True,False,True
167,0.22621755361456844,0.10021793431956387,False,True,False,True,False,True,False,True
168,0.22570221614312286,0.09923404924315961,False,True,False,True,False,True,False,True
169,0.2250082685737735,0.10022718938728119,False,True,False,True,False,True,False,True
170,0.22461012404513628,0.10004482829546407,False,True,False,True,False,True,False,True
171,0.2245517380593051,0.0995569851491333,False,True,False,True,False,True,False,True
172,0.22483829465700256,0.09948245723125555,False,True,False,True,False,True,False,True
173,0.22488239284041428,0.09933957809477906,False,True,False,True,False,True,False,True
174,0.22378045734661242,0.09888988928722942,False,True,False,True,False,True,False,True
175,0.22302260870176452,0.09795042137480132,False,True,False,True,False,True,False,True
176,0.22260835323117348,0.09777691041428119,False,True,False,True,False,True,False,True
177,0.22234955549070573,0.09773096190665868,False,True,False,True,False,True,False,True
178,0.2220939975554649,0.09793850630113629,False,True,False,True,False,True,False,True
179,0.22198819172996906,0.09745749797391168,False,True,False,True,False,True,False,True
180,0.22222422227638386,0.09733957952061045,False,True,False,True,False,True,False,True
181,0.22240439879898635,0.09737058293170338,False,True,False,True,False,True,False,True
182,0.2225646312860553,0.09709112021434849,False,True,False,True,False,True,False,True
183,0.22261348954641216,0.09712338770411282,False,True,False,True,False,True,False,True
184,0.22261457392833736,0.0972489165309556,False,True,False,True,False,True,False,True
185,0.222627426173849,0.09709260069656638,False,True,False,True,False,True,False,True
186,0.22262758072882458,0.09705536028899331,False,True,False,True,False,True,False,True
187,0.2226291724245693,0.09684257612372116,False,True,False,True,False,True,False,True
188,0.22280612868914004,0.09683151370537943,False,True,False,True,False,True,False,True
189,0.22281080639594344,0.09677961631439767,False,True,False,True,False,True,False,True
190,0.22284402970753397,0.09669850756633558,False,True,False,True,False,True,False,True
191,0.22277237030137784,0.09719354534779094,False,True,False,True,False,True,False,True
192,0.2227694196650583,0.09746262673941058,False,True,False,True,False,True,False,True
193,0.22306323863359115,0.097720152798422,False,True,False,True,False,True,False,True
194,0.2234282343931122,0.09832963752004728,False,True,False,True,False,True,False,True
195,0.22320088079350475,0.09822408656919787,False,True,False,True,False,True,False,True
196,0.22288776153506398,0.097428056341339,False,True,False,True,False,True,False,True
197,0.2213824504340362,0.096698537317472,False,True,False,True,False,True,False,True
198,0.21865073338607402,0.09660241947770229,False,True,False,True,False,True,False,True
199,0.2160398244358856,0.09860847110435726,False,True,False,True,False,True,False,True
200,0.21420641752620156,0.09820699205270132,False,True,False,True,False,True,False,True
201,0.21179026923518446,0.09793738358995559,False,True,False,True,False,True,False,True
202,0.21047469037828723,0.09670182828516669,False,True,False,True,False,True,False,True
203,0.210509445553518,0.09508647521545345,False,True,False,True,False,True,False,True
204,0.21056905005575144,0.09572428171119073,False,True,False,True,False,True,False,True
205,0.210836063716838,0.09423653956792799,False,True,False,True,False,True,False,True
206,0.21048340950713976,0.0937663612008105,False,True,False,True,False,True,False,True
207,0.21017154696302434,0.09354125053516125,False,True,False,True,False,True,False,True
208,0.2098040732670809,0.09083739873129407,False,True,False,True,False,True,False,True
209,0.20943816552515387,0.09106298864151927,False,True,False,True,False,True,False,True
210,0.20932950834109568,0.09119171539946698,False,True,False,True,False,True,False,True
211,0.2092602738451064,0.09118173364689397,False,True,False,True,False,True,False,True
212,0.2093690884692921,0.09112834393320812,False,True,False,True,False,True,False,True
213,0.20928101238487265,0.0909546189003587,False,True,False,True,False,True,False,True
214,0.20917377629890524,0.09086226463789464,False,True,False,True,False,True,False,True
215,0.2090884253963725,0.09090784991274292,False,True,False,True,False,True,False,True
216,0.20919340582699766,0.09122774146135233,False,True,False,True,False,True,False,True
217,0.20933323068308088,0.09129780247733846,False,True,False,True,False,True,False,True
218,0.20929607487813326,0.09160845107571414,False,True,False,True,False,True,False,True
219,0.20887352884463195,0.09200515877737961,False,True,False,True,False,True,False,True
220,0.20840011022472354,0.0920740790364521,False,True,False,True,False,True,False,True
221,0.20901624086364587,0.09215522296916168,False,True,False,True,False,True,False,True
222,0.20879293134343224,0.09357930921531736,False,True,False,True,False,True,False,True
223,0.208639448510832,0.09253596611903177,False,True,False,True,False,True,False,True
224,0.20889643596590016,0.09220014126293224,False,True,False,True,False,True,False,True
225,0.20889516468496888,0.09187208994530989,False,True,False,True,False,True,False,True
226,0.20992529732794202,0.09248932174855429,False,True,False,True,False,True,False,True
227,0.21116406468365137,0.09236599848767353,False,True,False,True,False,True,False,True
228,0.2115170037252117,0.09193477681415066,False,True,False,True,False,True,False,True
229,0.21192221799890731,0.09215418338293942,False,True,False,True,False,True,False,True
230,0.21182827224915293,0.09054605822151876,False,True,False,True,False,True,False,True
231,0.21061328026651274,0.08807868464027825,False,True,False,True,False,True,False,True
232,0.2096741075924402,0.08563742051607466,False,True,False,True,False,True,False,False
233,0.20935044565046312,0.08594933086063769,False,True,False,True,False,True,False,True
234,0.20953731255911823,0.0860557100093934,False,True,False,True,False,True,False,True
235,0.2100225067211428,0.08541895848735584,False,True,False,True,False,True,False,False
236,0.21097148040290709,0.08504034647736143,False,True,False,True,False,True,False,False
237,0.21118420686817255,0.08544811866309278,False,True,False,True,False,True,False,False
238,0.21167551354979222,0.08523671139452585,False,True,False,True,False,True,False,False
239,0.2122429539504538,0.08501472163918103,False,True,False,True,False,True,False,False
240,0.2122529444363557,0.08494015305146897,False,True,False,True,False,True,False,False
241,0.21202940010601315,0.08386669456222674,False,True,False,True,False,True,False,False
242,0.21229479892923903,0.08486101949799037,False,True,False,True,False,True,False,False
243,0.21236393730835085,0.08535440964012794,False,True,False,True,False,True,False,False
244,0.21209983778123923,0.08526137279174002,False,True,False,True,False,True,False,False
245,0.21227098156945468,0.08457445701575488,False,True,False,True,False,True,False,False
246,0.21188603802810435,0.08407776888166427,False,True,False,True,False,True,False,False
247,0.2128732981305473,0.08279414882818267,False,True,False,True,False,True,False,False
248,0.21359056078163247,0.08314700134461887,False,True,False,True,False,True,False,False
249,0.21341420610498382,0.08359900940111012,False,True,False,True,False,True,False,False
250,0.21266461585716617,0.08390382433755314,False,True,False,True,False,True,False,False
251,0.212177141825762,0.08371169506489722,False,True,False,True,False,True,False,False
252,0.21155989634865432,0.08388561641679514,False,True,False,True,False,True,False,False
253,0.21095956516548386,0.08364098619021772,False,True,False,True,False,True,False,False
254,0.21014862382752536,0.08337714306473645,False,True,False,True,False,True,False,False
255,0.20949619537681777,0.08387335793716762,False,True,False,True,False,True,False,False
256,0.20929334103977812,0.08344038993011063,False,True,False,True,False,True,False,False
257,0.20946203227322627,0.08266099902306911,False,True,False,True,False,True,False,False
258,0.20993702658499003,0.08307415603496715,False,True,False,True,False,True,False,False
259,0.21021806485492256,0.08310677630886303,False,True,False,True,False,True,False,False
260,0.21039542607804357,0.08332665167070136,False,True,False,True,False,True,False,False
261,0.2108874922651815,0.08324554117106862,False,True,False,True,False,True,False,False
262,0.2112735920017373,0.08252834452820294,False,True,False,True,False,True,False,False
263,0.211491072099281,0.08324889764093392,False,True,False,True,False,True,False,False
264,0.21140745610412898,0.08335920787869325,False,True,False,True,False,True,False,False
265,0.2112418510068299,0.08351610065064843,False,True,False,True,False,True,False,False
266,0.21094633015349665,0.08222334131990194,False,True,False,True,False,False,False,False
267,0.21112839529848978,0.08115282773194732,False,True,False,True,False,False,False,False
268,0.21098020131762318,0.08105487259988917,False,True,False,True,False,False,False,False
269,0.21121567342040543,0.08099466533190214,False,True,False,True,False,False,False,False
270,0.21162655060924856,0.08116826297894594,False,True,False,True,False,False,False,False
271,0.21201478033546775,0.08003355303247744,False,False,False,False,False,False,False,False
272,0.2121849796294298,0.07919129981615435,False,False,False,False,False,False,False,False
273,0.21230994498679845,0.07974658448021776,False,False,False,False,False,False,False,False
274,0.2120972147752425,0.0800712141837316,False,False,False,False,False,False,False,False
275,0.2128207090885035,0.07970979457121254,False,False,False,False,False,False,False,False
276,0.21302090330444323,0.07919842777947786,False,False,False,False,False,False,False,False
277,0.21256614048982103,0.07896963934980772,False,False,False,False,False,False,False,False
278,0.21205519109305587,0.07853476927292471,False,False,False,False,False,False,False,False
279,0.2111520441960372,0.0774211135499416,False,False,False,False,False,False,False,False
280,0.21044443022320472,0.0774753014666973,False,False,False,False,False,False,False,False
281,0.2109767892496184,0.07762081277346136,False,False,False,False,False,False,False,False
282,0.21139989649514443,0.07816682866260595,False,False,False,False,False,False,False,False
283,0.21197270518454392,0.07797573093947226,False,False,False,False,False,False,False,False
284,0.21240829865683958,0.07804019964344693,False,False,False,False,False,False,False,False
285,0.21296315569116958,0.07729519880220917,False,False,False,False,False,False,False,False
286,0.2128810620532034,0.07691326717475426,False,False,False,False,False,False,False,False
287,0.21278276833266405,0.07756058859670918,False,False,False,False,False,False,False,False
288,0.21265489198049817,0.07721368501989251,False,False,False,False,False,False,False,False
289,0.21218814139703251,0.07728455808151088,False,False,False,False,False,False,False,False
290,0.21158089011281528,0.07636935356521461,False,False,False,False,False,False,False,False
291,0.2118798096565735,0.0757400621337854,False,False,False,False,False,False,False,False
292,0.21141384039876557,0.07564225641448687,False,False,False,False,False,False,False,False
293,0.21096116265431,0.07517036719002981,False,False,False,False,False,False,False,False
294,0.21091223958247357,0.07607634706815906,False,False,False,False,False,False,False,False
295,0.21075191577471364,0.07502292526962863,False,False,False,False,False,False,False,False
296,0.2110703947897246,0.0743042668843618,False,False,False,False,False,False,False,False
297,0.2116437089181946,0.07494947350044005,False,False,False,False,False,False,False,False
298,0.21349617388127395,0.07700417270382431,False,False,False,False,False,False,False,False
299,0.2181572630071606,0.07689186872370699,False,False,False,False,False,False,False,False
300,0.22367289956450934,0.07599789090455145,False,False,False,False,False,False,False,False
301,0.22928730984289195,0.07506179704854551,False,False,False,False,False,False,False,False
302,0.233246694025343,0.0758402936990565,False,False,False,False,False,False,False,False
303,0.23415833903459518,0.07590130271114517,False,False,False,False,False,False,False,False
304,0.2343541363694807,0.0743072338782014,False,False,False,False,False,False,False,False
305,0.2346430579414863,0.07402753693509852,False,False,False,False,False,False,False,False
306,0.23517703270888482,0.07436604552331952,False,False,False,False,False,False,False,False
307,0.23542384515987222,0.07457907813335607,False,False,False,False,False,False,False,False
308,0.23575942568909422,0.07490309438522712,False,False,False,False,False,False,False,False
309,0.2367166570365621,0.074778111973991,False,False,False,False,False,False,False,False
310,0.23752657319412146,0.07467451190489338,False,False,False,False,False,False,False,False
311,0.23818558581173346,0.07466469091841511,False,False,False,False,False,False,False,False
312,0.23859924917669934,0.07447811934319473,False,False,False,False,False,False,False,False
313,0.23880822938512336,0.07429922623032816,False,False,False,False,False,False,False,False
314,0.23844499638867983,0.07593070247082385,False,False,False,False,False,False,False,False
315,0.2384860009061641,0.07535221038678575,False,False,False,False,False,False,False,False
316,0.23800537905751748,0.07536730586281641,False,False,False,False,False,False,False,False
317,0.2350739188738916,0.07356756497244923,False,False,False,False,False,False,False,False
318,0.233051301116518,0.07384443859008416,False,False,False,False,False,False,False,False
319,0.2328906570265578,0.07475790862859122,False,False,False,False,False,False,False,False
320,0.23317669371918218,0.07276048257136994,False,False,False,False,False,False,False,False
321,0.23349218219353027,0.07436988949720232,False,False,False,False,False,False,False,False
322,0.23419791306281587,0.07615309822584128,False,False,False,False,False,False,False,False
323,0.23726339688009948,0.07507384763101521,False,False,False,False,False,False,False,False
324,0.24184087464723616,0.07460974512920661,False,False,False,False,False,False,False,False
325,0.24472462920248525,0.07460556549029419,False,False,False,False,False,False,False,False
326,0.24696817294586662,0.07415858397152982,False,False,False,False,False,False,False,False
327,0.24731709174140593,0.07486158067364994,False,False,False,False,False,False,False,False
328,0.24695155707219432,0.07486814200132491,False,False,False,False,False,False,False,False
329,0.24731576001147113,0.07462260727127783,False,False,False,False,False,False,False,False
330,0.2479285134579245,0.07467209213438857,False,False,False,False,False,False,False,False
331,0.2483997336491224,0.07462420230430256,False,False,False,False,False,False,False,False
332,0.24872722689641774,0.07475662424852245,False,False,False,False,False,False,False,False
333,0.2487321313590368,0.07409066842455461,False,False,False,False,False,False,False,False
334,0.24934074757438549,0.07416975667830204,False,False,False,False,False,False,False,False
335,0.24966914485709862,0.07404821727234323,False,False,False,False,False,False,False,False
336,0.2497041566619683,0.0741163593596795,False,False,False,False,False,False,False,False
337,0.24931373930062137,0.07438415509916163,False,False,False,False,False,False,False,False
338,0.24901262017935882,0.07426045408131622,False,False,False,False,False,False,False,False
339,0.24884448232806466,0.07432909737813745,False,False,False,False,False,False,False,False
340,0.24863366289609803,0.07428095159829982,False,False,False,False,False,False,False,False
341,0.2485901468381485,0.07433896571161704,False,False,False,False,False,False,False,False
342,0.24854085406524734,0.07420842038783941,False,False,False,False,False,False,False,False
343,0.24856473424555195,0.07545828653072839,False,False,False,False,False,False,False,False
344,0.24936612778453143,0.07357400127013422,False,False,False,False,False,False,False,False
345,0.25049783394777164,0.07354153900880774,False,False,False,False,False,False,False,False
346,0.25064802315538387,0.07447387879026428,False,False,False,False,False,False,False,False
347,0.25103825813932834,0.07421120520012486,False,False,False,False,False,False,False,False
348,0.25118598195394376,0.07373769128593241,False,False,False,False,False,False,False,False
349,0.2510072442667931,0.07376044727271998,False,False,False,False,False,False,False,False
350,0.2507134709629273,0.07377674856326724,False,False,False,False,False,False,False,False
351,0.25016429338730717,0.0745593776454311,False,False,False,False,False,False,False,False
352,0.24968083645166034,0.07267665929616483,False,False,False,False,False,False,False,False
353,0.2497312400342356,0.0724679348753517,False,False,False,False,False,False,False,False
354,0.24975919071373015,0.07244266630667273,False,False,False,False,False,False,False,False
355,0.24980273302840791,0.07240706500700712,False,False,False,False,False,False,False,False
356,0.250106258519381,0.07237157340961031,False,False,False,False,False,False,False,False
357,0.2507840005954113,0.0721221016242021,False,False,False,False,False,False,False,False
358,0.2517034043464789,0.07217762055153577,False,False,False,False,False,False,False,False
359,0.25256093276856384,0.07236767791535671,False,False,False,False,False,False,False,False
360,0.25298403942004183,0.07269334007025506,False,False,False,False,False,False,False,False
361,0.2532508741491305,0.07299038149475358,False,False,False,False,False,False,False,False
362,0.25325015473748164,0.07236392306070331,False,False,False,False,False,False,False,False
363,0.25281126890536365,0.07181128917675725,False,False,False,False,False,False,False,False
364,0.25241198288903416,0.07174451260294654,False,False,False,False,False,False,False,False
365,0.25193284072247313,0.0718080709131827,False,False,False,False,False,False,False,False
366,0.2512211174221051,0.07200806605734514,False,False,False,False,False,False,False,False
367,0.25077996883526565,0.07217927973353881,False,False,False,False,False,False,False,False
368,0.25092238509784676,0.07148707688752377,False,False,False,False,False,False,False,False
369,0.25088157784472837,0.07063319831865614,False,False,False,False,False,False,False,False
370,0.250907908919807,0.07042755856287031,False,False,False,False,False,False,False,False
371,0.2501756675847455,0.07015755891581199,False,False,False,False,False,False,False,False
372,0.24886204065716205,0.069975845463914,False,False,False,False,False,False,False,False
373,0.24759033021187826,0.06991336007949141,False,False,False,False,False,False,False,False
374,0.24624034676597537,0.0701315374486563,False,False,False,False,False,False,False,False
375,0.24457861065072753,0.0701175831082859,False,False,False,False,False,False,False,False
376,0.24428224606438054,0.07007682011844248,False,False,False,False,False,False,False,False
377,0.24484251752293412,0.06969894595297793,False,False,False,False,False,False,False,False
378,0.24547682564080867,0.06954543024976713,False,False,False,False,False,False,False,False
379,0.24608781776732788,0.06954298343448674,False,False,False,False,False,False,False,False
380,0.24697055909431911,0.06939110592685324,False,False,False,False,False,False,False,False
381,0.247904479460326,0.06871498333747869,False,False,False,False,False,False,False,False
382,0.24916137984223874,0.06879222325942966,False,False,False,False,False,False,False,False
383,0.2498657255328772,0.06861289361136083,False,False,False,False,False,False,False,False
384,0.2501630137964303,0.06853516223697856,False,False,False,False,False,False,False,False
385,0.25041340529657996,0.0682088276934377,False,False,False,False,False,False,False,False
386,0.2505219933586912,0.06821684110382668,False,False,False,False,False,False,False,False
387,0.25062530107953546,0.06804000835758595,False,False,False,False,False,False,False,False
388,0.25059376833496155,0.06797409023206193,False,False,False,False,False,False,False,False
389,0.2502065832921798,0.06808869191716961,False,False,False,False,False,False,False,False
390,0.2495876403361592,0.0684196706629256,False,False,False,False,False,False,False,False
391,0.24908977329622856,0.06984439114498431,False,False,False,False,False,False,False,False
392,0.2493095727010513,0.06781261150236731,False,False,False,False,False,False,False,False
393,0.2496563103112078,0.0668899858466727,False,False,False,False,False,False,False,False
394,0.2498575759586107,0.06774196601554736,False,False,False,False,False,False,False,False
395,0.25109075517410334,0.06710082887242197,False,False,False,False,False,False,False,False
396,0.2519682164326846,0.06643455934471702,False,False,False,False,False,False,False,False
397,0.2519921833717777,0.06652515779340287,False,False,False,False,False,False,False,False
398,0.2509764007139074,0.06635367195188022,False,False,False,False,False,False,False,False
399,0.2498668298907818,0.0671441902437918,False,False,False,False,False,False,False,False
400,0.24914941705318552,0.0653125411468544,False,False,False,False,False,False,False,False
401,0.24938286267320434,0.06493624469857971,False,False,False,False,False,False,False,False
402,0.25030450919645814,0.06511008999125253,False,False,False,False,False,False,False,False
403,0.2511212552548724,0.0647875470198434,False,False,False,False,False,False,False,False
404,0.2520020321540641,0.06455389406392491,False,False,False,False,False,False,False,False
405,0.25293437949396863,0.06424886519819763,False,False,False,False,False,False,False,False
406,0.253657318361589,0.06417728031100725,False,False,False,False,False,False,False,False
407,0.25381791419304384,0.06446062662363697,False,False,False,False,False,False,False,False
408,0.2539557203375482,0.06543385416589939,False,False,False,False,False,False,False,False
409,0.25433114511277916,0.06533418812075611,False,False,False,False,False,False,False,False
410,0.25431660631659075,0.06550365261506252,False,False,False,False,False,False,False,False
411,0.2530307201370422,0.06425181891413193,False,False,False,False,False,False,False,False
412,0.2526126764292286,0.06462546295469455,False,False,False,False,False,False,False,False
413,0.2503717005933995,0.0641894086766555,False,False,False,False,False,False,False,False
414,0.24957721175484152,0.061492914756644194,False,False,False,False,False,False,False,False
415,0.24939711473029388,0.060735807460177225,False,False,False,False,False,False,False,False
416,0.2491964407911919,0.061100722944150955,False,False,False,False,False,False,False,False
417,0.24895141864480536,0.06129674266461506,False,False,False,False,False,False,False,False
418,0.24904966248400526,0.06107225301828083,False,False,False,False,False,False,False,False
419,0.2486478145288864,0.06025688468819283,False,False,False,False,False,False,False,False
420,0.24767925902474977,0.062148810515561266,False,False,False,False,False,False,False,False
421,0.24670191367826236,0.06180488818295431,False,False,False,False,False,False,False,False
422,0.24596409891553453,0.062079005333277676,False,False,False,False,False,False,False,False
423,0.24537045434229854,0.06258875814895026,False,False,False,False,False,False,False,False
424,0.2460612097730693,0.06274745147266284,False,False,False,False,False,False,False,False
425,0.24763187731918096,0.0627088425107986,False,False,False,False,False,False,False,False
426,0.24977365336857055,0.06317790170697075,False,False,False,False,False,False,False,False
427,0.2521130309435288,0.0633969378289412,False,False,False,False,False,False,False,False
428,0.2537710295237996,0.06324457297714077,False,False,False,False,False,False,False,False
429,0.25496493890655164,0.06314270591622913,False,False,False,False,False,False,False,False
430,0.2561949224928413,0.0631935416173311,False,False,False,False,False,False,False,False
431,0.2566768134888906,0.06349161366278319,False,False,False,False,False,False,False,False
432,0.2569102665851943,0.06368020285031976,False,False,False,False,False,False,False,False
433,0.257009672059995,0.06360012404977014,False,False,False,False,False,False,False,False
434,0.2572150795451448,0.06367306738900405,False,False,False,False,False,False,False,False
435,0.2574341032521432,0.06355516298766095,False,False,False,False,False,False,False,False
436,0.2574545999077286,0.06366938694777598,False,False,False,False,False,False,False,False
437,0.2568519060677171,0.06380919110010426,False,False,False,False,False,False,False,False
438,0.25614976815617824,0.06471301006435695,False,False,False,False,False,False,False,False
439,0.2547617471526541,0.06439013534186347,False,False,False,False,False,False,False,False
440,0.2536660746791351,0.0634926409961771,False,False,False,False,False,False,False,False
441,0.25331613120719376,0.06153824385066183,False,False,False,False,False,False,False,False
442,0.25318096483026775,0.06300222890560987,False,False,False,False,False,False,False,False
443,0.2531641491464834,0.06305470958928387,False,False,False,False,False,False,False,False
444,0.2522251107980155,0.0631266941531045,False,False,False,False,False,False,False,False
445,0.2510682502783458,0.06469321884013735,False,False,False,False,False,False,False,False
446,0.2501531189164216,0.06379501092719786,False,False,False,False,False,False,False,False
447,0.24962287258190796,0.06431823590877521,False,False,False,False,False,False,False,False
448,0.24944166376667892,0.06383297405138322,False,False,False,False,False,False,False,False
449,0.249602090075487,0.06388037177198856,False,False,False,False,False,False,False,False
450,0.24981211838949913,0.06394842299807393,False,False,False,False,False,False,False,False
451,0.25001540785447884,0.064195804924184,False,False,False,False,False,False,False,False
452,0.25010850219939756,0.06434589722353365,False,False,False,False,False,False,False,False
453,0.2505243300426139,0.0649166034167932,False,False,False,False,False,False,False,False
454,0.25094743998972835,0.06492163164666752,False,False,False,False,False,False,False,False
455,0.25127950386318726,0.06488348700593832,False,False,False,False,False,False,False,False
456,0.2517586048687086,0.0648185862168676,False,False,False,False,False,False,False,False
457,0.25187196749991,0.06465819981014932,False,False,False,False,False,False,False,False
458,0.2517629503792972,0.06602509851629892,False,False,False,False,False,False,False,False
459,0.25166764681262965,0.06655738822987761,False,False,False,False,False,False,False,False
460,0.2512639254059382,0.06722330982855496,False,False,False,False,False,False,False,False
461,0.25176970741097965,0.06895944226364611,False,False,False,False,False,False,False,False
462,0.25177857696855366,0.06898380801662451,False,False,False,False,False,False,False,False
463,0.2518040970852085,0.06989279264927636,False,False,False,False,False,False,False,False
464,0.2519590649678086,0.06984750050080689,False,False,False,False,False,False,False,False
465,0.25200496090305335,0.07004927992530992,False,False,False,False,False,False,False,False
466,0.25199535001483314,0.07017094946037558,False,False,False,False,False,False,False,False
467,0.25146720546217166,0.07078353124658891,False,False,False,False,False,False,False,False
468,0.2507553925325427,0.0704605521471767,False,False,False,False,False,False,False,False
469,0.24991730197017764,0.07046838718674356,False,False,False,False,False,False,False,False
470,0.24902312097323898,0.07067380040138674,False,False,False,False,False,False,False,False
471,0.2480082167886239,0.07155575219297156,False,False,False,False,False,False,False,False
472,0.24756302880819067,0.07109565960236423,False,False,False,False,False,False,False,False
473,0.24800692789738038,0.07112915375483281,False,False,False,False,False,False,False,False
474,0.24839167356233274,0.07063523157741498,False,False,False,False,False,False,False,False
475,0.24861991005175726,0.07075897792913037,False,False,False,False,False,False,False,False
476,0.24878213114277298,0.07068546962692886,False,False,False,False,False,False,False,False
477,0.24894139907280216,0.07094395227355679,False,False,False,False,False,False,False,False
478,0.24935621764719337,0.07075259730196343,False,False,False,False,False,False,False,False
479,0.2497856016810355,0.07038466828786961,False,False,False,False,False,False,False,False
480,0.250243801543914,0.07025993693625117,False,False,False,False,False,False,False,False
481,0.2507588173396835,0.07007156734384372,False,False,False,False,False,False,False,False
482,0.25123643699173764,0.07101252348130575,False,False,False,False,False,False,False,False
483,0.2511277288295877,0.07174302898352074,False,False,False,False,False,False,False,False
484,0.2511146839197268,0.07155069555518787,False,False,False,False,False,False,False,False
485,0.2511618663957895,0.0716735436487192,False,False,False,False,False,False,False,False
486,0.25135116541368974,0.07312035792149427,False,False,False,False,False,False,False,False
487,0.25143441819540147,0.07294953162182657,False,False,False,False,False,False,False,False
488,0.2519185102482113,0.0731778395213402,False,False,False,False,False,False,False,False
489,0.25217814667467053,0.07289888045043703,False,False,False,False,False,False,False,False
490,0.25231755403718514,0.07281679650788234,False,False,False,False,False,False,False,False
491,0.2523645288052216,0.07320175487865381,False,False,False,False,False,False,False,False
492,0.2521408093284339,0.07309910557644739,False,False,False,False,False,False,False,False
493,0.2519145668255537,0.07306580207236413,False,False,False,False,False,False,False,False
494,0.2515437825609932,0.07271473803737528,False,False,False,False,False,False,False,False
495,0.2513060784987406,0.07245514048592676,False,False,False,False,False,False,False,False
496,0.2511790521263283,0.07286015889239336,False,False,False,False,False,False,False,False
497,0.2515294094646598,0.07275054850447636,False,False,False,False,False,False,False,False
498,0.2520154146948008,0.07261605262990957,False,False,False,False,False,False,False,False
499,0.25247281765803786,0.0726181053798854,False,False,False,False,False,False,False,False
500,0.25296572293464786,0.07288192260301017,False,False,False,False,False,False,False,False
501,0.25362418447836155,0.07310325593950398,False,False,False,False,False,False,False,False
502,0.25445834309121845,0.07304531368751069,False,False,False,False,False,False,False,False
503,0.25519491413567547,0.07268344326671282,False,False,False,False,False,False,False,False
504,0.25579809265127645,0.07267120635864369,False,False,False,False,False,False,False,False
505,0.25634386650098256,0.07249705404321326,False,False,False,False,False,False,False,False
506,0.25611203838530444,0.07269159138550785,False,False,False,False,False,False,False,False
507,0.2556454539806152,0.07329596110618462,False,False,False,False,False,False,False,False
508,0.2549288063815871,0.07329970195133921,False,False,False,False,False,False,False,False
509,0.25442900633020527,0.07313056511194878,False,False,False,False,False,False,False,False
510,0.2539924764600488,0.07392523666843724,False,False,False,False,False,False,False,False
511,0.2538656943982828,0.07569351848791976,False,False,False,False,False,False,False,False
512,0.2542134957610613,0.07461026149788283,False,False,False,False,False,False,False,False
513,0.25405550076551037,0.07507653677448527,False,False,False,False,False,False,False,False
514,0.2538102480171902,0.07562856709109449,False,False,False,False,False,False,False,False
515,0.2536552036563511,0.07576179448140041,False,False,False,False,False,False,False,False
516,0.25277972102155455,0.07558743112835702,False,False,False,False,False,False,False,False
517,0.2519001257739409,0.07564189063916826,False,False,False,False,False,False,False,False
518,0.2509024145801118,0.07589874385608346,False,False,False,False,False,False,False,False
519,0.25042086384438,0.07585267284379335,False,False,False,False,False,False,False,False
520,0.2502172763451883,0.07536483096130586,False,False,False,False,False,False,False,False
521,0.2504973674083226,0.07538839738554737,False,False,False,False,False,False,False,False
522,0.25109749574264806,0.07550804234876837,False,False,False,False,False,False,False,False
523,0.2519381199631572,0.07613173311324552,False,False,False,False,False,False,False,False
524,0.2525921198294572,0.07594726142257853,False,False,False,False,False,False,False,False
525,0.2532881350480095,0.07581753659370066,False,False,False,False,False,False,False,False
526,0.2543486363566493,0.0752540825549659,False,False,False,False,False,False,False,False
527,0.25549311426423527,0.07529071861746062,False,False,False,False,False,False,False,False
528,0.25653191526668573,0.07582019333737332,False,False,False,False,False,False,False,False
529,0.2573197144531266,0.07497734109957763,False,False,False,False,False,False,False,False
530,0.25727445408331034,0.07560314104152545,False,False,False,False,False,False,False,False
531,0.25697824140827086,0.07552368421797791,False,False,False,False,False,False,False,False
532,0.2566796854051264,0.07544213467682954,False,False,False,False,False,False,False,False
533,0.25696533964503576,0.07545627999122331,False,False,False,False,False,False,False,False
534,0.257165067843259,0.07531023314091759,False,False,False,False,False,False,False,False
535,0.2575693788857028,0.07523659921875189,False,False,False,False,False,False,False,False
536,0.2581945233587094,0.0740472358397346,False,False,False,False,False,False,False,False
537,0.2580917480262436,0.07466380546064062,False,False,False,False,False,False,False,False
538,0.2569728124410819,0.07482171946801604,False,False,False,False,False,False,False,False
539,0.25533831795368667,0.07489502205234021,False,False,False,False,False,False,False,False
540,0.2537984793372834,0.07442491191854347,False,False,False,False,False,False,False,False
541,0.25209717864073644,0.07385510510986343,False,False,False,False,False,False,False,False
542,0.25006770199787376,0.07465410868918268,False,False,False,False,False,False,False,False
543,0.24823292505668734,0.074560649082151,False,False,False,False,False,False,False,False
544,0.24693898757627947,0.0740749041528459,False,False,False,False,False,False,False,False
545,0.24643787301015194,0.07407598524360806,False,False,False,False,False,False,False,False
546,0.2464397113899665,0.07379042225833135,False,False,False,False,False,False,False,False
547,0.24650244993368584,0.07427727046952326,False,False,False,False,False,False,False,False
548,0.24644872063025583,0.07423408062672524,False,False,False,False,False,False,False,False
549,0.24643112347452245,0.07383029152792034,False,False,False,False,False,False,False,False
550,0.24684216589481972,0.0734884015833555,False,False,False,False,False,False,False,False
551,0.24739118092867177,0.0735586003325433,False,False,False,False,False,False,False,False
552,0.24801802617862562,0.07368722518366057,False,False,False,False,False,False,False,False
553,0.2482403166375529,0.07350762636193132,False,False,False,False,False,False,False,False
554,0.24842519775971525,0.07391247181085972,False,False,False,False,False,False,False,False
555,0.2485630364774284,0.07393912926979165,False,False,False,False,False,False,False,False
556,0.24868882557139743,0.07384534377157907,False,False,False,False,False,False,False,False
557,0.2487347758512779,0.07347034468353188,False,False,False,False,False,False,False,False
558,0.24878236371765908,0.0735700112831389,False,False,False,False,False,False,False,False
559,0.2490428508049503,0.07369772157697234,False,False,False,False,False,False,False,False
560,0.24922279964971134,0.07389578476335329,False,False,False,False,False,False,False,False
561,0.24964520614965938,0.0741981102672532,False,False,False,False,False,False,False,False
562,0.24926334061205865,0.07447678767274524,False,False,False,False,False,False,False,False
563,0.248902924684265,0.07481990940244584,False,False,False,False,False,False,False,False
564,0.24871304790010423,0.07508701720246795,False,False,False,False,False,False,False,False
565,0.24850434806559973,0.0750372225299863,False,False,False,False,False,False,False,False
566,0.24839834608665198,0.0748372778120867,False,False,False,False,False,False,False,False
567,0.24842498348630654,0.07467705240410176,False,False,False,False,False,False,False,False
568,0.2485956917154403,0.07436201764224196,False,False,False,False,False,False,False,False
569,0.24885783696879282,0.0746402239080772,False,False,False,False,False,False,False,False
570,0.24935154488477218,0.07462451565348158,False,False,False,False,False,False,False,False
571,0.24966671903478344,0.07484406530363297,False,False,False,False,False,False,False,False
572,0.2500438791373647,0.07463417804489907,False,False,False,False,False,False,False,False
573,0.2506988499470636,0.07443538749734045,False,False,False,False,False,False,False,False
574,0.25149044835911666,0.07456930989471289,False,False,False,False,False,False,False,False
575,0.2519715553431488,0.07464787959590777,False,False,False,False,False,False,False,False
576,0.2521371901040429,0.07410412067474181,False,False,False,False,False,False,False,False
577,0.2523618902611979,0.0740806474291671,False,False,False,False,False,False,False,False
578,0.2513839536783678,0.07379893870312666,False,False,False,False,False,False,False,False
579,0.25076745064202643,0.07595940211056391,False,False,False,False,False,False,False,False
580,0.2498111609969594,0.07602568229356314,False,False,False,False,False,False,False,False
581,0.24925630384279684,0.07571570894286805,False,False,False,False,False,False,False,False
582,0.24950846491891646,0.07543661697716432,False,False,False,False,False,False,False,False
583,0.24839984118074132,0.07421670550201111,False,False,False,False,False,False,False,False
584,0.24731270042656425,0.07521398591443329,False,False,False,False,False,False,False,False
585,0.24685155997438513,0.07593581030168414,False,False,False,False,False,False,False,False
586,0.24589757249249025,0.07499211053701382,False,False,False,False,False,False,False,False
587,0.24608994440897927,0.07479171269756339,False,False,False,False,False,False,False,False
588,0.2462198993899792,0.07350360401585362,False,False,False,False,False,False,False,False
589,0.24614926007869187,0.07329968700077691,False,False,False,False,False,False,False,False
590,0.24585064321587705,0.07301776939580439,False,False,False,False,False,False,False,False
591,0.24537357449739433,0.07257727098129273,False,False,False,False,False,False,False,False
592,0.24525775495393162,0.0724611435311378,False,False,False,False,False,False,False,False
593,0.24507685337199256,0.0714778666637591,False,False,False,False,False,False,False,False
594,0.24507977757520874,0.07083563677481791,False,False,False,False,False,False,False,False
595,0.2450953498751307,0.07078284604743959,False,False,False,False,False,False,False,False
596,0.24530763546438394,0.07100397359281885,False,False,False,False,False,False,False,False
597,0.2455363775147808,0.0717045668635889,False,False,False,False,False,False,False,False
598,0.24670869800075887,0.0700509011020243,False,False,False,False,False,False,False,False
599,0.24741143656741615,0.06978993735300078,False,False,False,False,False,False,False,False
600,0.2478299448743561,0.06952454021178989,False,False,False,False,False,False,False,False
601,0.24780396558572773,0.07030562300556926,False,False,False,False,False,False,False,False
602,0.24697064028437316,0.07022471131266654,False,False,False,False,False,False,False,False
603,0.2465947673719925,0.07118922173102836,False,False,False,False,False,False,False,False
604,0.2461145652043436,0.07193829463187873,False,False,False,False,False,False,False,False
605,0.24583666451296246,0.07069041285792796,False,False,False,False,False,False,False,False
606,0.24554611639941926,0.07210729495877646,False,False,False,False,False,False,False,False
607,0.245040851983881,0.07319563628943182,False,False,False,False,False,False,False,False
608,0.24548713897803323,0.07187365357650592,False,False,False,False,False,False,False,False
609,0.24576445085505355,0.07283636829220579,False,False,False,False,False,False,False,False
610,0.2459160439872916,0.07273271520344535,False,False,False,False,False,False,False,False
611,0.2461172901921484,0.07277926078318754,False,False,False,False,False,False,False,False
612,0.246274841200592,0.07203163745947008,False,False,False,False,False,False,False,False
613,0.24621928261141665,0.07180839903556258,False,False,False,False,False,False,False,False
614,0.24597410925473048,0.07179243806554439,False,False,False,False,False,False,False,False
615,0.24593705721393913,0.0715338749549357,False,False,False,False,False,False,False,False
616,0.24606684972490456,0.07126165971767615,False,False,False,False,False,False,False,False
617,0.246430557856762,0.072039461936337,False,False,False,False,False,False,False,False
618,0.24674947052451227,0.07184787350718838,False,False,False,False,False,False,False,False
619,0.2472154451444173,0.0718450658530424,False,False,False,False,False,False,False,False
620,0.2480081560785567,0.0721763148979004,False,False,False,False,False,False,False,False
621,0.24919393150165176,0.07231744963481065,False,False,False,False,False,False,False,False
622,0.25046662732375674,0.07211541317723662,False,False,False,False,False,False,False,False
623,0.2514300167807802,0.07198569309917917,False,False,False,False,False,False,False,False
624,0.25191242815732945,0.07210174400367504,False,False,False,False,False,False,False,False
625,0.2521281883378779,0.07165950408759325,False,False,False,False,False,False,False,False
626,0.25212096207828766,0.07272222054707496,False,False,False,False,False,False,False,False
627,0.2523640881892524,0.07251700057854972,False,False,False,False,False,False,False,False
628,0.2524340496430554,0.07261556509384626,False,False,False,False,False,False,False,False
629,0.2521496742377949,0.07274468468582922,False,False,False,False,False,False,False,False
630,0.2522294651009258,0.07275004617514401,False,False,False,False,False,False,False,False
631,0.2520084224094536,0.07248818596881684,False,False,False,False,False,False,False,False
632,0.2520221394389908,0.07281533154549641,False,False,False,False,False,False,False,False
633,0.2519358985196689,0.07277087264734805,False,False,False,False,False,False,False,False
634,0.2522660914357219,0.07319999871911093,False,False,False,False,False,False,False,False
635,0.2525743939454078,0.07297339011988867,False,False,False,False,False,False,False,False
636,0.25341011060338653,0.07278855845752348,False,False,False,False,False,False,False,False
637,0.2538288490378684,0.07266208117848674,False,False,False,False,False,False,False,False
638,0.2543238200851408,0.07275985528216833,False,False,False,False,False,False,False,False
639,0.2545761778410874,0.07252947637977243,False,False,False,False,False,False,False,False
640,0.25489697181798904,0.07235239775475748,False,False,False,False,False,False,False,False
641,0.25436832354492644,0.07232595546133017,False,False,False,False,False,False,False,False
642,0.2542313427890958,0.07258906848062192,False,False,False,False,False,False,False,False
643,0.25409701906163396,0.07222503386135933,False,False,False,False,False,False,False,False
644,0.25405308743976274,0.07234383890037643,False,False,False,False,False,False,False,False
645,0.2537985568705621,0.07220710114063689,False,False,False,False,False,False,False,False
646,0.25343401098092455,0.07213188583131712,False,False,False,False,False,False,False,False
647,0.2531595181091343,0.07229689426096837,False,False,False,False,False,False,False,False
648,0.25301861959549243,0.0721214212990831,False,False,False,False,False,False,False,False
649,0.2521849775908393,0.07149563490731715,False,False,False,False,False,False,False,False
650,0.2504460300818937,0.07219454049108893,False,False,False,False,False,False,False,False
651,0.2501810212592179,0.0736718508887767,False,False,False,False,False,False,False,False
652,0.2497357627278027,0.07383196941556043,False,False,False,False,False,False,False,False
653,0.24990879336962307,0.07351244380845132,False,False,False,False,False,False,False,False
654,0.25078419870043994,0.0738127547803843,False,False,False,False,False,False,False,False
655,0.2514923490824487,0.07535633403950637,False,False,False,False,False,False,False,False
656,0.25193593084605137,0.07375742671527637,False,False,False,False,False,False,False,False
657,0.2526364382948406,0.07433964333843528,False,False,False,False,False,False,False,False
658,0.2528823597872814,0.07493007557254291,False,False,False,False,False,False,False,False
659,0.25313813329350976,0.07477558776769554,False,False,False,False,False,False,False,False
660,0.25355039120721445,0.07874381335885965,False,False,False,False,False,False,False,False
661,0.2537783719965515,0.07973694563786533,False,False,False,False,False,False,False,False
662,0.25379407161949413,0.07997484938068478,False,False,False,False,False,False,False,False
663,0.25373866337071704,0.08027152487628172,False,True,False,False,False,False,False,False
664,0.253912673407688,0.07995371860106723,False,False,False,False,False,False,False,False
665,0.25336705008314064,0.07840293613135021,False,False,False,False,False,False,False,False
666,0.25360385511236233,0.07920877181777611,False,False,False,False,False,False,False,False
667,0.2539116385741951,0.07895049383086328,False,False,False,False,False,False,False,False
668,0.2545473128400498,0.07846517021038094,False,False,False,False,False,False,False,False
669,0.2553826221993545,0.07848365840373214,False,False,False,False,False,False,False,False
670,0.2564613309739119,0.07850384717947158,False,False,False,False,False,False,False,False
671,0.2575212006455356,0.0780997328397473,False,False,False,False,False,False,False,False
672,0.2583844213747589,0.07849694230739303,False,False,False,False,False,False,False,False
673,0.25914202636408323,0.07742123574733974,False,False,False,False,False,False,False,False
674,0.25886421447837293,0.07848514393573813,False,False,False,False,False,False,False,False
675,0.25790477439574794,0.0796662209605625,False,False,False,False,False,False,False,False
676,0.25694789073084146,0.07923268523553306,False,False,False,False,False,False,False,False
677,0.2555878678813456,0.08001738838911707,False,False,False,False,False,False,False,False
678,0.25473413705060466,0.08042464570410207,False,True,False,False,False,False,False,False
679,0.2538826229544016,0.08083999406699022,False,True,False,False,False,False,False,False
680,0.25341618692566065,0.0794977089698571,False,False,False,False,False,False,False,False
681,0.25308495112387164,0.07918349681857362,False,False,False,False,False,False,False,False
682,0.253429477350389,0.07954705692384156,False,False,False,False,False,False,False,False
683,0.25329927337546365,0.07887024833737932,False,False,False,False,False,False,False,False
684,0.25339226289727984,0.07780290964372409,False,False,False,False,False,False,False,False
685,0.25320686767795725,0.07794964113490246,False,False,False,False,False,False,False,False
686,0.2530424429789268,0.07777042637296601,False,False,False,False,False,False,False,False
687,0.25273336426499105,0.0778315123179139,False,False,False,False,False,False,False,False
688,0.2528251865827399,0.07724190399318771,False,False,False,False,False,False,False,False
689,0.2536684256998479,0.07751835913218759,False,False,False,False,False,False,False,False
690,0.25468848589711846,0.07799604997578269,False,False,False,False,False,False,False,False
691,0.2551961253078764,0.07786240848164432,False,False,False,False,False,False,False,False
692,0.25599518093096507,0.07783375666720008,False,False,False,False,False,False,False,False
693,0.2570144149755587,0.07765460296750407,False,False,False,False,False,False,False,False
694,0.25789591789972105,0.07756643690621948,False,False,False,False,False,False,False,False
695,0.2588466851071847,0.07760109123558079,False,False,False,False,False,False,False,False
696,0.2598028152209679,0.07739862216035812,False,False,False,False,False,False,False,False
697,0.26040127183091244,0.07726263551532933,False,False,False,False,False,False,False,False
698,0.26036878462894825,0.07739756921687445,False,False,False,False,False,False,False,False
699,0.26020761080807897,0.0774468731751315,False,False,False,False,False,False,False,False
700,0.2602011497962214,0.07771018038542057,False,False,False,False,False,False,False,False
701,0.25955158992827393,0.07726298199593858,False,False,False,False,False,False,False,False
702,0.2591189184308888,0.07748603760001142,False,False,False,False,False,False,False,False
703,0.25870153165568804,0.07769626868187736,False,False,False,False,False,False,False,False
704,0.25817878272543343,0.0768786827373064,False,False,False,False,False,False,False,False
705,0.257848565153994,0.07724590617356818,False,False,False,False,False,False,False,False
706,0.25776759564036994,0.07680761010285693,False,False,False,False,False,False,False,False
707,0.25812979426875365,0.07736395291858174,False,False,False,False,False,False,False,False
708,0.2575418842568102,0.07762715594378392,False,False,False,False,False,False,False,False
709,0.2565916068395999,0.07898425868658841,False,False,False,False,False,False,False,False
710,0.2555692819423101,0.07851943501742799,False,False,False,False,False,False,False,False
711,0.2547395632918247,0.07865083770372366,False,False,False,False,False,False,False,False
712,0.25408523573074776,0.07873547436696242,False,False,False,False,False,False,False,False
713,0.25403186571496267,0.07919097090592098,False,False,False,False,False,False,False,False
714,0.2549395965253013,0.07830886671739165,False,False,False,False,False,False,False,False
715,0.2556587583326208,0.07814560035052075,False,False,False,False,False,False,False,False
716,0.2563445814506385,0.07795649483816988,False,False,False,False,False,False,False,False
717,0.2576071761972248,0.07816885372840149,False,False,False,False,False,False,False,False
718,0.2590741096187587,0.07834780019119013,False,False,False,False,False,False,False,False
719,0.2601525355915178,0.07827874029109798,False,False,False,False,False,False,False,False
720,0.26114475362692186,0.07841953151705647,False,False,False,False,False,False,False,False
721,0.2618109249485235,0.07803594186614078,False,False,False,False,False,False,False,False
722,0.2621898592458688,0.07813395073347255,False,False,False,False,False,False,False,False
723,0.26231574901004556,0.07790593585994163,False,False,False,False,False,False,False,False
724,0.2624843387487244,0.0780055155453991,False,False,False,False,False,False,False,False
725,0.2625243811887882,0.07763344114188933,False,False,False,False,False,False,False,False
726,0.2625499679660151,0.0779365575128646,False,False,False,False,False,False,False,False
727,0.26254942594488156,0.07849657051628565,False,False,False,False,False,False,False,False
728,0.2622930012664755,0.07734352237654285,False,False,False,False,False,False,False,False
729,0.26226513402241247,0.07738579407477124,False,False,False,False,False,False,False,False
730,0.2619255404574874,0.07764608772353572,False,False,False,False,False,False,False,False
731,0.2620082087124181,0.07662078668134108,False,False,False,False,False,False,False,False
732,0.26217251665589736,0.07556012635186192,False,False,False,False,False,False,False,False
733,0.261518310229975,0.07608295281088562,False,False,False,False,False,False,False,False
734,0.2606147568763901,0.07650455380337773,False,False,False,False,False,False,False,False
735,0.2595947888129418,0.07609877082930934,False,False,False,False,False,False,False,False
736,0.2594460137864152,0.07584197760029758,False,False,False,False,False,False,False,False
737,0.2596982220433615,0.07557730636660097,False,False,False,False,False,False,False,False
738,0.26008561697165855,0.07554468120448081,False,False,False,False,False,False,False,False
739,0.26045388703979444,0.0755212987165822,False,False,False,False,False,False,False,False
740,0.2609179051373314,0.0749114582828447,False,False,False,False,False,False,False,False
741,0.2615609933722366,0.07449301242224793,False,False,False,False,False,False,False,False
742,0.26264679796860224,0.07496939479587317,False,False,False,False,False,False,False,False
743,0.26310469119006535,0.0749355951021973,False,False,False,False,False,False,False,False
744,0.2633091927802847,0.0747168066229749,False,False,False,False,False,False,False,False
745,0.26324349235940425,0.07526805792913763,False,False,False,False,False,False,False,False
746,0.26304843245140275,0.07539536533405058,False,False,False,False,False,False,False,False
747,0.26294587388573487,0.07523221477243672,False,False,False,False,False,False,False,False
748,0.26274485428991107,0.07523949166289604,False,False,False,False,False,False,False,False
749,0.2625665903074171,0.07497901450551314,False,False,False,False,False,False,False,False
750,0.26225019566767077,0.07483573319233486,False,False,False,False,False,False,False,False
751,0.26212388056247254,0.07479452896453583,False,False,False,False,False,False,False,False
752,0.2620948589417115,0.07369054220812996,False,False,False,False,False,False,False,False
753,0.26253894165171754,0.0737807249914016,False,False,False,False,False,False,False,False
754,0.2620195975513119,0.07404457935892704,False,False,False,False,False,False,False,False
755,0.26182283350826635,0.07377294957872647,False,False,False,False,False,False,False,False
756,0.26150556436917977,0.07337211107677001,False,False,False,False,False,False,False,False
757,0.2604546681130183,0.07360660252765358,False,False,False,False,False,False,False,False
758,0.25863463512774637,0.0733107699357493,False,False,False,False,False,False,False,False
759,0.2570677807431128,0.07305324878485626,False,False,False,False,False,False,False,False
760,0.2567912229471866,0.07273432470568951,False,False,False,False,False,False,False,False
761,0.2572746421348613,0.07262339423706232,False,False,False,False,False,False,False,False
762,0.25761579851636796,0.07279757728635361,False,False,False,False,False,False,False,False
763,0.257922859252576,0.0729474272618026,False,False,False,False,False,False,False,False
764,0.2581253186641533,0.0729686807251744,False,False,False,False,False,False,False,False
765,0.25842144757767527,0.072777571054641,False,False,False,False,False,False,False,False
766,0.2590834895590039,0.07319220480525843,False,False,False,False,False,False,False,False
767,0.2595419585311829,0.07340874584600074,False,False,False,False,False,False,False,False
768,0.26020492499156916,0.07302178101176546,False,False,False,False,False,False,False,False
769,0.2604921635039832,0.0726783678802572,False,False,False,False,False,False,False,False
770,0.26050333671266906,0.0732812229495311,False,False,False,False,False,False,False,False
771,0.26059521679710523,0.07253197557659685,False,False,False,False,False,False,False,False
772,0.2606271738084835,0.07257827197258696,False,False,False,False,False,False,False,False
773,0.26067561326696936,0.07164950019552063,False,False,False,False,False,False,False,False
774,0.260878555501063,0.07054906838061291,False,False,False,False,False,False,False,False
775,0.26091656290088155,0.06974621788676105,False,False,False,False,False,False,False,False
776,0.2612006773385523,0.06928804257239188,False,False,False,False,False,False,False,False
777,0.2614214518869213,0.07022203094769158,False,False,False,False,False,False,False,False
778,0.2607061482724493,0.07038366294472705,False,False,False,False,False,False,False,False
779,0.26024767793644527,0.07023421489464418,False,False,False,False,False,False,False,False
780,0.25939154568413436,0.06997094592084947,False,False,False,False,False,False,False,False
781,0.25803629118188215,0.06995614818777611,False,False,False,False,False,False,False,False
782,0.2567232703479981,0.07074034720001243,False,False,False,False,False,False,False,False
783,0.25575400167866535,0.0702968497624313,False,False,False,False,False,False,False,False
784,0.25547339154974963,0.06988611903106891,False,False,False,False,False,False,False,False
785,0.25538874745984874,0.06944820280545949,False,False,False,False,False,False,False,False
786,0.2560094332847357,0.0691850501400106,False,False,False,False,False,False,False,False
787,0.25650767854884293,0.06929327630509993,False,False,False,False,False,False,False,False
788,0.2565634093929358,0.06947253717450433,False,False,False,False,False,False,False,False
789,0.25661422590955113,0.07006197750863376,False,False,False,False,False,False,False,False
790,0.2573430812817147,0.07045943405524015,False,False,False,False,False,False,False,False
791,0.25816077177747687,0.07035162866255457,False,False,False,False,False,False,False,False
792,0.25882502164246957,0.07052294957529257,False,False,False,False,False,False,False,False
793,0.25925625792828116,0.07115029126360735,False,False,False,False,False,False,False,False
794,0.2591028486097236,0.07234477531279329,False,False,False,False,False,False,False,False
795,0.25895957623002397,0.07385742786122787,False,False,False,False,False,False,False,False
796,0.25914038533849826,0.07354893704066415,False,False,False,False,False,False,False,False
797,0.2590757430568705,0.07365106716940473,False,False,False,False,False,False,False,False
798,0.25871838240556766,0.07415565965315736,False,False,False,False,False,False,False,False
799,0.2580190077453343,0.07356404959108186,False,False,False,False,False,False,False,False
800,0.25780892386420573,0.07298726507499868,False,False,False,False,False,False,False,False
801,0.25836530554130227,0.07494192679773158,False,False,False,False,False,False,False,False
802,0.25726085778739527,0.07543215355853938,False,False,False,False,False,False,False,False
803,0.2570073600357506,0.07598854566154876,False,False,False,False,False,False,False,False
804,0.25641385472284334,0.07557276936851147,False,False,False,False,False,False,False,False
805,0.2550257350247237,0.07632436590279237,False,False,False,False,False,False,False,False
806,0.2536508287745705,0.07609323617315608,False,False,False,False,False,False,False,False
807,0.2516497693248626,0.07571295558011779,False,False,False,False,False,False,False,False
808,0.25076854338853105,0.07380368077316272,False,False,False,False,False,False,False,False
809,0.25099439898899306,0.07345991048792756,False,False,False,False,False,False,False,False
810,0.2513686711937476,0.07407162714700129,False,False,False,False,False,False,False,False
811,0.25163132784515263,0.07410609699077034,False,False,False,False,False,False,False,False
812,0.2518444949225727,0.07397807901320037,False,False,False,False,False,False,False,False
813,0.2520399618770266,0.07348206921582603,False,False,False,False,False,False,False,False
814,0.2528399111048983,0.07373696286087676,False,False,False,False,False,False,False,False
815,0.2529890082638757,0.07357919373785153,False,False,False,False,False,False,False,False
816,0.2531978266628906,0.07378396957044141,False,False,False,False,False,False,False,False
817,0.2535254230190729,0.07339601816343176,False,False,False,False,False,False,False,False
818,0.25307178377654893,0.07456396493233086,False,False,False,False,False,False,False,False
819,0.2527450818703676,0.07455503363290945,False,False,False,False,False,False,False,False
820,0.2519161118923751,0.07459774326079163,False,False,False,False,False,False,False,False
821,0.2506167929235322,0.07648720556205875,False,False,False,False,False,False,False,False
822,0.2502375862591775,0.07684965974231546,False,False,False,False,False,False,False,False
823,0.25073417867326847,0.07674569494144627,False,False,False,False,False,False,False,False
824,0.25157059886936217,0.07475085141835532,False,False,False,False,False,False,False,False
825,0.25203220279730615,0.07607709272322298,False,False,False,False,False,False,False,False
826,0.25157892518503683,0.07670921266335724,False,False,False,False,False,False,False,False
827,0.25108266692191417,0.07825260415805628,False,False,False,False,False,False,False,False
828,0.2525519772036609,0.07858732181087925,False,False,False,False,False,False,False,False
829,0.2537344698959366,0.07835889515569841,False,False,False,False,False,False,False,False
830,0.2522967122360448,0.07859087986955844,False,False,False,False,False,False,False,False
831,0.2509007522197552,0.07793282620225435,False,False,False,False,False,False,False,False
832,0.25031617142374013,0.07821854575835839,False,False,False,False,False,False,False,False
833,0.2503893134417964,0.07837862712288038,False,False,False,False,False,False,False,False
834,0.25042966563026126,0.07818061410954076,False,False,False,False,False,False,False,False
835,0.25039767411154784,0.07844751696171702,False,False,False,False,False,False,False,False
836,0.2503293263915895,0.07843923848768428,False,False,False,False,False,False,False,False
837,0.2504412692706768,0.07848519763040612,False,False,False,False,False,False,False,False
838,0.2508430492608388,0.07856652310720849,False,False,False,False,False,False,False,False
839,0.25164113577206787,0.0790411949412292,False,False,False,False,False,False,False,False
840,0.2525615242532028,0.0786231284400557,False,False,False,False,False,False,False,False
841,0.25318173423029616,0.07914812933768134,False,False,False,False,False,False,False,False
842,0.2530601736802276,0.08006904425055017,False,False,False,False,False,False,False,False
843,0.25349257357195354,0.0794190213161872,False,False,False,False,False,False,False,False
844,0.25328295446798504,0.07889886916204858,False,False,False,False,False,False,False,False
845,0.25290544214138755,0.07980162879294357,False,False,False,False,False,False,False,False
846,0.2536483098644888,0.08050682138995877,False,True,False,False,False,False,False,False
847,0.2551221297461379,0.08022726787035947,False,True,False,False,False,False,False,False
848,0.2564868687320105,0.08055695509548963,False,True,False,False,False,False,False,False
849,0.25690245147085095,0.08121623347470194,False,True,False,True,False,False,False,False
850,0.2567947765755984,0.08158405217490992,False,True,False,True,False,False,False,False
851,0.2564331551318092,0.08145350059461809,False,True,False,True,False,False,False,False
852,0.2559310115092653,0.08155923223820527,False,True,False,True,False,False,False,False
853,0.2552584873439047,0.08150564271513325,False,True,False,True,False,False,False,False
854,0.2548325783641327,0.08097193421484673,False,True,False,False,False,False,False,False
855,0.25307776641080093,0.0811594233639997,False,True,False,True,False,False,False,False
856,0.2522748621546859,0.081016808372468,False,True,False,True,False,False,False,False
857,0.2515266033301532,0.08174292420566072,False,True,False,True,False,False,False,False
858,0.2512779336199897,0.08144453896594782,False,True,False,True,False,False,False,False
859,0.25105752334277215,0.08140563642053816,False,True,False,True,False,False,False,False
860,0.2507033764304558,0.08141739231311924,False,True,False,True,False,False,False,False
861,0.25058031927472646,0.08144878950695171,False,True,False,True,False,False,False,False
862,0.2507987040200594,0.08176732691257832,False,True,False,True,False,False,False,False
863,0.2515431917812433,0.08179079959970414,False,True,False,True,False,False,False,False
864,0.2521940788136104,0.08184057201391681,False,True,False,True,False,False,False,False
865,0.2521892241624468,0.08121143637650337,False,True,False,True,False,False,False,False
866,0.2525114914317785,0.08141171172520759,False,True,False,True,False,False,False,False
867,0.2529962854022394,0.08148479387241883,False,True,False,True,False,False,False,False
868,0.2527988582602554,0.08144506760356107,False,True,False,True,False,False,False,False
869,0.25226419479959217,0.08126700869686417,False,True,False,True,False,False,False,False
870,0.2515305629350787,0.08190469576157916,False,True,False,True,False,False,False,False
871,0.25110381351389344,0.08272219791807006,False,True,False,True,False,True,False,False
872,0.2518789504155692,0.0829456034576572,False,True,False,True,False,True,False,False
873,0.25257852668735625,0.08383738737688284,False,True,False,True,False,True,False,False
874,0.25318106054985073,0.08513612350264077,False,True,False,True,False,True,False,False
875,0.2533962176905381,0.08527704556280336,False,True,False,True,False,True,False,False
876,0.25344236595026404,0.08517191483251325,False,True,False,True,False,True,False,False
877,0.25310317986482,0.08576463612580998,False,True,False,True,False,True,False,True
878,0.253101684295398,0.08588991318058344,False,True,False,True,False,True,False,True
879,0.25314069297637976,0.08601435653384498,False,True,False,True,False,True,False,True
880,0.25312494442405237,0.08566514765290727,False,True,False,True,False,True,False,True
881,0.2530789985445412,0.08558406243470691,False,True,False,True,False,True,False,False
882,0.25304841740766365,0.08568088084325337,False,True,False,True,False,True,False,True
883,0.25312005135439913,0.08561694060597866,False,True,False,True,False,True,False,False
884,0.25318687406988094,0.08545103155675533,False,True,False,True,False,True,False,False
885,0.25348668669236346,0.08530705694074343,False,True,False,True,False,True,False,False
886,0.2542052396464613,0.08589703195732581,False,True,False,True,False,True,False,True
887,0.2542577404784225,0.08599071404009648,False,True,False,True,False,True,False,True
888,0.2540727826621813,0.08617774927877053,False,True,False,True,False,True,False,True
889,0.25367324391422735,0.08608342976660381,False,True,False,True,False,True,False,True
890,0.25338365013783326,0.08688357814961213,False,True,False,True,False,True,False,True
891,0.2532455432782804,0.08750721025011654,False,True,False,True,False,True,False,True
892,0.2526193143152892,0.08720865143893934,False,True,False,True,False,True,False,True
893,0.25182509417886373,0.08752556792657491,False,True,False,True,False,True,False,True
894,0.252215543919912,0.08858211666235405,False,True,False,True,False,True,False,True
895,0.25350850310820094,0.08886127257603302,False,True,False,True,False,True,False,True
896,0.2551260618762334,0.08864533223545557,False,True,False,True,False,True,False,True
897,0.25598391177386004,0.09000110748700078,False,True,False,True,False,True,False,True
898,0.2561709775250534,0.09094807369449909,False,True,False,True,False,True,False,True
899,0.2561366774328943,0.09097584801974602,False,True,False,True,False,True,False,True
900,0.2565676948431436,0.09050404415224397,False,True,False,True,False,True,False,True
901,0.25694800972053317,0.09061663391094849,False,True,False,True,False,True,False,True
902,0.2572398688552229,0.09083497453733853,False,True,False,True,False,True,False,True
903,0.2573120900823607,0.09115297077435243,False,True,False,True,False,True,False,True
904,0.25749464207860195,0.09088568792420999,False,True,False,True,False,True,False,True
905,0.2576476073088259,0.09133762185134912,False,True,False,True,False,True,False,True
906,0.2576247555880034,0.09132673167140351,False,True,False,True,False,True,False,True
907,0.2576413034557277,0.09144914566923218,False,True,False,True,False,True,False,True
908,0.25778647213273836,0.09156439374414826,False,True,False,True,False,True,False,True
909,0.258030082583837,0.09145203736646851,False,True,False,True,False,True,False,True
910,0.2581577098736104,0.09212670308974831,False,True,False,True,False,True,False,True
911,0.2581626658219939,0.09215467891457815,False,True,False,True,False,True,False,True
912,0.25783505465246165,0.09192436481179414,False,True,False,True,False,True,False,True
913,0.25749346499003894,0.09231248663014438,False,True,False,True,False,True,False,True
914,0.25713543607632383,0.09203265059103759,False,True,False,True,False,True,False,True
915,0.25793545557233194,0.09199661671912147,False,True,False,True,False,True,False,True
916,0.25920474930759657,0.09209031643605241,False,True,False,True,False,True,False,True
917,0.2609023383752444,0.09219223742821876,False,True,False,True,False,True,False,True
918,0.2623581368011597,0.09227761752328263,False,True,False,True,False,True,False,True
919,0.26433107546771667,0.09245327271259879,False,True,False,True,False,True,False,True
920,0.26649693964272414,0.0921904078890324,False,True,False,True,False,True,False,True
921,0.2679488260670074,0.09508363137803365,False,True,False,True,False,True,False,True
922,0.269407573159855,0.0958825949459522,False,True,False,True,False,True,False,True
923,0.2695983285876333,0.09708688220784299,False,True,False,True,False,True,False,True
924,0.27054763557225,0.09959487829019713,False,True,False,True,False,True,False,True
925,0.2708144835318813,0.09991264636804298,False,True,False,True,False,True,False,True
926,0.2710095488129168,0.10006314183771907,False,True,False,True,False,True,False,True
927,0.27138160852619714,0.0996762027082479,False,True,False,True,False,True,False,True
928,0.2718305495448568,0.0995942942650609,False,True,False,True,False,True,False,True
929,0.27182939029083136,0.09982590539899198,False,True,False,True,False,True,False,True
930,0.27201014342246604,0.0995975829004863,False,True,False,True,False,True,False,True
931,0.2723444265787129,0.09964179400888434,False,True,False,True,False,True,False,True
932,0.27267435352373603,0.09944302340606108,False,True,False,True,False,True,False,True
933,0.2732578661363726,0.09872398489892145,False,True,False,True,False,True,False,True
934,0.2738120195883385,0.09990807889428345,False,True,False,True,False,True,False,True
935,0.27356234067108715,0.09971752330884145,False,True,False,True,False,True,False,True
936,0.2729252664672287,0.09961163653864108,False,True,False,True,False,True,False,True
937,0.2721165211467485,0.09944331818670436,False,True,False,True,False,True,False,True
938,0.2711848460768531,0.09922758572954272,False,True,False,True,False,True,False,True
939,0.2703965667304532,0.10000929103678362,False,True,False,True,False,True,False,True
940,0.2702896443362097,0.09994290050994004,False,True,False,True,False,True,False,True
941,0.27043517247916504,0.0999740315315939,False,True,False,True,False,True,False,True
942,0.2709666657760035,0.1003595560630053,False,True,False,True,False,True,False,True
943,0.2714310621441329,0.10041643677415973,False,True,False,True,False,True,False,True
944,0.27182311127840414,0.10016625078215283,False,True,False,True,False,True,False,True
945,0.27216020634699367,0.10064222095200363,False,True,False,True,False,True,False,True
946,0.2719935335460728,0.10055675258044709,False,True,False,True,False,True,False,True
947,0.2718605910895327,0.10024339859406356,False,True,False,True,False,True,False,True
948,0.27218929197138086,0.09963207466389071,False,True,False,True,False,True,False,True
949,0.2726199651730886,0.09993519287958791,False,True,False,True,False,True,False,True
950,0.274080485487828,0.10007748437318954,False,True,False,True,False,True,False,True
951,0.2755543979131742,0.09931918620356373,False,True,False,True,False,True,False,True
952,0.27614146508100024,0.09886159428629027,False,True,False,True,False,True,False,True
953,0.2765548395026342,0.09963076781564044,False,True,False,True,False,True,False,True
954,0.27687182612338046,0.09968903004864585,False,True,False,True,False,True,False,True
955,0.27721146183414463,0.09944959482952452,False,True,False,True,False,True,False,True
956,0.2773290002690287,0.10016004371506015,False,True,False,True,False,True,False,True
957,0.27766568411608256,0.09997532468719347,False,True,False,True,False,True,False,True
958,0.2779194007363679,0.10000431164430972,False,True,False,True,False,True,True,True
959,0.27801322064123274,0.1000098653432642,False,True,False,True,False,True,True,True
960,0.27831191892153506,0.10010710227532374,False,True,False,True,False,True,True,True
961,0.27868853014603656,0.09988205548097213,False,True,False,True,False,True,True,True
962,0.2789841616350238,0.10056119416193281,False,True,False,True,False,True,True,True
963,0.27901394601569035,0.10110164549683211,False,True,False,True,False,True,True,True
964,0.27875403526409026,0.1005388879561897,False,True,False,True,False,True,True,True
965,0.27865307629061065,0.10117406597803888,False,True,False,True,False,True,True,True
966,0.27873861581488935,0.10146786990965503,False,True,False,True,False,True,True,True
967,0.2787724442375787,0.10187316175054702,False,True,False,True,False,True,True,True
968,0.27911076674480184,0.1008638235600973,False,True,False,True,False,True,True,True
969,0.27941343696978926,0.10157113028008977,False,True,False,True,False,True,True,True
970,0.27913917589617077,0.10183750529658157,False,True,False,True,False,True,True,True
971,0.2787299071898004,0.09933544539364454,False,True,False,True,False,True,True,True
972,0.27790880523062994,0.1009265510872963,False,True,False,True,False,True,True,True
973,0.2768659225687217,0.10103864607132651,False,True,False,True,False,True,False,True
974,0.27682281286489147,0.10119346509975584,False,True,False,True,False,True,False,True
975,0.2762775986028415,0.10262901150567047,False,True,False,True,False,True,False,True
976,0.2760721582128681,0.1016788703315918,False,True,False,True,False,True,False,True
977,0.2765342785039937,0.10049353315992543,False,True,False,True,False,True,False,True
978,0.2781733694782567,0.09968330201069497,False,True,False,True,False,True,True,True
979,0.2799563289389245,0.09957502314943956,False,True,False,True,False,True,True,True
980,0.2811391615683762,0.09966064058163368,False,True,False,True,False,True,True,True
981,0.28156767182115444,0.09902762855569122,False,True,False,True,True,True,True,True
982,0.28242476785203885,0.09866993174878508,False,True,False,True,True,True,True,True
983,0.2837989549289051,0.09836163275039066,True,True,True,True,True,True,True,True
984,0.28515214281969153,0.09873985990229951,True,True,True,True,True,True,True,True
985,0.28497800760484915,0.09744626385325657,True,True,True,True,True,True,True,True
986,0.28473760123233843,0.09721558330070927,True,True,True,True,True,True,True,True
987,0.2857043269643106,0.09701741158125261,True,True,True,True,True,True,True,True
988,0.28635757609936596,0.09701198033555809,True,True,True,True,True,True,True,True
989,0.2870754026750782,0.09687003274778853,True,True,True,True,True,True,True,True
990,0.2879861867017757,0.09696172793859321,True,True,True,True,True,True,True,True
991,0.28898997297196644,0.09763250756273824,True,True,True,True,True,True,True,True
992,0.289939675410029,0.09767454652038293,True,True,True,True,True,True,True,True
993,0.2903378457744476,0.09844034628473305,True,True,True,True,True,True,True,True
994,0.29046711560390204,0.09942913395031147,True,True,True,True,True,True,True,True
995,0.29022005142577834,0.09969835769984221,True,True,True,True,True,True,True,True
996,0.28993708870886375,0.09916001343879403,True,True,True,True,True,True,True,True
997,0.2889280996195791,0.09918426234768704,True,True,True,True,True,True,True,True
998,0.2885303508725363,0.09919141432962068,True,True,True,True,True,True,True,True
999,0.28797754279430193,0.09912274225047653,True,True,True,True,True,True,True,True
1000,0.2878262047913484,0.09853147361573883,True,True,True,True,True,True,True,True
1001,0.28772635037490585,0.09804568511305704,True,True,True,True,True,True,True,True
1002,0.2874638896580378,0.09847963458848842,True,True,True,True,True,True,True,True
1003,0.2872674155475033,0.09853680413520963,True,True,True,True,True,True,True,True
1004,0.2871931095668063,0.09914787418591868,True,True,True,True,True,True,True,True
1005,0.28715941449250615,0.09941790100368905,True,True,True,True,True,True,True,True
1006,0.2870490788037029,0.0992066496577191,True,True,True,True,True,True,True,True
1007,0.2873899807413472,0.09957386541962447,True,True,True,True,True,True,True,True
1008,0.287589875167937,0.09945356310347611,True,True,True,True,True,True,True,True
1009,0.287537445749895,0.09998948547081814,True,True,True,True,True,True,True,True
1010,0.2872894585733379,0.1006919432002412,True,True,True,True,True,True,True,True
1011,0.28727080136117017,0.10135750214998485,True,True,True,True,True,True,True,True
1012,0.2871469820705065,0.10140753618527333,True,True,True,True,True,True,True,True
1013,0.2863242262226797,0.10181926407151683,True,True,True,True,True,True,True,True
1014,0.28674573226418215,0.10229049809251212,True,True,True,True,True,True,True,True
1015,0.28706455808772047,0.10260841323197971,True,True,True,True,True,True,True,True
1016,0.2874119834441395,0.10296817626775022,True,True,True,True,True,True,True,True
1017,0.28779973111446466,0.10254165630091143,True,True,True,True,True,True,True,True
1018,0.2878479190203186,0.10287300253556102,True,True,True,True,True,True,True,True
1019,0.28774269555025445,0.10244704062368275,True,True,True,True,True,True,True,True
1020,0.28780180501530905,0.10244245302606496,True,True,True,True,True,True,True,True
1021,0.287524885503513,0.10241730546165684,True,True,True,True,True,True,True,True
1022,0.28731774196471993,0.10183845170793594,True,True,True,True,True,True,True,True
1023,0.2868167525196122,0.1021997086256,True,True,True,True,True,True,True,True
1024,0.2863544573854905,0.10114868507831545,True,True,True,True,True,True,True,True
1025,0.2858031723364417,0.10054725252535036,True,True,True,True,True,True,True,True
1026,0.28662413644030177,0.10134544719259135,True,True,True,True,True,True,True,True
1027,0.287238776250627,0.10171196383079513,True,True,True,True,True,True,True,True
1028,0.2883896234386104,0.10143868188814013,True,True,True,True,True,True,True,True
1029,0.28950868682580744,0.10147283780030955,True,True,True,True,True,True,True,True
1030,0.2905513330708669,0.10167307957728257,True,True,True,True,True,True,True,True
1031,0.29236277851163406,0.10199378430945386,True,True,True,True,True,True,True,True
1032,0.29389125955474643,0.10208257755146193,True,True,True,True,True,True,True,True
1033,0.2952547135144624,0.10206987203453328,True,True,True,True,True,True,True,True
1034,0.2959109387148983,0.10306905804281645,True,True,True,True,True,True,True,True
1035,0.2963386130038008,0.103834682665063,True,True,True,True,True,True,True,True
1036,0.2962978413423792,0.10340406330986142,True,True,True,True,True,True,True,True
1037,0.29538421144397353,0.10202796663448169,True,True,True,True,True,True,True,True
1038,0.2953381960461243,0.10252660713199808,True,True,True,True,True,True,True,True
1039,0.2949341877660062,0.10239612090974734,True,True,True,True,True,True,True,True
1040,0.2945426881333687,0.10213320451414014,True,True,True,True,True,True,True,True
1041,0.2946406101420573,0.10237793536583024,True,True,True,True,True,True,True,True
1042,0.2941978764585365,0.102763575068009,True,True,True,True,True,True,True,True
1043,0.29390512698327625,0.10334965248949349,True,True,True,True,True,True,True,True
1044,0.29344774553012043,0.10252295757304332,True,True,True,True,True,True,True,True
1045,0.2931157806531343,0.10190928783535821,True,True,True,True,True,True,True,True
1046,0.29282732116577775,0.10282969606733182,True,True,True,True,True,True,True,True
1047,0.29232776007186123,0.10270897824837495,True,True,True,True,True,True,True,True
1048,0.29205344909176195,0.10247601482453024,True,True,True,True,True,True,True,True
1049,0.29172811363091317,0.1020628676987506,True,True,True,True,True,True,True,True
1050,0.29132614489030384,0.10227928953731628,True,True,True,True,True,True,True,True
1051,0.29135368534387257,0.10267385666217864,True,True,True,True,True,True,True,True
1052,0.29123967474623924,0.10190007254216765,True,True,True,True,True,True,True,True
1053,0.2911882989576698,0.10202469311283309,True,True,True,True,True,True,True,True
1054,0.2910951641181083,0.10207650594119116,True,True,True,True,True,True,True,True
1055,0.29138126241606543,0.10185936458821507,True,True,True,True,True,True,True,True
1056,0.2917077786495883,0.10204661392956867,True,True,True,True,True,True,True,True
1057,0.29159773304632924,0.10170569862374355,True,True,True,True,True,True,True,True
1058,0.2914626370297126,0.10177801591104982,True,True,True,True,True,True,True,True
1059,0.29121991400401454,0.10184603299550582,True,True,True,True,True,True,True,True
1060,0.2909689676836657,0.10213039132848081,True,True,True,True,True,True,True,True
1061,0.2907394893673213,0.10223139970150286,True,True,True,True,True,True,True,True
1062,0.29033999465732435,0.10288840210352042,True,True,True,True,True,True,True,True
1063,0.29005044156946885,0.10322215108671548,True,True,True,True,True,True,True,True
1064,0.28988478995451533,0.10265626096504703,True,True,True,True,True,True,True,True
1065,0.2899426226131693,0.10206590057364584,True,True,True,True,True,True,True,True
1066,0.2898421586181219,0.10239807551580704,True,True,True,True,True,True,True,True
1067,0.2897400031208003,0.10279610774115631,True,True,True,True,True,True,True,True
1068,0.2895859958732731,0.10253413280557269,True,True,True,True,True,True,True,True
1069,0.2894377992837139,0.10291274138192129,True,True,True,True,True,True,True,True
1070,0.2896146207355611,0.10257713608208684,True,True,True,True,True,True,True,True
1071,0.2899376851614899,0.1027419668128663,True,True,True,True,True,True,True,True
1072,0.28994810507822216,0.10251701878356395,True,True,True,True,True,True,True,True
1073,0.2899639693315417,0.10205975887502258,True,True,True,True,True,True,True,True
1074,0.2897134341581856,0.10219214392349471,True,True,True,True,True,True,True,True
1075,0.28942928935470214,0.10216085915738848,True,True,True,True,True,True,True,True
1076,0.2894163231490814,0.1021766125102515,True,True,True,True,True,True,True,True
1077,0.28916349171533984,0.10200440685716003,True,True,True,True,True,True,True,True
1078,0.28891072173761156,0.10198165846498343,True,True,True,True,True,True,True,True
1079,0.28888261051571407,0.10205166834521606,True,True,True,True,True,True,True,True
1080,0.28881477132197114,0.10212667514169767,True,True,True,True,True,True,True,True
1081,0.2881315655250082,0.10145280905691353,True,True,True,True,True,True,True,True
1082,0.28752822499672404,0.10259060540897155,True,True,True,True,True,True,True,True
1083,0.2869766625728379,0.10379749658192926,True,True,True,True,True,True,True,True
1084,0.28641766990778234,0.10386014518824423,True,True,True,True,True,True,True,True
1085,0.28653476833594915,0.10366011083637587,True,True,True,True,True,True,True,True
1086,0.2868942292612479,0.10393695825789201,True,True,True,True,True,True,True,True
1087,0.28681861981043866,0.10384405613487534,True,True,True,True,True,True,True,True
1088,0.2867027900032613,0.10442055260566976,True,True,True,True,True,True,True,True
1089,0.2876287478396972,0.10234111372211688,True,True,True,True,True,True,True,True
1090,0.287724700375579,0.1029754486296142,True,True,True,True,True,True,True,True
1091,0.28778754761808517,0.10317707404326282,True,True,True,True,True,True,True,True
1092,0.28789530152553316,0.10344474284691338,True,True,True,True,True,True,True,True
1093,0.2877321267118805,0.10533462410837734,True,True,True,True,True,True,True,True
1094,0.28916372032638005,0.10396597299553123,True,True,True,True,True,True,True,True
1095,0.28998631360116883,0.10426413712042618,True,True,True,True,True,True,True,True
1096,0.2905432823415104,0.10354112521642309,True,True,True,True,True,True,True,True
1097,0.29098764239930336,0.10311498755563507,True,True,True,True,True,True,True,True
1098,0.29017893652637344,0.10304835428554393,True,True,True,True,True,True,True,True
1099,0.28970597532746795,0.10307553916096153,True,True,True,True,True,True,True,True
1100,0.28943276543051644,0.10265262578091605,True,True,True,True,True,True,True,True
1101,0.2894623637107539,0.10298187297917122,True,True,True,True,True,True,True,True
1102,0.2897918906770916,0.10295935305273003,True,True,True,True,True,True,True,True
1103,0.28989550419079624,0.10369589285396819,True,True,True,True,True,True,True,True
1104,0.2899586439429974,0.10349379011193627,True,True,True,True,True,True,True,True
1105,0.2892280764448613,0.1034867909748475,True,True,True,True,True,True,True,True
1106,0.2883825125184484,0.10517144457462611,True,True,True,True,True,True,True,True
1107,0.28756152967815335,0.1055188765703854,True,True,True,True,True,True,True,True
1108,0.28665039098096606,0.10550576635283243,True,True,True,True,True,True,True,True
1109,0.28583953099165443,0.10587704470682903,True,True,True,True,True,True,True,True
1110,0.2854542329022467,0.10659229571192316,True,True,True,True,True,True,True,True
1111,0.2854531828572341,0.10643213904611057,True,True,True,True,True,True,True,True
1112,0.28484589522913895,0.107203889818312,True,True,True,True,True,True,True,True
1113,0.2851399905097151,0.10614579524750607,True,True,True,True,True,True,True,True
1114,0.28497966414642856,0.10559156323341101,True,True,True,True,True,True,True,True
1115,0.28495125810452404,0.10659042994696136,True,True,True,True,True,True,True,True
1116,0.2850783986296208,0.11035445258600884,True,True,True,True,True,True,True,True
1117,0.28496834113522823,0.11178421908710734,True,True,True,True,True,True,True,True
1118,0.28507172107308076,0.11135659511433753,True,True,True,True,True,True,True,True
1119,0.28474296422729617,0.11055700336122501,True,True,True,True,True,True,True,True
1120,0.2846725635130939,0.10910409001363762,True,True,True,True,True,True,True,True
1121,0.284533236564423,0.10728359621349998,True,True,True,True,True,True,True,True
1122,0.284888528568485,0.10703262990939963,True,True,True,True,True,True,True,True
1123,0.2854347705128116,0.10708621276496447,True,True,True,True,True,True,True,True
1124,0.2859611450034179,0.10732997372388116,True,True,True,True,True,True,True,True
1125,0.2863590580442615,0.10739894064673793,True,True,True,True,True,True,True,True
1126,0.28666982137617997,0.10741053057722716,True,True,True,True,True,True,True,True
1127,0.2869365013174093,0.10754973458373823,True,True,True,True,True,True,True,True
1128,0.2872590056512708,0.10805677596554124,True,True,True,True,True,True,True,True
1129,0.2876955675657896,0.10811824593785804,True,True,True,True,True,True,True,True
1130,0.28815670707484253,0.10799478204601641,True,True,True,True,True,True,True,True
1131,0.2886051004805986,0.1077606524296544,True,True,True,True,True,True,True,True
1132,0.2891039573677836,0.10761632109958166,True,True,True,True,True,True,True,True
1133,0.289475463507544,0.10770701950322537,True,True,True,True,True,True,True,True
1134,0.28977663375385115,0.10777878539653621,True,True,True,True,True,True,True,True
1135,0.2900118016486918,0.10844470315117058,True,True,True,True,True,True,True,True
1136,0.2903184575648409,0.10768676873715818,True,True,True,True,True,True,True,True
1137,0.2908212882364168,0.1089541740466605,True,True,True,True,True,True,True,True
1138,0.29105658767395215,0.10944146695541412,True,True,True,True,True,True,True,True
1139,0.2912860888346938,0.10970610567276491,True,True,True,True,True,True,True,True
1140,0.29149331471636186,0.10868180193675239,True,True,True,True,True,True,True,True
1141,0.291312528354411,0.11030645220764529,True,True,True,True,True,True,True,True
1142,0.2916508762131694,0.10963907423735343,True,True,True,True,True,True,True,True
1143,0.2918147088497031,0.1086285029863174,True,True,True,True,True,True,True,True
1144,0.2922493154380631,0.10821738571066578,True,True,True,True,True,True,True,True
1145,0.2925122532503621,0.10835253708685914,True,True,True,True,True,True,True,True
1146,0.2927646953977335,0.10772784091302964,True,True,True,True,True,True,True,True
1147,0.29317144763411,0.10750356107349775,True,True,True,True,True,True,True,True
1148,0.2935822248834016,0.10757107900771798,True,True,True,True,True,True,True,True
1149,0.294218259772727,0.10745278179504139,True,True,True,True,True,True,True,True
1150,0.2951280111725559,0.107774892695758,True,True,True,True,True,True,True,True
1151,0.2949296329474023,0.10832643659630965,True,True,True,True,True,True,True,True
1152,0.29546640080289327,0.10792614060107794,True,True,True,True,True,True,True,True
1153,0.29382577365758505,0.10789746351981512,True,True,True,True,True,True,True,True
1154,0.29232901788719684,0.10818544874316909,True,True,True,True,True,True,True,True
1155,0.291079261725147,0.10784839450707073,True,True,True,True,True,True,True,True
1156,0.28982212163163407,0.10849865093460506,True,True,True,True,True,True,True,True
1157,0.288990437573231,0.10853758757516349,True,True,True,True,True,True,True,True
1158,0.2882909632375783,0.10849459635947432,True,True,True,True,True,True,True,True
1159,0.28761684574405716,0.10964214780162702,True,True,True,True,True,True,True,True
1160,0.28753329993439763,0.10929071777531021,True,True,True,True,True,True,True,True
1161,0.28918221000989286,0.109467458466006,True,True,True,True,True,True,True,True
1162,0.28892898663484845,0.11013510255856698,True,True,True,True,True,True,True,True
1163,0.28874072049181343,0.11080805656602986,True,True,True,True,True,True,True,True
1164,0.2878813392218677,0.11008499968759107,True,True,True,True,True,True,True,True
1165,0.28641867372346874,0.1100657035908806,True,True,True,True,True,True,True,True
1166,0.28495600883184957,0.11000156654946837,True,True,True,True,True,True,True,True
1167,0.28354754176727015,0.10891264451597445,True,True,True,True,True,True,True,True
1168,0.2826491763397272,0.10788253105710556,False,True,True,True,True,True,True,True
1169,0.2822563737563567,0.10700110639415104,False,True,False,True,True,True,True,True
1170,0.2826705030757188,0.10471882192025994,False,True,True,True,True,True,True,True
1171,0.28323479676276747,0.10302993342372295,False,True,True,True,True,True,True,True
1172,0.28395751668226765,0.10300553643947755,True,True,True,True,True,True,True,True
1173,0.2841971445368054,0.10285709582684952,True,True,True,True,True,True,True,True
1174,0.28425404099705437,0.10303532371587402,True,True,True,True,True,True,True,True
1175,0.2844056033184487,0.10461258159556291,True,True,True,True,True,True,True,True
1176,0.2854064726044393,0.10504541265499052,True,True,True,True,True,True,True,True
1177,0.284393301644886,0.10564617676428935,True,True,True,True,True,True,True,True
1178,0.2835544228212318,0.10345490536256749,True,True,True,True,True,True,True,True
1179,0.2828815798824467,0.1036151738483601,False,True,True,True,True,True,True,True
1180,0.28224368664227883,0.10364471718827345,False,True,False,True,True,True,True,True
1181,0.2814792709138703,0.10345079785044241,False,True,False,True,True,True,True,True
1182,0.2810474884702301,0.10373678359697576,False,True,False,True,False,True,True,True
1183,0.28048144687509985,0.1059508692995378,False,True,False,True,False,True,True,True
1184,0.2792397168881844,0.10444128257780072,False,True,False,True,False,True,True,True
1185,0.27976144634524547,0.10521230402396349,False,True,False,True,False,True,True,True
1186,0.2804959471213578,0.10507131458763237,False,True,False,True,False,True,True,True
1187,0.281237373777466,0.10479136776149427,False,True,False,True,False,True,True,True
1188,0.2822806379217083,0.10366583545366526,False,True,False,True,True,True,True,True
1189,0.2825143248916581,0.10618279430917285,False,True,True,True,True,True,True,True
1190,0.2830283062752927,0.10555654756352435,False,True,True,True,True,True,True,True
1191,0.2830896758751729,0.10484854180772382,False,True,True,True,True,True,True,True
1192,0.2833027194271428,0.10441606134609804,False,True,True,True,True,True,True,True
1193,0.2831675976762303,0.1045584728948884,False,True,True,True,True,True,True,True
1194,0.28337182534478267,0.10519887026833602,False,True,True,True,True,True,True,True
1195,0.2832256247688689,0.10501210265435305,False,True,True,True,True,True,True,True
1196,0.282969364535798,0.10521096836684511,False,True,True,True,True,True,True,True
1197,0.2823735228732945,0.10608361779355506,False,True,False,True,True,True,True,True
1198,0.28205975614420975,0.10717167404561836,False,True,False,True,True,True,True,True
1199,0.28182441815621617,0.10750176711704627,False,True,False,True,True,True,True,True
1200,0.2814262696755818,0.10710347414321737,False,True,False,True,True,True,True,True
1201,0.2811851747900786,0.10767082928586451,False,True,False,True,False,True,True,True
1202,0.28123837223026193,0.10781527134897029,False,True,False,True,False,True,True,True
1203,0.2812505340552032,0.10865103189095729,False,True,False,True,False,True,True,True
1204,0.281299919819747,0.10797011236608241,False,True,False,True,False,True,True,True
1205,0.28035735950160234,0.10682357840755347,False,True,False,True,False,True,True,True
1206,0.2791204475316135,0.10719536645755538,False,True,False,True,False,True,True,True
1207,0.2778813749416576,0.10691512566259787,False,True,False,True,False,True,True,True
1208,0.27654028734265546,0.10666723020658773,False,True,False,True,False,True,False,True
1209,0.27547524131803813,0.10730524478876542,False,True,False,True,False,True,False,True
1210,0.27483280219384804,0.1073046236763748,False,True,False,True,False,True,False,True
1211,0.2737356741280932,0.10730242344160865,False,True,False,True,False,True,False,True
1212,0.2735181668236679,0.10573815102076753,False,True,False,True,False,True,False,True
1213,0.2724797100966117,0.10567679413402908,False,True,False,True,False,True,False,True
1214,0.27168919416966886,0.10583415135273161,False,True,False,True,False,True,False,True
1215,0.2714158124348473,0.10616861912476674,False,True,False,True,False,True,False,True
1216,0.2714884889626148,0.10613926012626368,False,True,False,True,False,True,False,True
1217,0.27141720825021887,0.10630191610428882,False,True,False,True,False,True,False,True
1218,0.2714241384137621,0.10615106498476595,False,True,False,True,False,True,False,True
1219,0.2717304997935668,0.1060277045302336,False,True,False,True,False,True,False,True
1220,0.27211797889353156,0.10622165303636442,False,True,False,True,False,True,False,True
1221,0.27248313321989437,0.10622732248441398,False,True,False,True,False,True,False,True
1222,0.2726911628183528,0.10637089963433152,False,True,False,True,False,True,False,True
1223,0.27285097250764234,0.10736086786478603,False,True,False,True,False,True,False,True
1224,0.27314407646360334,0.10921480703177336,False,True,False,True,False,True,False,True
1225,0.2724554354870775,0.1088128450837026,False,True,False,True,False,True,False,True
1226,0.2721733394357776,0.108418153170494,False,True,False,True,False,True,False,True
1227,0.2719917837379682,0.10837545336442465,False,True,False,True,False,True,False,True
1228,0.2708905028591911,0.10834822141635166,False,True,False,True,False,True,False,True
1229,0.2690467968250477,0.10780766191365068,False,True,False,True,False,True,False,True
1230,0.26720927585470483,0.10773618973149884,False,True,False,True,False,True,False,True
1231,0.26609119905171497,0.10787005842548239,False,True,False,True,False,True,False,True
1232,0.26541771510267076,0.10759338561530378,False,True,False,True,False,True,False,True
1233,0.2653731325493871,0.10794044081295302,False,True,False,True,False,True,False,True
1234,0.2652769314869665,0.10796509187523574,False,True,False,True,False,True,False,True
1235,0.26496599855049163,0.10836790461860879,False,True,False,True,False,True,False,True
1236,0.2648119727563733,0.10786335545823784,False,True,False,True,False,True,False,True
1237,0.2644258622994557,0.10755265165605496,False,True,False,True,False,True,False,True
1238,0.263978619733141,0.1074348022404294,False,True,False,True,False,True,False,True
1239,0.2639410637159998,0.1076573112604995,False,True,False,True,False,True,False,True
1240,0.2641804251897663,0.10732842504689659,False,True,False,True,False,True,False,True
1241,0.264232179003714,0.10752235574782923,False,True,False,True,False,True,False,True
1242,0.26450235848161646,0.10782475276327895,False,True,False,True,False,True,False,True
1243,0.26470743679629266,0.10791740440750457,False,True,False,True,False,True,False,True
1244,0.2647620695105961,0.107694514928768,False,True,False,True,False,True,False,True
1245,0.26465814349256916,0.10733811570837606,False,True,False,True,False,True,False,True
1246,0.26459977714487376,0.10832437447440708,False,True,False,True,False,True,False,True
1247,0.26458310535174967,0.10866386973805262,False,True,False,True,False,True,False,True
1248,0.26455434429764324,0.10885325959159298,False,True,False,True,False,True,False,True
1249,0.2644336992587166,0.10849604622955455,False,True,False,True,False,True,False,True
1250,0.26466779615129865,0.10796207694027148,False,True,False,True,False,True,False,True
1251,0.2648890841154671,0.10782008837238208,False,True,False,True,False,True,False,True
1252,0.26510578528719514,0.1077857025032927,False,True,False,True,False,True,False,True
1253,0.26482630463729556,0.10752623045502287,False,True,False,True,False,True,False,True
1254,0.2643804334818706,0.10752423862256855,False,True,False,True,False,True,False,True
1255,0.2641177170161981,0.1073366061478611,False,True,False,True,False,True,False,True
1256,0.2638792334430996,0.10757707048384817,False,True,False,True,False,True,False,True
1257,0.26369860546193774,0.10803912221126766,False,True,False,True,False,True,False,True
1258,0.26354115258545036,0.10818394443742854,False,True,False,True,False,True,False,True
1259,0.26340578185805485,0.10831527662062503,False,True,False,True,False,True,False,True
1260,0.26327794725962345,0.10800516664953755,False,True,False,True,False,True,False,True
1261,0.26335460903474156,0.10786728157766386,False,True,False,True,False,True,False,True
1262,0.2632461818655144,0.10751093431026353,False,True,False,True,False,True,False,True
1263,0.263310049845845,0.10819210027734141,False,True,False,True,False,True,False,True
1264,0.2635187852798141,0.10703131704386039,False,True,False,True,False,True,False,True
1265,0.2637551166820861,0.10718084141322609,False,True,False,True,False,True,False,True
1266,0.2638721803785486,0.10686470437069266,False,True,False,True,False,True,False,True
1267,0.2642223487109416,0.10699138822644809,False,True,False,True,False,True,False,True
1268,0.2643088132300853,0.10702528237864292,False,True,False,True,False,True,False,True
1269,0.26444245770875285,0.10698722528805407,False,True,False,True,False,True,False,True
1270,0.26467722340053873,0.1075361017485717,False,True,False,True,False,True,False,True
1271,0.26477453977375154,0.10787668316466326,False,True,False,True,False,True,False,True
1272,0.26493417719908124,0.10792224245424042,False,True,False,True,False,True,False,True
1273,0.26519885636014184,0.10759801879821952,False,True,False,True,False,True,False,True
1274,0.26531519881018334,0.10710204804539088,False,True,False,True,False,True,False,True
1275,0.264971883286643,0.1075201524143112,False,True,False,True,False,True,False,True
1276,0.2648657005804045,0.10652212853801221,False,True,False,True,False,True,False,True
1277,0.2645578748924861,0.10694121712296352,False,True,False,True,False,True,False,True
1278,0.26424044127670354,0.10759836582385879,False,True,False,True,False,True,False,True
1279,0.26444470048534596,0.10675994398487917,False,True,False,True,False,True,False,True
1280,0.26381865003460686,0.10613258018032189,False,True,False,True,False,True,False,True
1281,0.26342780392245924,0.10696834823597119,False,True,False,True,False,True,False,True
1282,0.2638370797295318,0.10803737977493144,False,True,False,True,False,True,False,True
1283,0.26432987483803483,0.10838476034106678,False,True,False,True,False,True,False,True
1284,0.26452069654263255,0.10787127204554856,False,True,False,True,False,True,False,True
1285,0.26458896206925203,0.10849449819366452,False,True,False,True,False,True,False,True
1286,0.26452453302155254,0.10905053151860161,False,True,False,True,False,True,False,True
1287,0.2643763235796288,0.10873476915608944,False,True,False,True,False,True,False,True
1288,0.26439412338843044,0.10848222537333484,False,True,False,True,False,True,False,True
1289,0.26443423882772926,0.10825227307611461,False,True,False,True,False,True,False,True
1290,0.26449524911463157,0.10808596405604709,False,True,False,True,False,True,False,True
1291,0.2645343956505284,0.10821547881081746,False,True,False,True,False,True,False,True
1292,0.2645016635894346,0.1082693438390397,False,True,False,True,False,True,False,True
1293,0.2643349823536876,0.10830795471042765,False,True,False,True,False,True,False,True
1294,0.26425312604881784,0.10864861015600753,False,True,False,True,False,True,False,True
1295,0.26424764480084983,0.10927887042575951,False,True,False,True,False,True,False,True
1296,0.26437963774035744,0.10887681044415487,False,True,False,True,False,True,False,True
1297,0.26362513073567395,0.10910234654399499,False,True,False,True,False,True,False,True
1298,0.26308182852751877,0.10896476877959442,False,True,False,True,False,True,False,True
1299,0.2631791628986263,0.10799112155600381,False,True,False,True,False,True,False,True
1300,0.26357641040594276,0.10808942472124777,False,True,False,True,False,True,False,True
1301,0.26225746325697846,0.10814424710582655,False,True,False,True,False,True,False,True
1302,0.26116630724385553,0.10846483849772144,False,True,False,True,False,True,False,True
1303,0.26065507372655583,0.10724385517441289,False,True,False,True,False,True,False,True
1304,0.26041874472532156,0.10728901305326104,False,True,False,True,False,True,False,True
1305,0.26059379419145207,0.10526928094773982,False,True,False,True,False,True,False,True
1306,0.26078476206725076,0.1052953356178336,False,True,False,True,False,True,False,True
1307,0.2609163523890328,0.10565278971720132,False,True,False,True,False,True,False,True
1308,0.2610458368491402,0.10407542743454948,False,True,False,True,False,True,False,True
1309,0.2613570704675129,0.1054447739218246,False,True,False,True,False,True,False,True
1310,0.2620383211788792,0.10487865020693815,False,True,False,True,False,True,False,True
1311,0.2625606461430353,0.10220463290726645,False,True,False,True,False,True,False,True
1312,0.2627455451331489,0.1020286906310259,False,True,False,True,False,True,False,True
1313,0.26298230414676876,0.10149620497612996,False,True,False,True,False,True,False,True
1314,0.26319645293750504,0.10133035668598048,False,True,False,True,False,True,False,True
1315,0.26336364172821486,0.10122280242721372,False,True,False,True,False,True,False,True
1316,0.26338273453776634,0.10138123858142947,False,True,False,True,False,True,False,True
1317,0.26341081407058703,0.10094467619502658,False,True,False,True,False,True,False,True
1318,0.26376091770523696,0.10194462086348519,False,True,False,True,False,True,False,True
1319,0.2641732040341224,0.10268856020336299,False,True,False,True,False,True,False,True
1320,0.26458735918791315,0.1024772271759357,False,True,False,True,False,True,False,True
1321,0.26504944672991027,0.101953974325947,False,True,False,True,False,True,False,True
1322,0.2647389142301077,0.10376367835050021,False,True,False,True,False,True,False,True
1323,0.26435418838760494,0.10267675656253956,False,True,False,True,False,True,False,True
1324,0.2638251946762707,0.1029991310675136,False,True,False,True,False,True,False,True
1325,0.26275885401653004,0.10374668913341016,False,True,False,True,False,True,False,True
1326,0.2615652429442755,0.10383673115762683,False,True,False,True,False,True,False,True
1327,0.26043143210157743,0.10466625005033091,False,True,False,True,False,True,False,True
1328,0.2591449985124583,0.10440884653762554,False,True,False,True,False,True,False,True
1329,0.25909536072616035,0.10731966874283026,False,True,False,True,False,True,False,True
1330,0.2589633718881591,0.10651713217495046,False,True,False,True,False,True,False,True
1331,0.2594134480903817,0.1052230525456191,False,True,False,True,False,True,False,True
1332,0.260254695816709,0.10470161148792381,False,True,False,True,False,True,False,True
1333,0.2603471677522488,0.10496395750601938,False,True,False,True,False,True,False,True
1334,0.25983592669545624,0.10530343879677925,False,True,False,True,False,True,False,True
1335,0.2593365163158596,0.10453116473130761,False,True,False,True,False,True,False,True
1336,0.2599109727592926,0.10312486526252285,False,True,False,True,False,True,False,True
1337,0.2610655876185087,0.10198470582047306,False,True,False,True,False,True,False,True
1338,0.2626492982817479,0.1013502210632612,False,True,False,True,False,True,False,True
1339,0.2640141907626094,0.10145693260891883,False,True,False,True,False,True,False,True
1340,0.2652948285517204,0.10130439514324507,False,True,False,True,False,True,False,True
1341,0.26635315060507786,0.10160402191696484,False,True,False,True,False,True,False,True
1342,0.26771765973802425,0.10189502433027466,False,True,False,True,False,True,False,True
1343,0.2689897135324622,0.10192593788312874,False,True,False,True,False,True,False,True
1344,0.2699901617538244,0.1019147100026545,False,True,False,True,False,True,False,True
1345,0.2706143162957973,0.10137579150238707,False,True,False,True,False,True,False,True
1346,0.27006367112236573,0.09957692932556092,False,True,False,True,False,True,False,True
1347,0.26806665887008146,0.10325592613040599,False,True,False,True,False,True,False,True
1348,0.26201044893394637,0.10426168815568426,False,True,False,True,False,True,False,True
1349,0.2533985563416424,0.10509422128811641,False,True,False,True,False,True,False,True
1350,0.24489132373480232,0.10619409885925296,False,True,False,True,False,True,False,True
1351,0.23779419491200585,0.1066214201254604,False,True,False,True,False,True,False,True
1352,0.23343788827408987,0.10745183420187891,False,True,False,True,False,True,False,True
1353,0.23352760267157086,0.10873932847231574,False,True,False,True,False,True,False,True
1354,0.23326266738350257,0.10906330864941592,False,True,False,True,False,True,False,True
1355,0.23330822889223832,0.10927295921846568,False,True,False,True,False,True,False,True
1356,0.23349995658616768,0.10843598018017715,False,True,False,True,False,True,False,True
1357,0.2324809712740077,0.10845541621771022,False,True,False,True,False,True,False,True
1358,0.23121097853775213,0.10849218759274336,False,True,False,True,False,True,False,True
1359,0.2301000510876006,0.10769939902707532,False,True,False,True,False,True,False,True
1360,0.2295559100648227,0.10736046068556689,False,True,False,True,False,True,False,True
1361,0.22941149698323537,0.10787024428473613,False,True,False,True,False,True,False,True
1362,0.22962585354449933,0.10774204679234067,False,True,False,True,False,True,False,True
1363,0.22992610262067698,0.107806906425545,False,True,False,True,False,True,False,True
1364,0.23018789355216823,0.10813537421252269,False,True,False,True,False,True,False,True
1365,0.23034492802457182,0.10764245177362433,False,True,False,True,False,True,False,True
1366,0.23117236599728996,0.10686474472805858,False,True,False,True,False,True,False,True
1367,0.23129731289656655,0.10629656228418101,False,True,False,True,False,True,False,True
1368,0.2315486075189428,0.10736065339843708,False,True,False,True,False,True,False,True
1369,0.23137262817874268,0.10676870461546693,False,True,False,True,False,True,False,True
1370,0.23029004844358986,0.10582911288695895,False,True,False,True,False,True,False,True
1371,0.22785966027143606,0.10912933520282918,False,True,False,True,False,True,False,True
1372,0.2242595952308276,0.109484663380708,False,True,False,True,False,True,False,True
1373,0.2225411705501835,0.10937865293438681,False,True,False,True,False,True,False,True
1374,0.22393801114026748,0.105817983964962,False,True,False,True,False,True,False,True
1375,0.22403488897854149,0.10595476266221349,False,True,False,True,False,True,False,True
1376,0.2245844716357691,0.10621310433821804,False,True,False,True,False,True,False,True
1377,0.22453979563692303,0.10801799570827048,False,True,False,True,False,True,False,True
1378,0.22428741850761236,0.1092277347038529,False,True,False,True,False,True,False,True
1379,0.22400899852976103,0.10955175339865716,False,True,False,True,False,True,False,True
1380,0.22389571897486088,0.10848056212734901,False,True,False,True,False,True,False,True
1381,0.22464586870414666,0.10821980408036491,False,True,False,True,False,True,False,True
1382,0.22418154725129527,0.10732418453240693,False,True,False,True,False,True,False,True
1383,0.2234501036173497,0.10669721895833369,False,True,False,True,False,True,False,True
1384,0.22269806201762193,0.10689550426438388,False,True,False,True,False,True,False,True
1385,0.22241531695982023,0.10587221272093313,False,True,False,True,False,True,False,True
1386,0.22275198142526972,0.10496988302279886,False,True,False,True,False,True,False,True
1387,0.22318643826332787,0.10507746488207415,False,True,False,True,False,True,False,True
1388,0.22365396054483402,0.10507939844717756,False,True,False,True,False,True,False,True
1389,0.2239822183175535,0.10495674478366522,False,True,False,True,False,True,False,True
1390,0.22442143562090044,0.10569582949813086,False,True,False,True,False,True,False,True
1391,0.22510913507624816,0.10624819774272273,False,True,False,True,False,True,False,True
1392,0.22625957293158483,0.10619636206545852,False,True,False,True,False,True,False,True
1393,0.2272182770732703,0.10523327161427709,False,True,False,True,False,True,False,True
1394,0.22690114730265698,0.10422984977745164,False,True,False,True,False,True,False,True
1395,0.22582126325598478,0.10883348787261639,False,True,False,True,False,True,False,True
1396,0.2261941951686157,0.10870623986720544,False,True,False,True,False,True,False,True
1397,0.2278596871440543,0.1100093103172006,False,True,False,True,False,True,False,True
1398,0.22794896415019514,0.11081528297003256,False,True,False,True,False,True,False,True
1399,0.22955341540578342,0.11087294594186557,False,True,False,True,False,True,False,True
1400,0.23173377501150358,0.11112398633978501,False,True,False,True,False,True,False,True
1401,0.23166720405468677,0.11211001172777363,False,True,False,True,False,True,False,True
1402,0.23129648381915469,0.11358664602411517,False,True,False,True,False,True,False,True
1403,0.2305324328387655,0.11314100263206478,False,True,False,True,False,True,False,True
1404,0.22999029136039803,0.11260347803727781,False,True,False,True,False,True,False,True
1405,0.2292782687755176,0.11303799477655305,False,True,False,True,False,True,False,True
1406,0.22812024833758565,0.11245322156915866,False,True,False,True,False,True,False,True
1407,0.22746058037422015,0.11146058997288602,False,True,False,True,False,True,False,True
1408,0.22724826175068233,0.11076476799556456,False,True,False,True,False,True,False,True
1409,0.22700538363160952,0.11035060691392368,False,True,False,True,False,True,False,True
1410,0.22619340322969533,0.1111081151223029,False,True,False,True,False,True,False,True
1411,0.22558373328843523,0.11058736229921681,False,True,False,True,False,True,False,True
1412,0.22513950009030162,0.11069980238044208,False,True,False,True,False,True,False,True
1413,0.22452230975423948,0.11064576607842905,False,True,False,True,False,True,False,True
1414,0.22378496618479418,0.1113148398468826,False,True,False,True,False,True,False,True
1415,0.22342904273006303,0.11123912696975198,False,True,False,True,False,True,False,True
1416,0.22368468413777595,0.1116347136201832,False,True,False,True,False,True,False,True
1417,0.22420497061145822,0.11163354108643089,False,True,False,True,False,True,False,True
1418,0.22426184206564664,0.11036984630002422,False,True,False,True,False,True,False,True
1419,0.2243385210821946,0.11247141083753195,False,True,False,True,False,True,False,True
1420,0.2255553101891838,0.11362226288358598,False,True,False,True,False,True,False,True
1421,0.22558306376920662,0.11415135315139088,False,True,False,True,False,True,False,True
1422,0.22555438314756962,0.11533205176110813,False,True,False,True,False,True,False,True
1423,0.2267100667701855,0.11496473717875359,False,True,False,True,False,True,False,True
1424,0.22740678466599476,0.11593022276671558,False,True,False,True,False,True,False,True
1425,0.22711655224402316,0.11613700689045536,False,True,False,True,False,True,False,True
1426,0.22719957369398497,0.11340204168105418,False,True,False,True,False,True,False,True
1427,0.22753967375426387,0.11441774357093216,False,True,False,True,False,True,False,True
1428,0.22750116019648584,0.11365727837178766,False,True,False,True,False,True,False,True
1429,0.22647854774822512,0.11317767504701204,False,True,False,True,False,True,False,True
1430,0.2252780185348571,0.11221188100395138,False,True,False,True,False,True,False,True
1431,0.22497601145158644,0.1113217882333086,False,True,False,True,False,True,False,True
1432,0.22463391473770247,0.11038858441493109,False,True,False,True,False,True,False,True
1433,0.22388124458015915,0.10994922460232395,False,True,False,True,False,True,False,True
1434,0.22331366524691154,0.10989489294904715,False,True,False,True,False,True,False,True
1435,0.22299824913666577,0.1096387411587839,False,True,False,True,False,True,False,True
1436,0.22285281038709223,0.10960505591845639,False,True,False,True,False,True,False,True
1437,0.22265111675708132,0.10938828452042945,False,True,False,True,False,True,False,True
1438,0.22236617190343264,0.10960659669823138,False,True,False,True,False,True,False,True
1439,0.22218564063757124,0.109560778594391,False,True,False,True,False,True,False,True
1440,0.22207467625252417,0.10973191696731274,False,True,False,True,False,True,False,True
1441,0.22205604575216625,0.10980386397615385,False,True,False,True,False,True,False,True
1442,0.222005454407939,0.109550143843664,False,True,False,True,False,True,False,True
1443,0.22133822118448426,0.10922762604180013,False,True,False,True,False,True,False,True
1444,0.22055627424971572,0.10824646888850507,False,True,False,True,False,True,False,True
1445,0.2198476667845564,0.10724826047413025,False,True,False,True,False,True,False,True
1446,0.21917520382725936,0.10701534094672584,False,True,False,True,False,True,False,True
1447,0.21867403229683127,0.10719076061456871,False,True,False,True,False,True,False,True
1448,0.2184691523761569,0.1063771516850106,False,True,False,True,False,True,False,True
1449,0.2182558169790843,0.10619229969438979,False,True,False,True,False,True,False,True
1450,0.2178577940719571,0.10653195612625861,False,True,False,True,False,True,False,True
1451,0.21740175239868822,0.1062927322688172,False,True,False,True,False,True,False,True
1452,0.217461968348792,0.10697138789352661,False,True,False,True,False,True,False,True
1453,0.21751996988767813,0.10695934340723813,False,True,False,True,False,True,False,True
1454,0.21751060827794869,0.10700198572159578,False,True,False,True,False,True,False,True
1455,0.21773206579896529,0.10795864575151926,False,True,False,True,False,True,False,True
1456,0.21786830307929111,0.1081992837103467,False,True,False,True,False,True,False,True
1457,0.21776972284311324,0.10780727914519327,False,True,False,True,False,True,False,True
1458,0.21813374805444433,0.1075889519537276,False,True,False,True,False,True,False,True
1459,0.21848194727118958,0.1075802197840437,False,True,False,True,False,True,False,True
1460,0.21876680666281323,0.10768800898699446,False,True,False,True,False,True,False,True
1461,0.2190091054711012,0.10761448502770635,False,True,False,True,False,True,False,True
1462,0.2190591761267528,0.10762814064275987,False,True,False,True,False,True,False,True
1463,0.21892916972389043,0.10787873697099691,False,True,False,True,False,True,False,True
1464,0.21879196614026986,0.10766083519778763,False,True,False,True,False,True,False,True
1465,0.21892291708493822,0.1073964307517261,False,True,False,True,False,True,False,True
1466,0.21914407070937864,0.10740482597765862,False,True,False,True,False,True,False,True
1467,0.21914996155474653,0.10795412663492138,False,True,False,True,False,True,False,True
1468,0.21926714526728022,0.10821164166099247,False,True,False,True,False,True,False,True
1469,0.2192439310930609,0.10833222004519613,False,True,False,True,False,True,False,True
1470,0.21937208304093628,0.10828002809676301,False,True,False,True,False,True,False,True
1471,0.2201993513599474,0.10877032644890489,False,True,False,True,False,True,False,True
1472,0.22178044136700825,0.10794950972882217,False,True,False,True,False,True,False,True
1473,0.22215541020455976,0.10693222741625108,False,True,False,True,False,True,False,True
1474,0.22223935956827656,0.10717336936927106,False,True,False,True,False,True,False,True
1475,0.22169487667512808,0.10733088924347048,False,True,False,True,False,True,False,True
1476,0.22163803320259629,0.10768476942804407,False,True,False,True,False,True,False,True
1477,0.2217177480148453,0.10797420692619834,False,True,False,True,False,True,False,True
1478,0.22131466602474598,0.10722140382997203,False,True,False,True,False,True,False,True
1479,0.22143690146201128,0.1067172297377087,False,True,False,True,False,True,False,True
1480,0.22197520568894327,0.10661428309357984,False,True,False,True,False,True,False,True
1481,0.2221184731408102,0.10727132438721053,False,True,False,True,False,True,False,True
1482,0.22230548405153408,0.10715741363287423,False,True,False,True,False,True,False,True
1483,0.22243554352339157,0.1072715159731804,False,True,False,True,False,True,False,True
1484,0.22236740931061583,0.10734858582458234,False,True,False,True,False,True,False,True
1485,0.22231281090263105,0.1065007852234996,False,True,False,True,False,True,False,True
1486,0.2226617252655451,0.10747845585263545,False,True,False,True,False,True,False,True
1487,0.22268810532655847,0.10835264471097782,False,True,False,True,False,True,False,True
1488,0.22288878219584107,0.10886698159375972,False,True,False,True,False,True,False,True
1489,0.22286697193832256,0.10874455974790853,False,True,False,True,False,True,False,True
1490,0.22276275267047968,0.10874725654502827,False,True,False,True,False,True,False,True
1491,0.22329502712296212,0.10938273152497721,False,True,False,True,False,True,False,True
1492,0.22416708140855873,0.10961212865287735,False,True,False,True,False,True,False,True
1493,0.22476572277447276,0.11033409721355242,False,True,False,True,False,True,False,True
1494,0.22516435973910673,0.11049628842780133,False,True,False,True,False,True,False,True
1495,0.22602286317890016,0.1114012177472272,False,True,False,True,False,True,False,True
1496,0.2265192078565349,0.11348557550822888,False,True,False,True,False,True,False,True
1497,0.2259457409835774,0.1168662032445561,False,True,False,True,False,True,False,True
1498,0.2256628242163823,0.11672608272451578,False,True,False,True,False,True,False,True
1499,0.2248508897801123,0.11668092650159875,False,True,False,True,False,True,False,True
1500,0.2243627219210158,0.11641194942008819,False,True,False,True,False,True,False,True
1501,0.2238258391463048,0.11717421348629206,False,True,False,True,False,True,False,True
1502,0.2227897029517755,0.11648263078591888,False,True,False,True,False,True,False,True
1503,0.22237727756000178,0.11588396870804983,False,True,False,True,False,True,False,True
1504,0.22241423658546022,0.11478528151166614,False,True,False,True,False,True,False,True
1505,0.22239573239286145,0.11452224444819446,False,True,False,True,False,True,False,True
1506,0.22246190413781675,0.11445639047971715,False,True,False,True,False,True,False,True
1507,0.22234998555945112,0.11434903411104573,False,True,False,True,False,True,False,True
1508,0.22220000887191124,0.11434073675191835,False,True,False,True,False,True,False,True
1509,0.2219940096607101,0.1143988360348085,False,True,False,True,False,True,False,True
1510,0.22179918348552924,0.11460334410363411,False,True,False,True,False,True,False,True
1511,0.22154530598205743,0.11480134202162666,False,True,False,True,False,True,False,True
1512,0.22152831767268472,0.11441097005813357,False,True,False,True,False,True,False,True
1513,0.22161112917890774,0.11455025085723052,False,True,False,True,False,True,False,True
1514,0.2216282673884024,0.11458764596168618,False,True,False,True,False,True,False,True
1515,0.2216766207946969,0.11408652980233717,False,True,False,True,False,True,False,True
1516,0.22190215474522018,0.11379855559400857,False,True,False,True,False,True,False,True
1517,0.2222260949178865,0.11394635002807901,False,True,False,True,False,True,False,True
1518,0.22248689330040483,0.11396260805218131,False,True,False,True,False,True,False,True
1519,0.22260701368405486,0.11327941684945869,False,True,False,True,False,True,False,True
1520,0.22290383052097154,0.11068741765702939,False,True,False,True,False,True,False,True
1521,0.22250730111949207,0.11090735607183928,False,True,False,True,False,True,False,True
1522,0.22165202758389238,0.11019312020366025,False,True,False,True,False,True,False,True
1523,0.22029021061659876,0.10951467956074253,False,True,False,True,False,True,False,True
1524,0.21920398635949787,0.1093664445049348,False,True,False,True,False,True,False,True
1525,0.21860463852443082,0.10955235762637787,False,True,False,True,False,True,False,True
1526,0.21776087959113916,0.10948808808702984,False,True,False,True,False,True,False,True
1527,0.21751127350562535,0.10891498279345894,False,True,False,True,False,True,False,True
1528,0.217720846433683,0.10824691729067716,False,True,False,True,False,True,False,True
1529,0.21788518698771603,0.10841036396548305,False,True,False,True,False,True,False,True
1530,0.21813000567189275,0.10785580959281992,False,True,False,True,False,True,False,True
1531,0.21838379197530017,0.10805041700288569,False,True,False,True,False,True,False,True
1532,0.21843037334304713,0.10847552354531033,False,True,False,True,False,True,False,True
1533,0.21853365616961595,0.10815817566006829,False,True,False,True,False,True,False,True
1534,0.21833797402063482,0.10811217498906628,False,True,False,True,False,True,False,True
1535,0.2180134950627704,0.10941144843059385,False,True,False,True,False,True,False,True
1536,0.2182702737137357,0.10839928265488066,False,True,False,True,False,True,False,True
1537,0.2179865276944828,0.10799029640192598,False,True,False,True,False,True,False,True
1538,0.2180101478155656,0.10841677493018234,False,True,False,True,False,True,False,True
1539,0.21819090945302871,0.1082790177054945,False,True,False,True,False,True,False,True
1540,0.21859046534133708,0.10758303748892126,False,True,False,True,False,True,False,True
1541,0.21863975406431443,0.10680083273681336,False,True,False,True,False,True,False,True
1542,0.21838910424784558,0.10658944354212263,False,True,False,True,False,True,False,True
1543,0.21841559812925168,0.10634777525737531,False,True,False,True,False,True,False,True
1544,0.218467877048121,0.10552002582578808,False,True,False,True,False,True,False,True
1545,0.21852604404092116,0.10415537821676077,False,True,False,True,False,True,False,True
1546,0.2180685063360381,0.1045622971553607,False,True,False,True,False,True,False,True
1547,0.21747566368407487,0.10596642668341333,False,True,False,True,False,True,False,True
1548,0.21799494147252363,0.10561506917811718,False,True,False,True,False,True,False,True
1549,0.21915184334189894,0.10649726455128031,False,True,False,True,False,True,False,True
1550,0.219495810438115,0.10676001118618553,False,True,False,True,False,True,False,True
1551,0.21936272470181098,0.10671319815799185,False,True,False,True,False,True,False,True
1552,0.21956292304866995,0.10662650143632109,False,True,False,True,False,True,False,True
1553,0.21973545101545103,0.10644529901330044,False,True,False,True,False,True,False,True
1554,0.21973759720751648,0.10658324922585019,False,True,False,True,False,True,False,True
1555,0.21965625837562952,0.10674418311085769,False,True,False,True,False,True,False,True
1556,0.21959674756882386,0.10667866133289589,False,True,False,True,False,True,False,True
1557,0.21959628879511137,0.10670185607135114,False,True,False,True,False,True,False,True
1558,0.21953251580438932,0.10663821205776229,False,True,False,True,False,True,False,True
1559,0.21939543441253057,0.10712597071875277,False,True,False,True,False,True,False,True
1560,0.21953047708016626,0.10689558703193992,False,True,False,True,False,True,False,True
1561,0.21984934842677514,0.10637568066933822,False,True,False,True,False,True,False,True
1562,0.21993119654880394,0.10658421531509552,False,True,False,True,False,True,False,True
1563,0.22007403883271884,0.10632218917668489,False,True,False,True,False,True,False,True
1564,0.2202649925189976,0.10642290430748372,False,True,False,True,False,True,False,True
1565,0.22028285450587737,0.10740817692238025,False,True,False,True,False,True,False,True
1566,0.2196378710633343,0.10743323233285974,False,True,False,True,False,True,False,True
1567,0.21966135117976987,0.10618200401892798,False,True,False,True,False,True,False,True
1568,0.21979441337343988,0.10665438830820034,False,True,False,True,False,True,False,True
1569,0.21979930805641415,0.10708902512291837,False,True,False,True,False,True,False,True
1570,0.21985064597818393,0.10716019439077705,False,True,False,True,False,True,False,True
1571,0.2199804606746616,0.10691765090770958,False,True,False,True,False,True,False,True
1572,0.22024747770232006,0.10613653869657678,False,True,False,True,False,True,False,True
1573,0.22091290861092847,0.1062483225632607,False,True,False,True,False,True,False,True
1574,0.2211695732063088,0.10637806986142116,False,True,False,True,False,True,False,True
1575,0.22124648830512794,0.10659451136230814,False,True,False,True,False,True,False,True
1576,0.22115564167548124,0.10475407235095632,False,True,False,True,False,True,False,True
1577,0.22146265188072767,0.10421522869069057,False,True,False,True,False,True,False,True
1578,0.22166260266598273,0.104236231459812,False,True,False,True,False,True,False,True
1579,0.22175942054403142,0.10420969108981108,False,True,False,True,False,True,False,True
1580,0.22199530487329872,0.10409840939376792,False,True,False,True,False,True,False,True
1581,0.22238409558080588,0.10405913019339234,False,True,False,True,False,True,False,True
1582,0.2227486372914127,0.10425610988671512,False,True,False,True,False,True,False,True
1583,0.22298425395045782,0.10436368658420186,False,True,False,True,False,True,False,True
1584,0.22321484591278992,0.10444600855005257,False,True,False,True,False,True,False,True
1585,0.2236194617555062,0.10405900670530469,False,True,False,True,False,True,False,True
1586,0.2239333831617722,0.10428540318517898,False,True,False,True,False,True,False,True
1587,0.2244254310533941,0.1043865223528773,False,True,False,True,False,True,False,True
1588,0.22482075543854294,0.10419858186919427,False,True,False,True,False,True,False,True
1589,0.22485940217604433,0.10359190378563689,False,True,False,True,False,True,False,True
1590,0.2247340537029708,0.10342186724250874,False,True,False,True,False,True,False,True
1591,0.2251508535974572,0.1049155161595117,False,True,False,True,False,True,False,True
1592,0.22528984446343614,0.10320992791544863,False,True,False,True,False,True,False,True
1593,0.2250403371667124,0.10332488642582925,False,True,False,True,False,True,False,True
1594,0.2249535380250484,0.10358823095654172,False,True,False,True,False,True,False,True
1595,0.22470215154488557,0.10416761941325157,False,True,False,True,False,True,False,True
1596,0.22487404665599456,0.10413875188163929,False,True,False,True,False,True,False,True
1597,0.2251508122410842,0.10443522124653629,False,True,False,True,False,True,False,True
1598,0.2250106661825757,0.10402059089007756,False,True,False,True,False,True,False,True
1599,0.22472106121849583,0.1037821226743253,False,True,False,True,False,True,False,True
1600,0.22492459374564314,0.1032343799221365,False,True,False,True,False,True,False,True
1601,0.22526869785788245,0.10295493313412744,False,True,False,True,False,True,False,True
1602,0.2259806492250616,0.10263117549315061,False,True,False,True,False,True,False,True
1603,0.2267109978993901,0.10288013422430753,False,True,False,True,False,True,False,True
1604,0.22737364661661363,0.10282941951653758,False,True,False,True,False,True,False,True
1605,0.2282192018898972,0.1029600909031853,False,True,False,True,False,True,False,True
1606,0.22904849862910504,0.10346096076606132,False,True,False,True,False,True,False,True
1607,0.2298270278329457,0.10381337951969466,False,True,False,True,False,True,False,True
1608,0.23083971834304884,0.1040195224311132,False,True,False,True,False,True,False,True
1609,0.23194997237558898,0.10378445526570482,False,True,False,True,False,True,False,True
1610,0.23271579102101275,0.10317371875154527,False,True,False,True,False,True,False,True
1611,0.23313396553842422,0.10249390900727219,False,True,False,True,False,True,False,True
1612,0.23348709619200214,0.10243919178016883,False,True,False,True,False,True,False,True
1613,0.23367429735539466,0.10255618735370325,False,True,False,True,False,True,False,True
1614,0.2336641910378972,0.10274876987676043,False,True,False,True,False,True,False,True
1615,0.23368076800387316,0.10354503793550765,False,True,False,True,False,True,False,True
1616,0.23403273290174115,0.10205160226729658,False,True,False,True,False,True,False,True
1617,0.23420111121429596,0.10216354239697918,False,True,False,True,False,True,False,True
1618,0.23391678313147984,0.10234580618254292,False,True,False,True,False,True,False,True
1619,0.2339517182318043,0.10180495677195205,False,True,False,True,False,True,False,True
1620,0.23424620486663036,0.10087832155405574,False,True,False,True,False,True,False,True
1621,0.2342872937918696,0.10153885637978818,False,True,False,True,False,True,False,True
1622,0.2341330216643147,0.10143675668414438,False,True,False,True,False,True,False,True
1623,0.23391184170823034,0.10128787789478952,False,True,False,True,False,True,False,True
1624,0.23353749045472677,0.10139363913088696,False,True,False,True,False,True,False,True
1625,0.23293889665027487,0.10117646385886356,False,True,False,True,False,True,False,True
1626,0.2322595836562225,0.1011354060275399,False,True,False,True,False,True,False,True
1627,0.2315379540285469,0.1012040278309099,False,True,False,True,False,True,False,True
1628,0.23090349166127358,0.101390807624996,False,True,False,True,False,True,False,True
1629,0.2303873039630173,0.1012492165521417,False,True,False,True,False,True,False,True
1630,0.23000472744740336,0.10190515193163405,False,True,False,True,False,True,False,True
1631,0.23006082761843874,0.1028078873816205,False,True,False,True,False,True,False,True
1632,0.23044713047210116,0.10324354488923734,False,True,False,True,False,True,False,True
1633,0.23045984682060908,0.1031434318006548,False,True,False,True,False,True,False,True
1634,0.2305010355901195,0.10348254555543471,False,True,False,True,False,True,False,True
1635,0.23047163031283768,0.10333446928568202,False,True,False,True,False,True,False,True
1636,0.2305632650217907,0.10329419701446495,False,True,False,True,False,True,False,True
1637,0.23057440353489478,0.10344103566139977,False,True,False,True,False,True,False,True
1638,0.23058144831061428,0.10373380948468067,False,True,False,True,False,True,False,True
1639,0.23069540571698766,0.10369653108255686,False,True,False,True,False,True,False,True
1640,0.23068787112868683,0.10345735583314888,False,True,False,True,False,True,False,True
1641,0.23073898541354984,0.10370621606986634,False,True,False,True,False,True,False,True
1642,0.2309306980199119,0.10402327458656452,False,True,False,True,False,True,False,True
1643,0.23110155124423132,0.104143069086639,False,True,False,True,False,True,False,True
1644,0.23126544974102867,0.10423661654342145,False,True,False,True,False,True,False,True
1645,0.2315252256097243,0.10407677262279014,False,True,False,True,False,True,False,True
1646,0.2317035960342754,0.10398619498002197,False,True,False,True,False,True,False,True
1647,0.23175520316046472,0.10415995226881532,False,True,False,True,False,True,False,True
1648,0.23160762623307504,0.10388806447386005,False,True,False,True,False,True,False,True
1649,0.23115913295202037,0.10376701801553467,False,True,False,True,False,True,False,True
1650,0.23068014626695857,0.1037035708865166,False,True,False,True,False,True,False,True
1651,0.23022873773273356,0.10366566698257443,False,True,False,True,False,True,False,True
1652,0.2297607709195768,0.10358418679818572,False,True,False,True,False,True,False,True
1653,0.22932646774370521,0.10352673578529274,False,True,False,True,False,True,False,True
1654,0.22912541407179135,0.10348303154635818,False,True,False,True,False,True,False,True
1655,0.22906705307983194,0.10327570811976795,False,True,False,True,False,True,False,True
1656,0.2288484843951927,0.10353004319065648,False,True,False,True,False,True,False,True
1657,0.22881380549756614,0.10357613930507943,False,True,False,True,False,True,False,True
1658,0.22910570719754078,0.10410035488950517,False,True,False,True,False,True,False,True
1659,0.2290924773836604,0.10413157504787146,False,True,False,True,False,True,False,True
1660,0.22935912584765022,0.10354827543540047,False,True,False,True,False,True,False,True
1661,0.22934864090822268,0.10341817996025705,False,True,False,True,False,True,False,True
1662,0.22926523561793274,0.10318227840716153,False,True,False,True,False,True,False,True
1663,0.22915060085501007,0.10362141209520628,False,True,False,True,False,True,False,True
1664,0.22942755546418742,0.10327908549164458,False,True,False,True,False,True,False,True
1665,0.22871825242793786,0.10422420009713566,False,True,False,True,False,True,False,True
1666,0.2286915294418734,0.10453896703054401,False,True,False,True,False,True,False,True
1667,0.22930202084157056,0.10477775610721889,False,True,False,True,False,True,False,True
1668,0.22992646731416094,0.10496990351160869,False,True,False,True,False,True,False,True
1669,0.2308713731893269,0.10513065646913661,False,True,False,True,False,True,False,True
1670,0.2313717005422842,0.10488309794288268,False,True,False,True,False,True,False,True
1671,0.23222994702452282,0.10440332801095475,False,True,False,True,False,True,False,True
1672,0.2329043297474281,0.10384911609539575,False,True,False,True,False,True,False,True
1673,0.2330493326070494,0.10366200475035167,False,True,False,True,False,True,False,True
1674,0.23283182115325302,0.10368202466006109,False,True,False,True,False,True,False,True
1675,0.23245305039557715,0.10370671643312711,False,True,False,True,False,True,False,True
1676,0.23214533005919433,0.10370420139978147,False,True,False,True,False,True,False,True
1677,0.2318964152654284,0.1037600833027926,False,True,False,True,False,True,False,True
1678,0.23171279127688085,0.10369265898168385,False,True,False,True,False,True,False,True
1679,0.23167977041038834,0.10378908915029296,False,True,False,True,False,True,False,True
1680,0.2318191808229002,0.1043747700551883,False,True,False,True,False,True,False,True
1681,0.23176331472666517,0.10477083290902198,False,True,False,True,False,True,False,True
1682,0.23238999349206274,0.10611112232994788,False,True,False,True,False,True,False,True
1683,0.2332946545606127,0.10644289674798706,False,True,False,True,False,True,False,True
1684,0.2338312539147493,0.10654415851913154,False,True,False,True,False,True,False,True
1685,0.2343984270510329,0.10579086577537222,False,True,False,True,False,True,False,True
1686,0.234748578808731,0.10669612651925106,False,True,False,True,False,True,False,True
1687,0.23512503680975833,0.1062369562718403,False,True,False,True,False,True,False,True
1688,0.23615367936554635,0.10821200211001036,False,True,False,True,False,True,False,True
1689,0.236245923942351,0.10834953145439136,False,True,False,True,False,True,False,True
1690,0.23623570002230906,0.1082665106303766,False,True,False,True,False,True,False,True
1691,0.23616116719836502,0.10861030433872998,False,True,False,True,False,True,False,True
1692,0.2367311696470033,0.10829317799291499,False,True,False,True,False,True,False,True
1693,0.23753542301970262,0.10834332215545515,False,True,False,True,False,True,False,True
1694,0.23812564704969477,0.10815517855200449,False,True,False,True,False,True,False,True
1695,0.23882808333961686,0.10826166346745145,False,True,False,True,False,True,False,True
1696,0.23940326554490937,0.1083326042379111,False,True,False,True,False,True,False,True
1697,0.2397678104153791,0.10795623865653889,False,True,False,True,False,True,False,True
1698,0.23987404160885095,0.10779569309147595,False,True,False,True,False,True,False,True
1699,0.23977373420761064,0.10779374066779582,False,True,False,True,False,True,False,True
1700,0.23975153428981907,0.10776270723098327,False,True,False,True,False,True,False,True
1701,0.23959794806357373,0.10775373766630707,False,True,False,True,False,True,False,True
1702,0.23966026173830415,0.10776000180192609,False,True,False,True,False,True,False,True
1703,0.2397186763396304,0.10777264455919415,False,True,False,True,False,True,False,True
1704,0.23939761805714732,0.10793344945702403,False,True,False,True,False,True,False,True
1705,0.23890730408668337,0.10791789763904104,False,True,False,True,False,True,False,True
1706,0.23866557552875536,0.1076852800293297,False,True,False,True,False,True,False,True
1707,0.23823287222143913,0.10774324960443701,False,True,False,True,False,True,False,True
1708,0.23821282621172074,0.10792581320041128,False,True,False,True,False,True,False,True
1709,0.2379024933854108,0.10798808955585948,False,True,False,True,False,True,False,True
1710,0.23753679551749327,0.10779704080943092,False,True,False,True,False,True,False,True
1711,0.23717675950111014,0.10739521802914914,False,True,False,True,False,True,False,True
1712,0.23692131295849925,0.10678097281398256,False,True,False,True,False,True,False,True
1713,0.2368840832779092,0.10645257520743162,False,True,False,True,False,True,False,True
1714,0.23696181125540378,0.10692795920812252,False,True,False,True,False,True,False,True
1715,0.23719877467577583,0.1084568936289839,False,True,False,True,False,True,False,True
1716,0.23779576346834894,0.10839509010194234,False,True,False,True,False,True,False,True
1717,0.23838594039532973,0.10871032395941904,False,True,False,True,False,True,False,True
1718,0.23924880970250728,0.10795407639192864,False,True,False,True,False,True,False,True
1719,0.23962717401658762,0.10797419209297077,False,True,False,True,False,True,False,True
1720,0.23917646104639484,0.10721042679324815,False,True,False,True,False,True,False,True
1721,0.2384567536750905,0.10696013233662222,False,True,False,True,False,True,False,True
1722,0.23741664056200928,0.10698376557920389,False,True,False,True,False,True,False,True
1723,0.2365300583977494,0.10669130904460278,False,True,False,True,False,True,False,True
1724,0.23574873108274214,0.10651028963107721,False,True,False,True,False,True,False,True
1725,0.23477567459639778,0.10637378171031099,False,True,False,True,False,True,False,True
1726,0.23425290212387362,0.10640260384139066,False,True,False,True,False,True,False,True
1727,0.23428525949181778,0.10623327975462248,False,True,False,True,False,True,False,True
1728,0.23464216008931332,0.10644816570251567,False,True,False,True,False,True,False,True
1729,0.23474773406469784,0.10629984365361522,False,True,False,True,False,True,False,True
1730,0.235234512890873,0.10611582673147091,False,True,False,True,False,True,False,True
1731,0.23615168223611557,0.10599734040718295,False,True,False,True,False,True,False,True
1732,0.2369798374450216,0.10594778330215962,False,True,False,True,False,True,False,True
1733,0.23784138877274466,0.10572345133804635,False,True,False,True,False,True,False,True
1734,0.23837434737349908,0.10564580473403168,False,True,False,True,False,True,False,True
1735,0.23865665529705987,0.10589085185800978,False,True,False,True,False,True,False,True
1736,0.23878576911054217,0.10605891633484028,False,True,False,True,False,True,False,True
1737,0.23906639177426164,0.10602259644130418,False,True,False,True,False,True,False,True
1738,0.23961667813483065,0.10599328236226603,False,True,False,True,False,True,False,True
1739,0.240161102436795,0.10633000940885125,False,True,False,True,False,True,False,True
1740,0.24058389297843033,0.10626837404740208,False,True,False,True,False,True,False,True
1741,0.2411051024575259,0.10620065211921041,False,True,False,True,False,True,False,True
1742,0.24173287717016856,0.10622384642431862,False,True,False,True,False,True,False,True
1743,0.24229787419163643,0.10630709650678191,False,True,False,True,False,True,False,True
1744,0.2425711395492097,0.10647613213453685,False,True,False,True,False,True,False,True
1745,0.24232341980868416,0.10665718722728723,False,True,False,True,False,True,False,True
1746,0.24168543741095333,0.10675764484690757,False,True,False,True,False,True,False,True
1747,0.2410502198447278,0.1066834148029698,False,True,False,True,False,True,False,True
1748,0.24052500930587392,0.10665814306020699,False,True,False,True,False,True,False,True
1749,0.24008919991746486,0.10651741126679867,False,True,False,True,False,True,False,True
1750,0.24004768847070265,0.10663233444349335,False,True,False,True,False,True,False,True
1751,0.24011281961881106,0.10666181990735217,False,True,False,True,False,True,False,True
1752,0.2403182804975058,0.10661602108492187,False,True,False,True,False,True,False,True
1753,0.2406338404317126,0.1065511739726685,False,True,False,True,False,True,False,True
1754,0.24116221930848436,0.10659821780039094,False,True,False,True,False,True,False,True
1755,0.2416739024150562,0.10656153506776231,False,True,False,True,False,True,False,True
1756,0.24237927232458598,0.10637110607323119,False,True,False,True,False,True,False,True
1757,0.2431201962627377,0.10583182463462111,False,True,False,True,False,True,False,True
1758,0.24333094937307612,0.10589022234062762,False,True,False,True,False,True,False,True
1759,0.24330426652140463,0.10614949996830654,False,True,False,True,False,True,False,True
1760,0.24339131785821005,0.10628544060576625,False,True,False,True,False,True,False,True
1761,0.24366651922739274,0.10623959805779094,False,True,False,True,False,True,False,True
1762,0.24406442970073683,0.10657555889876769,False,True,False,True,False,True,False,True
1763,0.24477526533085947,0.1069443162524685,False,True,False,True,False,True,False,True
1764,0.24567096603559152,0.10697007297054524,False,True,False,True,False,True,False,True
1765,0.24677897230469334,0.10700313116754158,False,True,False,True,False,True,False,True
1766,0.24783916568263537,0.1065318275052141,False,True,False,True,False,True,False,True
1767,0.2486085588118688,0.10627004178950224,False,True,False,True,False,True,False,True
1768,0.2491329576112269,0.1061909416621038,False,True,False,True,False,True,False,True
1769,0.2494103903596837,0.10618743038484148,False,True,False,True,False,True,False,True
1770,0.2494514707872923,0.10624624024800305,False,True,False,True,False,True,False,True
1771,0.24934123247859907,0.10628214555479339,False,True,False,True,False,True,False,True
1772,0.24953798823872111,0.10653261628990196,False,True,False,True,False,True,False,True
1773,0.24960531134728123,0.10623447127331011,False,True,False,True,False,True,False,True
1774,0.24965894791404067,0.10683849572083579,False,True,False,True,False,True,False,True
1775,0.2497071297769066,0.10700681165223405,False,True,False,True,False,True,False,True
1776,0.25030270181719644,0.10754503217858431,False,True,False,True,False,True,False,True
1777,0.25103461954367706,0.10748141464882698,False,True,False,True,False,True,False,True
1778,0.2516376274375132,0.10771368621597623,False,True,False,True,False,True,False,True
1779,0.25266106041795855,0.10773457340465126,False,True,False,True,False,True,False,True
1780,0.25383445582967906,0.1075722018478943,False,True,False,True,False,True,False,True
1781,0.2548625702817657,0.10758156923396783,False,True,False,True,False,True,False,True
1782,0.2555574695228972,0.10765853214196756,False,True,False,True,False,True,False,True
1783,0.25613465558831294,0.10796235467158947,False,True,False,True,False,True,False,True
1784,0.2568413850077865,0.10809836992901556,False,True,False,True,False,True,False,True
1785,0.2578556040319759,0.10765326628229707,False,True,False,True,False,True,False,True
1786,0.25882085187544684,0.10870009636867853,False,True,False,True,False,True,False,True
1787,0.25956274067823826,0.10802526613921583,False,True,False,True,False,True,False,True
1788,0.2603150215366759,0.1077141626247741,False,True,False,True,False,True,False,True
1789,0.26110752260775416,0.10877291787684622,False,True,False,True,False,True,False,True
1790,0.26195267357658253,0.10864713596941337,False,True,False,True,False,True,False,True
1791,0.26269412440248696,0.10851368302924566,False,True,False,True,False,True,False,True
1792,0.26317306479840935,0.10856008834616615,False,True,False,True,False,True,False,True
1793,0.2634040437347556,0.10885606938169745,False,True,False,True,False,True,False,True
1794,0.2631313785808109,0.10885476218358679,False,True,False,True,False,True,False,True
1795,0.2628532158039856,0.10884523654208463,False,True,False,True,False,True,False,True
1796,0.2625736428505107,0.10894405390790965,False,True,False,True,False,True,False,True
1797,0.2625771124292814,0.10895381109715521,False,True,False,True,False,True,False,True
1798,0.26274013681829933,0.10891938462300255,False,True,False,True,False,True,False,True
1799,0.2630763138268918,0.10895736876115444,False,True,False,True,False,True,False,True
1800,0.2634958608212229,0.10912475581886201,False,True,False,True,False,True,False,True
1801,0.2642048475713147,0.10906768731408209,False,True,False,True,False,True,False,True
1802,0.26515992052654613,0.10882492522923799,False,True,False,True,False,True,False,True
1803,0.26610546011562247,0.10873791922290092,False,True,False,True,False,True,False,True
1804,0.2668540105668582,0.10874262707121694,False,True,False,True,False,True,False,True
1805,0.2675293536189526,0.10908870953066321,False,True,False,True,False,True,False,True
1806,0.2681852311412644,0.10952481014091224,False,True,False,True,False,True,False,True
1807,0.268690722053979,0.1095438918330031,False,True,False,True,False,True,False,True
1808,0.2690919782328559,0.11028765177062388,False,True,False,True,False,True,False,True
1809,0.26975319204651443,0.11010281892234992,False,True,False,True,False,True,False,True
1810,0.2705988698052965,0.11006687922685784,False,True,False,True,False,True,False,True
1811,0.27144352813950134,0.10991894712555357,False,True,False,True,False,True,False,True
1812,0.27242394379663937,0.10971616849387432,False,True,False,True,False,True,False,True
1813,0.27351273315503377,0.10989582102575257,False,True,False,True,False,True,False,True
1814,0.2745598281014774,0.10988377371255846,False,True,False,True,False,True,False,True
1815,0.27539745259563364,0.10981532689668431,False,True,False,True,False,True,False,True
1816,0.27573569109364404,0.10989987762634054,False,True,False,True,False,True,False,True
1817,0.2757825384937169,0.11006250294538547,False,True,False,True,False,True,False,True
1818,0.27565177430918597,0.11013146261901319,False,True,False,True,False,True,False,True
1819,0.27550054192857154,0.11035262848256137,False,True,False,True,False,True,False,True
1820,0.27545614564732207,0.11050570116908591,False,True,False,True,False,True,False,True
1821,0.27537401177109594,0.11070587025777796,False,True,False,True,False,True,False,True
1822,0.27534280536274736,0.11087415480450492,False,True,False,True,False,True,False,True
1823,0.2755723802094499,0.11088211866724015,False,True,False,True,False,True,False,True
1824,0.2759950709822494,0.11084569542726873,False,True,False,True,False,True,False,True
1825,0.2764636735864598,0.11053856471175907,False,True,False,True,False,True,False,True
1826,0.2769298726277195,0.11041976598151149,False,True,False,True,False,True,False,True
1827,0.2776891484649047,0.11028878962924626,False,True,False,True,False,True,False,True
1828,0.2786771373146196,0.11050926477428621,False,True,False,True,False,True,True,True
1829,0.27958777111514843,0.11079213142003971,False,True,False,True,False,True,True,True
1830,0.28013135202195344,0.1106383636134825,False,True,False,True,False,True,True,True
1831,0.2802937372473497,0.11103289323008557,False,True,False,True,False,True,True,True
1832,0.28052214774910905,0.1097348254866275,False,True,False,True,False,True,True,True
1833,0.2806937163509216,0.11063048507610504,False,True,False,True,False,True,True,True
1834,0.28132940355544406,0.11048922651141944,False,True,False,True,True,True,True,True
1835,0.28241236121521784,0.10969888509942319,False,True,False,True,True,True,True,True
1836,0.28395908325115415,0.10954943212807035,True,True,True,True,True,True,True,True
1837,0.28558605065685083,0.1096925310133269,True,True,True,True,True,True,True,True
1838,0.28700869304493704,0.10946942765381917,True,True,True,True,True,True,True,True
1839,0.2886009373058978,0.10890929393676134,True,True,True,True,True,True,True,True
1840,0.29012222551314376,0.10831575241187903,True,True,True,True,True,True,True,True
1841,0.29009015860350024,0.10813999219469733,True,True,True,True,True,True,True,True
1842,0.2895429023826017,0.10794053615103233,True,True,True,True,True,True,True,True
1843,0.2886995452979792,0.1080436728613168,True,True,True,True,True,True,True,True
1844,0.2879149992046018,0.1079716072979973,True,True,True,True,True,True,True,True
1845,0.2873413099676269,0.10804755501163274,True,True,True,True,True,True,True,True
1846,0.28690298309457446,0.10804524675495253,True,True,True,True,True,True,True,True
1847,0.28708757921062467,0.10787302377339383,True,True,True,True,True,True,True,True
1848,0.287887540499374,0.10844721816999371,True,True,True,True,True,True,True,True
1849,0.28818117392203024,0.1080498269746907,True,True,True,True,True,True,True,True
1850,0.28860656801660317,0.10805365668650777,True,True,True,True,True,True,True,True
1851,0.28901685069685656,0.10775946636617593,True,True,True,True,True,True,True,True
1852,0.28921575940559224,0.1077899168100029,True,True,True,True,True,True,True,True
1853,0.28908426141541743,0.10782006273043196,True,True,True,True,True,True,True,True
1854,0.28864253188259253,0.10849954242889501,True,True,True,True,True,True,True,True
1855,0.2880273892059678,0.10891724048829442,True,True,True,True,True,True,True,True
1856,0.2871935539944273,0.10968861823837874,True,True,True,True,True,True,True,True
1857,0.2871980049547661,0.107583035302876,True,True,True,True,True,True,True,True
1858,0.28547736894367726,0.10638171390319164,True,True,True,True,True,True,True,True
1859,0.2825932486687598,0.1061388009982073,False,True,True,True,True,True,True,True
1860,0.2788661048508194,0.10490163126924314,False,True,False,True,False,True,True,True
1861,0.2737228302693929,0.10426632103750552,False,True,False,True,False,True,False,True
1862,0.2682548766146317,0.10397478622411127,False,True,False,True,False,True,False,True
1863,0.2653924919905456,0.10243671811537529,False,True,False,True,False,True,False,True
1864,0.26667930481649754,0.10229930183312892,False,True,False,True,False,True,False,True
1865,0.2664615639422044,0.10153929331869836,False,True,False,True,False,True,False,True
1866,0.26607533885503565,0.10142593081443596,False,True,False,True,False,True,False,True
1867,0.2655908085945459,0.10162501535423712,False,True,False,True,False,True,False,True
1868,0.26514585733231394,0.10178232975298271,False,True,False,True,False,True,False,True
1869,0.2646594700691412,0.10178063674533189,False,True,False,True,False,True,False,True
1870,0.2641442682776046,0.10220184393918161,False,True,False,True,False,True,False,True
1871,0.2636321338102744,0.10224865315148572,False,True,False,True,False,True,False,True
1872,0.26349233203293804,0.10241392246864651,False,True,False,True,False,True,False,True
1873,0.2637629467627202,0.10243916177570614,False,True,False,True,False,True,False,True
1874,0.2640295175778803,0.1024899446995106,False,True,False,True,False,True,False,True
1875,0.26413116336782727,0.10253903298962623,False,True,False,True,False,True,False,True
1876,0.2641394128128431,0.10258724699941657,False,True,False,True,False,True,False,True
1877,0.26409236745232906,0.10253876386713832,False,True,False,True,False,True,False,True
1878,0.26386623988036373,0.10238887621117869,False,True,False,True,False,True,False,True
1879,0.26365126891024465,0.10253028171262836,False,True,False,True,False,True,False,True
1880,0.26358148992726954,0.10292211275947655,False,True,False,True,False,True,False,True
1881,0.26347188693709395,0.0997091339384417,False,True,False,True,False,True,False,True
1882,0.2613650732815892,0.09845503209953228,False,True,False,True,False,True,False,True
1883,0.25577422196917055,0.09783498816055666,False,True,False,True,False,True,False,True
1884,0.24848948259634407,0.1017865790322153,False,True,False,True,False,True,False,True
1885,0.24411586480403125,0.10159489855362464,False,True,False,True,False,True,False,True
1886,0.24282936638249672,0.10116975124212635,False,True,False,True,False,True,False,True
1887,0.242604477531354,0.09930413890858372,False,True,False,True,False,True,False,True
1888,0.2431530037963466,0.09807677376866125,False,True,False,True,False,True,False,True
1889,0.24270861172115676,0.09795594328912383,False,True,False,True,False,True,False,True
1890,0.24186302636962986,0.09784786217294072,False,True,False,True,False,True,False,True
1891,0.24108708987298513,0.09789483833510132,False,True,False,True,False,True,False,True
1892,0.24051372718056357,0.0979996893930303,False,True,False,True,False,True,False,True
1893,0.24008505035841252,0.09776010601319175,False,True,False,True,False,True,False,True
1894,0.2398115548444321,0.09730631948562796,False,True,False,True,False,True,False,True
1895,0.23999817454875177,0.09802243532758229,False,True,False,True,False,True,False,True
1896,0.24013834763046038,0.09873864911489072,False,True,False,True,False,True,False,True
1897,0.24005491257807057,0.09853210134605303,False,True,False,True,False,True,False,True
1898,0.23998932354614314,0.0986701809121194,False,True,False,True,False,True,False,True
1899,0.23940325901494205,0.09907848929818351,False,True,False,True,False,True,False,True
1900,0.2395269904984419,0.09512593974217577,False,True,False,True,False,True,False,True
1901,0.23918335179741157,0.09166819349136957,False,True,False,True,False,True,False,True
1902,0.23929632498737996,0.08790550026223341,False,True,False,True,False,True,False,True
1903,0.23975765704645552,0.08438614150267569,False,True,False,True,False,True,False,False
1904,0.24017316276195752,0.07977721357369252,False,False,False,False,False,False,False,False
1905,0.2399993148510833,0.07326266963957322,False,False,False,False,False,False,False,False
1906,0.2406063257397967,0.07336276502322858,False,False,False,False,False,False,False,False
1907,0.23938085471604728,0.07191082417148294,False,False,False,False,False,False,False,False
1908,0.23876779495498188,0.07039479349219256,False,False,False,False,False,False,False,False
1909,0.24586438200644536,0.07079965258287595,False,False,False,False,False,False,False,False
1910,0.25300037007548787,0.07000795671900996,False,False,False,False,False,False,False,False
1911,0.2574623182421473,0.06764262323851225,False,False,False,False,False,False,False,False
1912,0.25824533750919243,0.06481410886151798,False,False,False,False,False,False,False,False
1913,0.2584177794996617,0.06503273724041272,False,False,False,False,False,False,False,False
1914,0.25832547160454106,0.06494649124414782,False,False,False,False,False,False,False,False
1915,0.2584365168042152,0.06519834543644173,False,False,False,False,False,False,False,False
1916,0.25871800480634016,0.06506767471138854,False,False,False,False,False,False,False,False
1917,0.2589172630170624,0.06552697786539458,False,False,False,False,False,False,False,False
1918,0.2592374468348958,0.06571347553034919,False,False,False,False,False,False,False,False
1919,0.2590280993766662,0.0658013482872663,False,False,False,False,False,False,False,False
1920,0.25904582216756405,0.06610292067938396,False,False,False,False,False,False,False,False
1921,0.25895317545677315,0.06664790659610517,False,False,False,False,False,False,False,False
1922,0.25804141291645216,0.06800018137378647,False,False,False,False,False,False,False,False
1923,0.25850905086679177,0.06662503266897371,False,False,False,False,False,False,False,False
1924,0.25812212983167654,0.06776591364914644,False,False,False,False,False,False,False,False
1925,0.25695011850259997,0.06857765303076972,False,False,False,False,False,False,False,False
1926,0.2567349623084324,0.06885046294238328,False,False,False,False,False,False,False,False
1927,0.25654366023035846,0.06839394744974056,False,False,False,False,False,False,False,False
1928,0.256666424166363,0.06853636713226707,False,False,False,False,False,False,False,False
1929,0.25782677861917946,0.06552813773919922,False,False,False,False,False,False,False,False
1930,0.2587768814267192,0.06505807154845412,False,False,False,False,False,False,False,False
1931,0.2606886034795896,0.06401538314833265,False,False,False,False,False,False,False,False
1932,0.2624200491936061,0.061986922783181395,False,False,False,False,False,False,False,False
1933,0.2649521255279731,0.06183815130044902,False,False,False,False,False,False,False,False
1934,0.267956145669968,0.06178785972389222,False,False,False,False,False,False,False,False
1935,0.26932159561424823,0.059929545451423503,False,False,False,False,False,False,False,False
1936,0.26971279727535347,0.05891672471921681,False,False,False,False,False,False,False,False
1937,0.2708536391494063,0.05689347972665765,False,False,False,False,False,False,False,False
1938,0.27118922565109316,0.057396070028402794,False,False,False,False,False,False,False,False
1939,0.27161043648790306,0.05789540746148159,False,False,False,False,False,False,False,False
1940,0.272003249950834,0.05659775614321163,False,False,False,False,False,False,False,False
1941,0.2724227482153258,0.05582135211078739,False,False,False,False,False,False,False,False
1942,0.27258108214860377,0.05638974857355398,False,False,False,False,False,False,False,False
1943,0.27244592268687917,0.05662643099876046,False,False,False,False,False,False,False,False
1944,0.2721991287497792,0.057276619920620414,False,False,False,False,False,False,False,False
1945,0.272462866497398,0.0573220402874441,False,False,False,False,False,False,False,False
1946,0.2712858968346328,0.058244294200291605,False,False,False,False,False,False,False,False
1947,0.26893750705850694,0.060663297793372865,False,False,False,False,False,False,False,False
1948,0.2654266756790932,0.060238329867178676,False,False,False,False,False,False,False,False
1949,0.26211786581254554,0.05965794236194917,False,False,False,False,False,False,False,False
1950,0.26107672934190773,0.06010859151460347,False,False,False,False,False,False,False,False
1951,0.2608258409703498,0.05808100615107588,False,False,False,False,False,False,False,False
1952,0.2609585911301502,0.056052755492406785,False,False,False,False,False,False,False,False
1953,0.2612485830832809,0.056916859424340834,False,False,False,False,False,False,False,False
1954,0.26061697394506717,0.05737527515759038,False,False,False,False,False,False,False,False
1955,0.2599267000080901,0.059080384905161286,False,False,False,False,False,False,False,False
1956,0.25966557207672375,0.0592073700022257,False,False,False,False,False,False,False,False
1957,0.2596324444120901,0.05944009292880885,False,False,False,False,False,False,False,False
1958,0.2593162702541328,0.05963129397114045,False,False,False,False,False,False,False,False
1959,0.2590493815683355,0.05979747865385756,False,False,False,False,False,False,False,False
1960,0.259214665292192,0.05907130237095454,False,False,False,False,False,False,False,False
1961,0.2593905162662254,0.059182478531148476,False,False,False,False,False,False,False,False
1962,0.2600763212059552,0.058032344353304524,False,False,False,False,False,False,False,False
1963,0.26002272025974427,0.058042365225905876,False,False,False,False,False,False,False,False
1964,0.2601615506306426,0.05786962174988738,False,False,False,False,False,False,False,False
1965,0.2603499668125212,0.05647989986260464,False,False,False,False,False,False,False,False
1966,0.2609125975318511,0.057078215246384394,False,False,False,False,False,False,False,False
1967,0.2608733461143708,0.056588159945199265,False,False,False,False,False,False,False,False
1968,0.2608965001384765,0.05859273576244846,False,False,False,False,False,False,False,False
1969,0.26057556546693417,0.058096091411857974,False,False,False,False,False,False,False,False
1970,0.25943032108556624,0.05890444729145806,False,False,False,False,False,False,False,False
1971,0.258195949567095,0.06094326308555016,False,False,False,False,False,False,False,False
1972,0.25632653481797646,0.06079304143297576,False,False,False,False,False,False,False,False
1973,0.2547351546755715,0.06100210828100833,False,False,False,False,False,False,False,False
1974,0.2510627740736297,0.062313523529156534,False,False,False,False,False,False,False,False
1975,0.24741979230227412,0.06155241879843962,False,False,False,False,False,False,False,False
1976,0.24727979383917448,0.06372284411344938,False,False,False,False,False,False,False,False
1977,0.24780101940293578,0.06385376082007879,False,False,False,False,False,False,False,False
1978,0.2473650035737942,0.06397575868021436,False,False,False,False,False,False,False,False
1979,0.2469586630419926,0.06380980062019008,False,False,False,False,False,False,False,False
1980,0.2465307227884718,0.06396186928465543,False,False,False,False,False,False,False,False
1981,0.2463464668586927,0.06277287039403964,False,False,False,False,False,False,False,False
1982,0.2462506539141807,0.06277666506401568,False,False,False,False,False,False,False,False
1983,0.2456727679509449,0.06262494096441616,False,False,False,False,False,False,False,False
1984,0.24583872990048503,0.061982165234025895,False,False,False,False,False,False,False,False
1985,0.2467281277401088,0.06166132514353071,False,False,False,False,False,False,False,False
1986,0.24768716995380335,0.061602997869816774,False,False,False,False,False,False,False,False
1987,0.24854862873827643,0.06067946086198931,False,False,False,False,False,False,False,False
1988,0.24896212461246,0.06080275160654166,False,False,False,False,False,False,False,False
1989,0.24949995028834873,0.06006871267416715,False,False,False,False,False,False,False,False
1990,0.24977789964569264,0.06026814363311236,False,False,False,False,False,False,False,False
1991,0.2500199878172928,0.060259587792905196,False,False,False,False,False,False,False,False
1992,0.25047310863915356,0.060345156902085535,False,False,False,False,False,False,False,False
1993,0.2504839505834627,0.06068237298050618,False,False,False,False,False,False,False,False
1994,0.24977059720882439,0.06189017449514295,False,False,False,False,False,False,False,False
1995,0.24893958552239429,0.06070939703458685,False,False,False,False,False,False,False,False
1996,0.24784257112338956,0.06193929685785674,False,False,False,False,False,False,False,False
1997,0.24583027729862753,0.06250523797546041,False,False,False,False,False,False,False,False
1998,0.24374290826977038,0.06328138786051085,False,False,False,False,False,False,False,False
1999,0.24287419775031274,0.0635575977152574,False,False,False,False,False,False,False,False
2000,0.24341385938521035,0.06294825131819198,False,False,False,False,False,False,False,False
2001,0.24410466371186648,0.06318745260925597,False,False,False,False,False,False,False,False
2002,0.24389116596561722,0.06283769414936659,False,False,False,False,False,False,False,False
2003,0.24291865612166086,0.06277761748005156,False,False,False,False,False,False,False,False
2004,0.24147947576856316,0.06260731650772733,False,False,False,False,False,False,False,False
2005,0.240226952189602,0.0624132515741443,False,False,False,False,False,False,False,False
2006,0.2390272458746616,0.06231787361397595,False,False,False,False,False,False,False,False
2007,0.23685670391221222,0.060541746959648125,False,False,False,False,False,False,False,False
2008,0.2363700126652391,0.05919285028303153,False,False,False,False,False,False,False,False
2009,0.23744536056181317,0.05936337285188277,False,False,False,False,False,False,False,False
2010,0.23852359398260742,0.05936656624958985,False,False,False,False,False,False,False,False
2011,0.23943593487166628,0.05898139086375053,False,False,False,False,False,False,False,False
2012,0.24004236739588092,0.05923614330909046,False,False,False,False,False,False,False,False
2013,0.2405899684500574,0.05829615505974687,False,False,False,False,False,False,False,False
2014,0.2411173269102092,0.059272198067794685,False,False,False,False,False,False,False,False
2015,0.2409198896901883,0.059214205608593924,False,False,False,False,False,False,False,False
2016,0.24023586245831322,0.05922348182080403,False,False,False,False,False,False,False,False
2017,0.23975926508896878,0.05914020845790141,False,False,False,False,False,False,False,False
2018,0.23808285765237974,0.059724711464628155,False,False,False,False,False,False,False,False
2019,0.237327661226513,0.06092372356412473,False,False,False,False,False,False,False,False
2020,0.23585229379659886,0.06221583278390746,False,False,False,False,False,False,False,False
2021,0.23364648584905143,0.062467659896648584,False,False,False,False,False,False,False,False
2022,0.23232802738385278,0.0630589543936418,False,False,False,False,False,False,False,False
2023,0.23249439134926075,0.06369767293069377,False,False,False,False,False,False,False,False
2024,0.23319890755304964,0.06289021085012336,False,False,False,False,False,False,False,False
2025,0.2341167146105773,0.06507598666402008,False,False,False,False,False,False,False,False
2026,0.23394346998246332,0.06590499098939566,False,False,False,False,False,False,False,False
2027,0.23370460873963134,0.06519169247499465,False,False,False,False,False,False,False,False
2028,0.2335631256151075,0.06630009551998749,False,False,False,False,False,False,False,False
2029,0.23381879208425085,0.06602333515015142,False,False,False,False,False,False,False,False
2030,0.23392114641095657,0.06607910077317562,False,False,False,False,False,False,False,False
2031,0.23380538721203095,0.066424825776498,False,False,False,False,False,False,False,False
2032,0.23432940515110962,0.06686431197099912,False,False,False,False,False,False,False,False
2033,0.23484284423982418,0.06681398716035077,False,False,False,False,False,False,False,False
2034,0.23520230162854125,0.06631212616642579,False,False,False,False,False,False,False,False
2035,0.2355111251090928,0.06622037398905373,False,False,False,False,False,False,False,False
2036,0.23587274922327225,0.06607341025990518,False,False,False,False,False,False,False,False
2037,0.2363019515593901,0.06585896858462374,False,False,False,False,False,False,False,False
2038,0.2365983448400162,0.06608671850373622,False,False,False,False,False,False,False,False
2039,0.23671922292220293,0.0661159191107092,False,False,False,False,False,False,False,False
2040,0.23677673157282197,0.06687873454119724,False,False,False,False,False,False,False,False
2041,0.23655302095124975,0.06665426646207004,False,False,False,False,False,False,False,False
2042,0.23622778141342712,0.06712441697497942,False,False,False,False,False,False,False,False
2043,0.2362339703591918,0.06793245731580805,False,False,False,False,False,False,False,False
2044,0.23582573977273236,0.06762859084769884,False,False,False,False,False,False,False,False
2045,0.2355920461652992,0.06856653821913516,False,False,False,False,False,False,False,False
2046,0.23543602653602808,0.06821983744570186,False,False,False,False,False,False,False,False
2047,0.23608764831529977,0.06900301175033136,False,False,False,False,False,False,False,False
2048,0.2367155947133217,0.06787025167077805,False,False,False,False,False,False,False,False
2049,0.23693801624205627,0.06858586659459716,False,False,False,False,False,False,False,False
2050,0.23641000989023087,0.0694375463918652,False,False,False,False,False,False,False,False
2051,0.23555643913734925,0.06965661356915737,False,False,False,False,False,False,False,False
2052,0.23568525312673105,0.06908006489411236,False,False,False,False,False,False,False,False
2053,0.2344253389376196,0.06888254448837731,False,False,False,False,False,False,False,False
2054,0.23321900710435445,0.06877985898022844,False,False,False,False,False,False,False,False
2055,0.23228793486263244,0.0687804824676776,False,False,False,False,False,False,False,False
2056,0.23194227053545174,0.06997644878334208,False,False,False,False,False,False,False,False
2057,0.23200005627524461,0.06850148200358715,False,False,False,False,False,False,False,False
2058,0.2322116757545304,0.0681269384744248,False,False,False,False,False,False,False,False
2059,0.23241877050155346,0.06852227500500582,False,False,False,False,False,False,False,False
2060,0.23268887185548554,0.06846180459150607,False,False,False,False,False,False,False,False
2061,0.23321316229070593,0.06808862596566627,False,False,False,False,False,False,False,False
2062,0.2337366671646038,0.06870108637176187,False,False,False,False,False,False,False,False
2063,0.2336972075401586,0.06855358562898711,False,False,False,False,False,False,False,False
2064,0.23339225566335695,0.06826691210763242,False,False,False,False,False,False,False,False
2065,0.23324745681720452,0.0678944165142372,False,False,False,False,False,False,False,False
2066,0.2324266012139905,0.06987739685684431,False,False,False,False,False,False,False,False
2067,0.23274795491550268,0.06958917726310838,False,False,False,False,False,False,False,False
2068,0.23319245549849588,0.0698699347922207,False,False,False,False,False,False,False,False
2069,0.23309706779907463,0.07042903346380174,False,False,False,False,False,False,False,False
2070,0.23339708692500116,0.07019119127154348,False,False,False,False,False,False,False,False
2071,0.2339669185939324,0.07067839068999991,False,False,False,False,False,False,False,False
2072,0.23467946900777356,0.07029095891878749,False,False,False,False,False,False,False,False
2073,0.2356905552198631,0.07169338966832071,False,False,False,False,False,False,False,False
2074,0.23555377468615,0.07273551021918795,False,False,False,False,False,False,False,False
2075,0.23496935413323106,0.07141950111870385,False,False,False,False,False,False,False,False
2076,0.2345251270583993,0.07084803793134872,False,False,False,False,False,False,False,False
2077,0.23357011568764594,0.07155917382418339,False,False,False,False,False,False,False,False
2078,0.23319158700573728,0.07123328667896005,False,False,False,False,False,False,False,False
2079,0.2330351211617278,0.07096340303646943,False,False,False,False,False,False,False,False
2080,0.2330066839476078,0.07094380726665411,False,False,False,False,False,False,False,False
2081,0.233337869726618,0.07085685380071491,False,False,False,False,False,False,False,False
2082,0.2336691051854353,0.07089205083408945,False,False,False,False,False,False,False,False
2083,0.23393216257369892,0.07091567293417313,False,False,False,False,False,False,False,False
2084,0.23414078027566956,0.0711416507433553,False,False,False,False,False,False,False,False
2085,0.23446572907929245,0.07032474289224529,False,False,False,False,False,False,False,False
2086,0.23485112291053709,0.0734172322884887,False,False,False,False,False,False,False,False
2087,0.23504991369585423,0.0741439302878937,False,False,False,False,False,False,False,False
2088,0.23438683379837807,0.07432479786653594,False,False,False,False,False,False,False,False
2089,0.23399277851722677,0.07350934107025928,False,False,False,False,False,False,False,False
2090,0.23390138846404973,0.0738582180195796,False,False,False,False,False,False,False,False
2091,0.23381508795115552,0.07434854333143244,False,False,False,False,False,False,False,False
2092,0.23375358557611176,0.07459410216947131,False,False,False,False,False,False,False,False
2093,0.23381593314349822,0.07392708577592844,False,False,False,False,False,False,False,False
2094,0.23397840684163762,0.073456247023432,False,False,False,False,False,False,False,False
2095,0.2345988526798657,0.0743612255731366,False,False,False,False,False,False,False,False
2096,0.2349669942051585,0.07366782497545625,False,False,False,False,False,False,False,False
2097,0.2347950444349997,0.07306894250027883,False,False,False,False,False,False,False,False
2098,0.2340039669833451,0.07329292682795356,False,False,False,False,False,False,False,False
2099,0.23381964467621102,0.07456130750116129,False,False,False,False,False,False,False,False
2100,0.23364186427442402,0.07361336482929588,False,False,False,False,False,False,False,False
2101,0.2336262161480374,0.0718660955713727,False,False,False,False,False,False,False,False
2102,0.23247896004141824,0.07241827496237874,False,False,False,False,False,False,False,False
2103,0.23138804921200554,0.07281828812540554,False,False,False,False,False,False,False,False
2104,0.23123076190273997,0.0726038756171807,False,False,False,False,False,False,False,False
2105,0.23136371847252074,0.07231445214182894,False,False,False,False,False,False,False,False
2106,0.2315336513011656,0.07235296732042519,False,False,False,False,False,False,False,False
2107,0.23162620271778195,0.07237551886455845,False,False,False,False,False,False,False,False
2108,0.23190192892100728,0.07294833123960538,False,False,False,False,False,False,False,False
2109,0.2325996884055696,0.07248373378759691,False,False,False,False,False,False,False,False
2110,0.23326464934492067,0.073939435200754,False,False,False,False,False,False,False,False
2111,0.2334119426267459,0.07380460068396306,False,False,False,False,False,False,False,False
2112,0.2334430252923462,0.07536230868217428,False,False,False,False,False,False,False,False
2113,0.23321472201086535,0.07463428703011525,False,False,False,False,False,False,False,False
2114,0.23268262182837166,0.07599173808736434,False,False,False,False,False,False,False,False
2115,0.23238578466929044,0.0755402366354599,False,False,False,False,False,False,False,False
2116,0.23213781437045017,0.07545051013733085,False,False,False,False,False,False,False,False
2117,0.2318792589568211,0.0753163330059238,False,False,False,False,False,False,False,False
2118,0.23179472225858677,0.0755269963229771,False,False,False,False,False,False,False,False
2119,0.23196218384089562,0.07594334630164339,False,False,False,False,False,False,False,False
2120,0.23222836461033594,0.07716545103910932,False,False,False,False,False,False,False,False
2121,0.23282317843258146,0.0774162435026841,False,False,False,False,False,False,False,False
2122,0.23234656523020678,0.07673446431453222,False,False,False,False,False,False,False,False
2123,0.231681224006303,0.07674858997232377,False,False,False,False,False,False,False,False
2124,0.23101634944875446,0.07669563995983537,False,False,False,False,False,False,False,False
2125,0.23067320146056552,0.07682490740587368,False,False,False,False,False,False,False,False
2126,0.2306385827744928,0.07567016290302468,False,False,False,False,False,False,False,False
2127,0.2312063268854682,0.0762992220837148,False,False,False,False,False,False,False,False
2128,0.23109154288889858,0.07410525487873182,False,False,False,False,False,False,False,False
2129,0.23140214389375963,0.07430039416131613,False,False,False,False,False,False,False,False
2130,0.2317767053880057,0.07486121563080217,False,False,False,False,False,False,False,False
2131,0.2319807172796896,0.07460943054649431,False,False,False,False,False,False,False,False
2132,0.2321285408111235,0.07471613217295917,False,False,False,False,False,False,False,False
2133,0.23238809120945114,0.07459461512307322,False,False,False,False,False,False,False,False
2134,0.23269754376242507,0.07461312266579775,False,False,False,False,False,False,False,False
2135,0.23280097519348011,0.0747543954793702,False,False,False,False,False,False,False,False
2136,0.23214177847392586,0.07532206005458651,False,False,False,False,False,False,False,False
2137,0.23140260659764408,0.07450313078475602,False,False,False,False,False,False,False,False
2138,0.23098710788194202,0.07518923678152584,False,False,False,False,False,False,False,False
2139,0.2313468345321428,0.07524619055446177,False,False,False,False,False,False,False,False
2140,0.23186305800668733,0.07536083529193591,False,False,False,False,False,False,False,False
2141,0.232313584790665,0.0751253963233358,False,False,False,False,False,False,False,False
2142,0.23334802748718844,0.07481688497099338,False,False,False,False,False,False,False,False
2143,0.23476079593095536,0.0750267631611709,False,False,False,False,False,False,False,False
2144,0.23611637098825103,0.07395292312645713,False,False,False,False,False,False,False,False
2145,0.2377025692474722,0.07480430508264847,False,False,False,False,False,False,False,False
2146,0.23816886896865785,0.07573711688917022,False,False,False,False,False,False,False,False
2147,0.23808097239995457,0.0761445523100958,False,False,False,False,False,False,False,False
2148,0.23781234752792296,0.07585470702326114,False,False,False,False,False,False,False,False
2149,0.23777190638499976,0.07587489060205892,False,False,False,False,False,False,False,False
2150,0.23772149024884842,0.07557574008030683,False,False,False,False,False,False,False,False
2151,0.23746768118793538,0.07559359987519616,False,False,False,False,False,False,False,False
2152,0.23741701602879908,0.0755094631224494,False,False,False,False,False,False,False,False
2153,0.23748403713236169,0.07561278824197461,False,False,False,False,False,False,False,False
2154,0.237782353234056,0.07573636889011867,False,False,False,False,False,False,False,False
2155,0.2381226817385282,0.07581930210289946,False,False,False,False,False,False,False,False
2156,0.23872355093157793,0.07566966864815053,False,False,False,False,False,False,False,False
2157,0.2394415692153226,0.07583819441737,False,False,False,False,False,False,False,False
2158,0.23993000313379861,0.07624815235717901,False,False,False,False,False,False,False,False
2159,0.24060435278692566,0.07676320036235548,False,False,False,False,False,False,False,False
2160,0.24077382261303837,0.07701357030303806,False,False,False,False,False,False,False,False
2161,0.2409291189913913,0.07701839711468633,False,False,False,False,False,False,False,False
2162,0.2411254576825309,0.07696991935654608,False,False,False,False,False,False,False,False
2163,0.24168337789271785,0.0777024484813767,False,False,False,False,False,False,False,False
2164,0.24213076211589457,0.0780010219178359,False,False,False,False,False,False,False,False
2165,0.24189115024837354,0.07852121099838827,False,False,False,False,False,False,False,False
2166,0.24105505317115902,0.07831335929725743,False,False,False,False,False,False,False,False
2167,0.2406521594515076,0.07808195287696555,False,False,False,False,False,False,False,False
2168,0.24122901020211102,0.07687590543248438,False,False,False,False,False,False,False,False
2169,0.24335932928786613,0.077676679218531,False,False,False,False,False,False,False,False
2170,0.24373495297472458,0.08067489088462229,False,True,False,False,False,False,False,False
2171,0.2436507303568376,0.08133771309552622,False,True,False,True,False,False,False,False
2172,0.2437080984222741,0.08136463571890355,False,True,False,True,False,False,False,False
2173,0.2432225250526857,0.08034105287089599,False,True,False,False,False,False,False,False
2174,0.24289581413442057,0.07993892036891602,False,False,False,False,False,False,False,False
2175,0.24272643719929937,0.07893974634908844,False,False,False,False,False,False,False,False
2176,0.24256041793113045,0.0783154625543071,False,False,False,False,False,False,False,False
2177,0.2423439063039375,0.07842503423659972,False,False,False,False,False,False,False,False
2178,0.24301885306701548,0.07837534071967676,False,False,False,False,False,False,False,False
2179,0.24394509571727807,0.07837457191385974,False,False,False,False,False,False,False,False
2180,0.2449281388509795,0.07834304390611198,False,False,False,False,False,False,False,False
2181,0.24618848081151135,0.07820366024984458,False,False,False,False,False,False,False,False
2182,0.24735780773941793,0.07856168168233328,False,False,False,False,False,False,False,False
2183,0.24817975561429556,0.07884168264278785,False,False,False,False,False,False,False,False
2184,0.24872676320994774,0.07877974920556256,False,False,False,False,False,False,False,False
2185,0.24911156040610813,0.07821811313746997,False,False,False,False,False,False,False,False
2186,0.25007152855695913,0.07888184195915618,False,False,False,False,False,False,False,False
2187,0.2522822961695076,0.0802724193919679,False,True,False,False,False,False,False,False
2188,0.2546089546269134,0.08006963875119819,False,False,False,False,False,False,False,False
2189,0.255869941455227,0.08071246617412386,False,True,False,False,False,False,False,False
2190,0.25669753422660724,0.08039486310640652,False,True,False,False,False,False,False,False
2191,0.2584762005216688,0.08129118218947996,False,True,False,True,False,False,False,False
2192,0.2612763259523039,0.08088750256453552,False,True,False,False,False,False,False,False
2193,0.2644000093870973,0.08260050849232749,False,True,False,True,False,True,False,False
2194,0.26629063017809396,0.08388505574688739,False,True,False,True,False,True,False,False
2195,0.26688801903775883,0.08418420924879212,False,True,False,True,False,True,False,False
2196,0.2678524698631935,0.08247091656732815,False,True,False,True,False,True,False,False
2197,0.2679955947346529,0.0832462195117378,False,True,False,True,False,True,False,False
2198,0.2677964885832224,0.08299291820834885,False,True,False,True,False,True,False,False
2199,0.26759224666266435,0.08304115587479109,False,True,False,True,False,True,False,False
2200,0.2678713452184048,0.08315488175330762,False,True,False,True,False,True,False,False
2201,0.2687045051740795,0.08283955003348133,False,True,False,True,False,True,False,False
2202,0.2697213537697231,0.08329311217679364,False,True,False,True,False,True,False,False
2203,0.27144893931496245,0.08345856462899601,False,True,False,True,False,True,False,False
2204,0.2733734044770773,0.08351740303944499,False,True,False,True,False,True,False,False
2205,0.27523156275138255,0.08345767308536482,False,True,False,True,False,True,False,False
2206,0.27688307094108855,0.08341388541499735,False,True,False,True,False,True,False,False
2207,0.27831962058542475,0.08357956885982575,False,True,False,True,False,True,True,False
2208,0.27920840453512463,0.08355013230844685,False,True,False,True,False,True,True,False
2209,0.2796578661645014,0.08314983916441329,False,True,False,True,False,True,True,False
2210,0.28017140450905254,0.08360186862813533,False,True,False,True,False,True,True,False
2211,0.282000913784828,0.08449072238138064,False,True,False,True,True,True,True,False
2212,0.2841037138306698,0.08400396486177424,True,True,True,True,True,True,True,False
2213,0.28596629183129574,0.0836472669743096,True,True,True,True,True,True,True,False
2214,0.2884892595258254,0.08287219215630082,True,True,True,True,True,True,True,False
2215,0.2906490657289016,0.0837854856451132,True,True,True,True,True,True,True,False
2216,0.2916798817580548,0.08368762236873016,True,True,True,True,True,True,True,False
2217,0.29215798000943694,0.08369325163719091,True,True,True,True,True,True,True,False
2218,0.2921174725935516,0.08387878046378076,True,True,True,True,True,True,True,False
2219,0.291879092711148,0.08445829096473054,True,True,True,True,True,True,True,False
2220,0.29128139743925097,0.0852432694816782,True,True,True,True,True,True,True,False
2221,0.2906502750956219,0.08580558350584552,True,True,True,True,True,True,True,True
2222,0.2899990911185674,0.08564991302333362,True,True,True,True,True,True,True,True
2223,0.28950361750745607,0.08571403960996606,True,True,True,True,True,True,True,True
2224,0.28936044428376584,0.08537876563865461,True,True,True,True,True,True,True,False
2225,0.2894625889978492,0.08551730093843751,True,True,True,True,True,True,True,False
2226,0.290084327920812,0.08511102321143794,True,True,True,True,True,True,True,False
2227,0.291019345963092,0.08447762239242812,True,True,True,True,True,True,True,False
2228,0.29205010312145185,0.08487926641215932,True,True,True,True,True,True,True,False
2229,0.2942787189317622,0.08448477584389982,True,True,True,True,True,True,True,False
2230,0.29644393303917893,0.08611088294005456,True,True,True,True,True,True,True,True
2231,0.2966404529044886,0.0870991657593678,True,True,True,True,True,True,True,True
2232,0.29550686490973377,0.08822994832464237,True,True,True,True,True,True,True,True
2233,0.29318522688379506,0.08860107059190032,True,True,True,True,True,True,True,True
2234,0.29098060956126187,0.08803955808169002,True,True,True,True,True,True,True,True
2235,0.2888896810403726,0.08808316037395698,True,True,True,True,True,True,True,True
2236,0.28609778320789186,0.08783262380183839,True,True,True,True,True,True,True,True
2237,0.2832938035356247,0.08812092841444931,False,True,True,True,True,True,True,True
2238,0.282231671596735,0.08778037204347175,False,True,False,True,True,True,True,True
2239,0.2811494171373777,0.08801010710333529,False,True,False,True,False,True,True,True
2240,0.28015343858680025,0.08831522021554317,False,True,False,True,False,True,True,True
2241,0.2798870284346241,0.08833729856478484,False,True,False,True,False,True,True,True
2242,0.28018974493815874,0.08861252400799502,False,True,False,True,False,True,True,True
2243,0.2800726332548963,0.08880640005546978,False,True,False,True,False,True,True,True
2244,0.279668083302099,0.0889458190396773,False,True,False,True,False,True,True,True
2245,0.27943780506348515,0.08885719195864483,False,True,False,True,False,True,True,True
2246,0.27915224183342024,0.08901781962150228,False,True,False,True,False,True,True,True
2247,0.2787900612485618,0.08904023991979511,False,True,False,True,False,True,True,True
2248,0.27806167376040214,0.08921219265076386,False,True,False,True,False,True,True,True
2249,0.2772417974713495,0.08913927122987919,False,True,False,True,False,True,False,True
2250,0.27682923595892606,0.0891535963671595,False,True,False,True,False,True,False,True
2251,0.27648590474844664,0.08936439355841609,False,True,False,True,False,True,False,True
2252,0.2763333315502955,0.0893383024727259,False,True,False,True,False,True,False,True
2253,0.2770585468155279,0.08921324979423559,False,True,False,True,False,True,False,True
2254,0.2781126142869538,0.08898352347657926,False,True,False,True,False,True,True,True
2255,0.27904160968388353,0.08882272874042656,False,True,False,True,False,True,True,True
2256,0.2795425419748683,0.08860350308514446,False,True,False,True,False,True,True,True
2257,0.27970626051254327,0.08884120834659126,False,True,False,True,False,True,True,True
2258,0.2798309725346601,0.08830141964225809,False,True,False,True,False,True,True,True
2259,0.28024053533138843,0.08845602089653377,False,True,False,True,False,True,True,True
2260,0.2809138193939149,0.0885566193735489,False,True,False,True,False,True,True,True
2261,0.28171863357790017,0.08850955907871134,False,True,False,True,True,True,True,True
2262,0.2829291025721024,0.08890655148841356,False,True,True,True,True,True,True,True
2263,0.28418501026967935,0.08888616742601313,True,True,True,True,True,True,True,True
2264,0.2850895122432644,0.08877140740382523,True,True,True,True,True,True,True,True
2265,0.28568375294025633,0.08880161003572881,True,True,True,True,True,True,True,True
2266,0.28598128183921423,0.08903472247266987,True,True,True,True,True,True,True,True
2267,0.28597840764071136,0.08968373015846172,True,True,True,True,True,True,True,True
2268,0.2860059554704887,0.08994593914682567,True,True,True,True,True,True,True,True
2269,0.2858098645421644,0.08996504374219547,True,True,True,True,True,True,True,True
2270,0.28530880305080925,0.0898243079313337,True,True,True,True,True,True,True,True
2271,0.28514647814047195,0.08990493369462113,True,True,True,True,True,True,True,True
2272,0.2854778205515402,0.08986359675473607,True,True,True,True,True,True,True,True
2273,0.2862502259121348,0.09034360734948577,True,True,True,True,True,True,True,True
2274,0.28692388254801865,0.09050697511347143,True,True,True,True,True,True,True,True
2275,0.28751928859123155,0.09059832853830287,True,True,True,True,True,True,True,True
2276,0.2884917401844132,0.09095669835954755,True,True,True,True,True,True,True,True
2277,0.28956537822119255,0.09097306934416811,True,True,True,True,True,True,True,True
2278,0.29043169325632856,0.09089275089297202,True,True,True,True,True,True,True,True
2279,0.2911236543323484,0.09095230510345245,True,True,True,True,True,True,True,True
2280,0.2911791592250667,0.09144483173305454,True,True,True,True,True,True,True,True
2281,0.29104663881326714,0.09190626151406021,True,True,True,True,True,True,True,True
2282,0.290774418868163,0.09118548718415233,True,True,True,True,True,True,True,True
2283,0.2913514466603549,0.0916923449308544,True,True,True,True,True,True,True,True
2284,0.2918668236728279,0.09233712796814092,True,True,True,True,True,True,True,True
2285,0.29178934993856115,0.09251644328304338,True,True,True,True,True,True,True,True
2286,0.29163259940709557,0.09214652391530677,True,True,True,True,True,True,True,True
2287,0.29220067750934353,0.09170838967584102,True,True,True,True,True,True,True,True
2288,0.29307744415267356,0.09143158439354317,True,True,True,True,True,True,True,True
2289,0.2942054276530749,0.09166533337036573,True,True,True,True,True,True,True,True
2290,0.29509876178637834,0.09241621405666824,True,True,True,True,True,True,True,True
2291,0.2948285550431318,0.09364674606900995,True,True,True,True,True,True,True,True
2292,0.29413006206621656,0.09402653260597293,True,True,True,True,True,True,True,True
2293,0.2934220632019415,0.09415933199182297,True,True,True,True,True,True,True,True
2294,0.2928296495118201,0.09404489292132319,True,True,True,True,True,True,True,True
2295,0.292577445209005,0.09409522780373115,True,True,True,True,True,True,True,True
2296,0.29242664085791314,0.09424680656237239,True,True,True,True,True,True,True,True
2297,0.292137138060099,0.09428786526317523,True,True,True,True,True,True,True,True
2298,0.29167071108202,0.09444552969545902,True,True,True,True,True,True,True,True
2299,0.2914435579777222,0.09434472730450301,True,True,True,True,True,True,True,True
2300,0.29154650539119636,0.09434229012147513,True,True,True,True,True,True,True,True
2301,0.29245806099675825,0.09439981548793785,True,True,True,True,True,True,True,True
2302,0.2935386376212031,0.09437419828636706,True,True,True,True,True,True,True,True
2303,0.2943451781099573,0.09425562696244724,True,True,True,True,True,True,True,True
2304,0.29490654818178264,0.09451081930812051,True,True,True,True,True,True,True,True
2305,0.2951139965775358,0.09407005022070328,True,True,True,True,True,True,True,True
2306,0.2953338768585991,0.09368805328419125,True,True,True,True,True,True,True,True
2307,0.2959414125375976,0.09405786196073444,True,True,True,True,True,True,True,True
2308,0.296838526913935,0.09385897007743643,True,True,True,True,True,True,True,True
2309,0.29769254874758094,0.0939683033790329,True,True,True,True,True,True,True,True
2310,0.2985334349684534,0.09403164965689616,True,True,True,True,True,True,True,True
2311,0.2993238765649344,0.09386875813431741,True,True,True,True,True,True,True,True
2312,0.2997978346735814,0.09394901208579634,True,True,True,True,True,True,True,True
2313,0.29988405057845585,0.09386402364748159,True,True,True,True,True,True,True,True
2314,0.2995444070026883,0.09356629260211313,True,True,True,True,True,True,True,True
2315,0.29890069594625834,0.09375057172098944,True,True,True,True,True,True,True,True
2316,0.2989233810280649,0.09292724767432718,True,True,True,True,True,True,True,True
2317,0.2992445074346245,0.09291319782211531,True,True,True,True,True,True,True,True
2318,0.299222194707878,0.09290855468466484,True,True,True,True,True,True,True,True
2319,0.2990144424084028,0.09284036951153295,True,True,True,True,True,True,True,True
2320,0.2990558774398361,0.09279891783721013,True,True,True,True,True,True,True,True
2321,0.29910654500569817,0.09298635395596304,True,True,True,True,True,True,True,True
2322,0.2995389879907217,0.09320465414343504,True,True,True,True,True,True,True,True
2323,0.3001552718935533,0.09336729774600935,True,True,True,True,True,True,True,True
2324,0.30095894699996206,0.0934750748023579,True,True,True,True,True,True,True,True
2325,0.3017931511589498,0.09331471836972456,True,True,True,True,True,True,True,True
2326,0.30250600541400835,0.09361361490690374,True,True,True,True,True,True,True,True
2327,0.30311801382274517,0.0935567572637803,True,True,True,True,True,True,True,True
2328,0.30352709129522837,0.09333703565500902,True,True,True,True,True,True,True,True
2329,0.30373055789540426,0.09355299756328599,True,True,True,True,True,True,True,True
2330,0.3039201918062347,0.09363754205665256,True,True,True,True,True,True,True,True
2331,0.30382819877032047,0.09329343401880223,True,True,True,True,True,True,True,True
2332,0.303531646079446,0.09320452922076002,True,True,True,True,True,True,True,True
2333,0.303421185277231,0.0929808176659043,True,True,True,True,True,True,True,True
2334,0.3035011869578811,0.09297453272094286,True,True,True,True,True,True,True,True
2335,0.303628503679708,0.09289414512620663,True,True,True,True,True,True,True,True
2336,0.30344315239523856,0.09309273633676178,True,True,True,True,True,True,True,True
2337,0.30300160245181773,0.09337642758640385,True,True,True,True,True,True,True,True
2338,0.3026206465264435,0.09313974707006605,True,True,True,True,True,True,True,True
2339,0.3020325832904571,0.09351699113097581,True,True,True,True,True,True,True,True
2340,0.30161691285044523,0.09353074699559727,True,True,True,True,True,True,True,True
2341,0.3017721836718066,0.09366157137269074,True,True,True,True,True,True,True,True
2342,0.3018999386531287,0.09361510963254803,True,True,True,True,True,True,True,True
2343,0.30181918575979294,0.09356491200873382,True,True,True,True,True,True,True,True
2344,0.30185050536400687,0.09357180145795867,True,True,True,True,True,True,True,True
2345,0.30195122766416727,0.09381116737107795,True,True,True,True,True,True,True,True
2346,0.3024330149871108,0.09373960355286053,True,True,True,True,True,True,True,True
2347,0.3029936258803928,0.09373856027374258,True,True,True,True,True,True,True,True
2348,0.30341111736128634,0.09385325997292658,True,True,True,True,True,True,True,True
2349,0.3037815701280361,0.09382782862429144,True,True,True,True,True,True,True,True
2350,0.3039813690852586,0.09391617361790618,True,True,True,True,True,True,True,True
2351,0.3040910376184597,0.09406402463091071,True,True,True,True,True,True,True,True
2352,0.3039086395085646,0.09416495147227631,True,True,True,True,True,True,True,True
2353,0.3037220462753554,0.09434937464340253,True,True,True,True,True,True,True,True
2354,0.30388058792767997,0.09418142955055131,True,True,True,True,True,True,True,True
2355,0.30394823568021617,0.09408396434785084,True,True,True,True,True,True,True,True
2356,0.3038563176612386,0.09392427123022083,True,True,True,True,True,True,True,True
2357,0.3035491455059148,0.09411075657310577,True,True,True,True,True,True,True,True
2358,0.30333499060160585,0.09379212994262959,True,True,True,True,True,True,True,True
2359,0.30297931414207896,0.09372413448831429,True,True,True,True,True,True,True,True
2360,0.30204506963277816,0.0939770867700152,True,True,True,True,True,True,True,True
2361,0.30142406144110256,0.09407890434210488,True,True,True,True,True,True,True,True
2362,0.3012752891493055,0.093903776639165,True,True,True,True,True,True,True,True
2363,0.3013167614668093,0.09400248681592148,True,True,True,True,True,True,True,True
2364,0.3019307180482085,0.09373461731602051,True,True,True,True,True,True,True,True
2365,0.3028895675898974,0.09372897372382419,True,True,True,True,True,True,True,True
2366,0.30349681058925265,0.09383364891772347,True,True,True,True,True,True,True,True
2367,0.3036420022041965,0.09389405582141379,True,True,True,True,True,True,True,True
2368,0.3038456502170307,0.09348630262321059,True,True,True,True,True,True,True,True
2369,0.30444569263928306,0.09333144586978748,True,True,True,True,True,True,True,True
2370,0.30503307099674903,0.09333732483671735,True,True,True,True,True,True,True,True
2371,0.3052350246285862,0.09386641389401898,True,True,True,True,True,True,True,True
2372,0.30503834882321923,0.09364493910521648,True,True,True,True,True,True,True,True
2373,0.30565553986151556,0.09289986472473342,True,True,True,True,True,True,True,True
2374,0.30603752244416277,0.09371445592204776,True,True,True,True,True,True,True,True
2375,0.3060223782665131,0.09364795039484501,True,True,True,True,True,True,True,True
2376,0.30583283373393355,0.09370568012176801,True,True,True,True,True,True,True,True
2377,0.3055227957569604,0.09365121278604646,True,True,True,True,True,True,True,True
2378,0.30519909659679734,0.09354581664062524,True,True,True,True,True,True,True,True
2379,0.30501875503720083,0.09361006988365303,True,True,True,True,True,True,True,True
2380,0.30482473702795315,0.09353208175828742,True,True,True,True,True,True,True,True
2381,0.30454908004054654,0.09354023614224831,True,True,True,True,True,True,True,True
2382,0.3042409141986093,0.09337657875798736,True,True,True,True,True,True,True,True
2383,0.3039472143912364,0.09336923654494202,True,True,True,True,True,True,True,True
2384,0.3036953846843032,0.09338642369542023,True,True,True,True,True,True,True,True
2385,0.30348898344573955,0.09336211595860007,True,True,True,True,True,True,True,True
2386,0.303268594664815,0.09334963574691246,True,True,True,True,True,True,True,True
2387,0.30303653699016814,0.09330576132831357,True,True,True,True,True,True,True,True
2388,0.3027205493982393,0.09327803631073306,True,True,True,True,True,True,True,True
2389,0.3023764080624013,0.09311478635473483,True,True,True,True,True,True,True,True
2390,0.30192572596834805,0.09293578816357953,True,True,True,True,True,True,True,True
2391,0.3013136115715125,0.09306567383032505,True,True,True,True,True,True,True,True
2392,0.30088421630499934,0.09303655570055573,True,True,True,True,True,True,True,True
2393,0.30071558702826173,0.09300450206731188,True,True,True,True,True,True,True,True
2394,0.30084872705208293,0.09304656180481422,True,True,True,True,True,True,True,True
2395,0.3012065775462744,0.09304545194736898,True,True,True,True,True,True,True,True
2396,0.30179494665981466,0.09299875560768772,True,True,True,True,True,True,True,True
2397,0.3024627478527538,0.09298535278616678,True,True,True,True,True,True,True,True
2398,0.30319093514608225,0.09298627541516896,True,True,True,True,True,True,True,True
2399,0.30385771242400506,0.09317152349911025,True,True,True,True,True,True,True,True
2400,0.30409738678873766,0.09363898112736414,True,True,True,True,True,True,True,True
2401,0.30371257060481577,0.09357492476538662,True,True,True,True,True,True,True,True
2402,0.30372493564607106,0.0935389703989612,True,True,True,True,True,True,True,True
2403,0.30452330911464986,0.09347080138871093,True,True,True,True,True,True,True,True
2404,0.30547021140807945,0.09373117614928292,True,True,True,True,True,True,True,True
2405,0.3066878246140762,0.0925400692349493,True,True,True,True,True,True,True,True
2406,0.3074967776246484,0.09217947044304091,True,True,True,True,True,True,True,True
2407,0.30762361515625913,0.0920618760651398,True,True,True,True,True,True,True,True
2408,0.30758102927017494,0.09114745776636579,True,True,True,True,True,True,True,True
2409,0.30847130844420323,0.09269217295449166,True,True,True,True,True,True,True,True
2410,0.30895967393509177,0.09528749495096339,True,True,True,True,True,True,True,True
2411,0.3092454332562897,0.0973071799131761,True,True,True,True,True,True,True,True
2412,0.30938004410947667,0.09929988911344521,True,True,True,True,True,True,True,True
2413,0.3094758793614154,0.10184990678752172,True,True,True,True,True,True,True,True
2414,0.30989606328493624,0.10757452026734846,True,True,True,True,True,True,True,True
2415,0.31062758962913645,0.10928759950983867,True,True,True,True,True,True,True,True
2416,0.3109290189917261,0.1090334447920409,True,True,True,True,True,True,True,True
2417,0.3115624621773752,0.10949425138649016,True,True,True,True,True,True,True,True
2418,0.3121078508034379,0.10918297984198688,True,True,True,True,True,True,True,True
2419,0.3124522263558932,0.1092488840201617,True,True,True,True,True,True,True,True
2420,0.31225480433751546,0.10939895153367175,True,True,True,True,True,True,True,True
2421,0.3130519342660298,0.10916411062908195,True,True,True,True,True,True,True,True
2422,0.3139158526150991,0.10934689791841087,True,True,True,True,True,True,True,True
2423,0.31435973626412844,0.10945695106318411,True,True,True,True,True,True,True,True
2424,0.3144355464169002,0.10939118255790586,True,True,True,True,True,True,True,True
2425,0.3147625503764883,0.10860435669474253,True,True,True,True,True,True,True,True
2426,0.3156371115929331,0.10932376067783155,True,True,True,True,True,True,True,True
2427,0.3174739721068265,0.10931809496093259,True,True,True,True,True,True,True,True
2428,0.31852080016722045,0.10883586428990963,True,True,True,True,True,True,True,True
2429,0.3187680628329331,0.10896043874110063,True,True,True,True,True,True,True,True
2430,0.3187146765548902,0.10872013894946712,True,True,True,True,True,True,True,True
2431,0.3192851466348659,0.10795974311988712,True,True,True,True,True,True,True,True
2432,0.3204935774061425,0.10665566143960284,True,True,True,True,True,True,True,True
2433,0.3230574861313427,0.10836161351548933,True,True,True,True,True,True,True,True
2434,0.3244889364470581,0.10942754272508831,True,True,True,True,True,True,True,True
2435,0.32534993276193813,0.10866706974248644,True,True,True,True,True,True,True,True
2436,0.32601596210741796,0.1090842538898459,True,True,True,True,True,True,True,True
2437,0.32612850188630255,0.10951806847707705,True,True,True,True,True,True,True,True
2438,0.3261341693100085,0.10979184256066982,True,True,True,True,True,True,True,True
2439,0.32625385647829985,0.11002489092880355,True,True,True,True,True,True,True,True
2440,0.3268443094467945,0.10897113018146226,True,True,True,True,True,True,True,True
2441,0.3281365711959804,0.108159291797759,True,True,True,True,True,True,True,True
2442,0.32954507889976214,0.10929764037960886,True,True,True,True,True,True,True,True
2443,0.33021644870112166,0.10977909789759607,True,True,True,True,True,True,True,True
2444,0.3305566855154435,0.10992259381892569,True,True,True,True,True,True,True,True
2445,0.3307412392218921,0.11016354246192865,True,True,True,True,True,True,True,True
2446,0.3308775646241767,0.11085296212414895,True,True,True,True,True,True,True,True
2447,0.33111452675530983,0.11088131349505514,True,True,True,True,True,True,True,True
2448,0.33100910118795074,0.11062883660548656,True,True,True,True,True,True,True,True
2449,0.3304778090911801,0.11108918389225897,True,True,True,True,True,True,True,True
2450,0.3302030495906903,0.11157349183875416,True,True,True,True,True,True,True,True
2451,0.33028098780952486,0.11137271295080009,True,True,True,True,True,True,True,True
2452,0.33046766986952064,0.11149740937370314,True,True,True,True,True,True,True,True
2453,0.330167317031152,0.1118658751712246,True,True,True,True,True,True,True,True
2454,0.32928223196648104,0.11113228893615122,True,True,True,True,True,True,True,True
2455,0.3281979025712613,0.11101600355743099,True,True,True,True,True,True,True,True
2456,0.32636460787793986,0.11086672666707646,True,True,True,True,True,True,True,True
2457,0.32542106578508007,0.11124932751812878,True,True,True,True,True,True,True,True
2458,0.3251975608854429,0.11071797359510721,True,True,True,True,True,True,True,True
2459,0.3256617981353136,0.11061742697289907,True,True,True,True,True,True,True,True
2460,0.3263745410491107,0.11086297557301972,True,True,True,True,True,True,True,True
2461,0.3262837069353253,0.11215586912356125,True,True,True,True,True,True,True,True
2462,0.3260882211944904,0.11282739268029147,True,True,True,True,True,True,True,True
2463,0.32622255122939575,0.11240251129418562,True,True,True,True,True,True,True,True
2464,0.32673309429241604,0.11265261128099728,True,True,True,True,True,True,True,True
2465,0.32695925005521975,0.11229568628514128,True,True,True,True,True,True,True,True
2466,0.326332179025523,0.11180841313956125,True,True,True,True,True,True,True,True
2467,0.324802784563622,0.11143676385581339,True,True,True,True,True,True,True,True
2468,0.32252982485546794,0.11191821453673494,True,True,True,True,True,True,True,True
2469,0.32090976107769903,0.11202612872045845,True,True,True,True,True,True,True,True
2470,0.319883384197886,0.11227761769425511,True,True,True,True,True,True,True,True
2471,0.3189150138704127,0.1125025617916631,True,True,True,True,True,True,True,True
2472,0.3174878868285149,0.11150596917509846,True,True,True,True,True,True,True,True
2473,0.31603750887945437,0.11093297893731749,True,True,True,True,True,True,True,True
2474,0.31462801199461954,0.1109265903771589,True,True,True,True,True,True,True,True
2475,0.3134854108126309,0.11093871886900335,True,True,True,True,True,True,True,True
2476,0.3126130396559287,0.1110114851653211,True,True,True,True,True,True,True,True
2477,0.313101248828024,0.11126450767717275,True,True,True,True,True,True,True,True
2478,0.313872746206017,0.10950903909081039,True,True,True,True,True,True,True,True
2479,0.31356996750304234,0.10860384772169877,True,True,True,True,True,True,True,True
2480,0.31269537856360285,0.10839237163361692,True,True,True,True,True,True,True,True
2481,0.3125792851631848,0.10986692091889722,True,True,True,True,True,True,True,True
2482,0.31250974476827525,0.10972137760690881,True,True,True,True,True,True,True,True
2483,0.3128840039364913,0.10960720418497576,True,True,True,True,True,True,True,True
2484,0.31376025621633014,0.11104044779227985,True,True,True,True,True,True,True,True
2485,0.31603492162173435,0.11229249791772157,True,True,True,True,True,True,True,True
2486,0.31835742550142776,0.11295737582541249,True,True,True,True,True,True,True,True
2487,0.318484891398583,0.11227576881696005,True,True,True,True,True,True,True,True
2488,0.3185797884460358,0.1113750087949913,True,True,True,True,True,True,True,True
2489,0.3188152496983708,0.1106811491420405,True,True,True,True,True,True,True,True
2490,0.31865762891880667,0.11124328219379168,True,True,True,True,True,True,True,True
2491,0.3176790831963333,0.11093554966678003,True,True,True,True,True,True,True,True
2492,0.3157340052000618,0.11087591018129056,True,True,True,True,True,True,True,True
2493,0.31396859496022694,0.11076235299464443,True,True,True,True,True,True,True,True
2494,0.31293565877260077,0.11148152949156909,True,True,True,True,True,True,True,True
2495,0.31239710018405564,0.11181437423738223,True,True,True,True,True,True,True,True
2496,0.3119284768624266,0.11160604479121095,True,True,True,True,True,True,True,True
2497,0.31159895740684407,0.11121102654848383,True,True,True,True,True,True,True,True
2498,0.3112324871321191,0.11136967450119949,True,True,True,True,True,True,True,True
2499,0.3117790790465297,0.11272194451993506,True,True,True,True,True,True,True,True
2500,0.312872092537076,0.1136363850240821,True,True,True,True,True,True,True,True
2501,0.3137685510595878,0.11338052951190436,True,True,True,True,True,True,True,True
2502,0.31450087785933045,0.11295465868258628,True,True,True,True,True,True,True,True
2503,0.315358648577314,0.11342548650799676,True,True,True,True,True,True,True,True
2504,0.3167187248235826,0.11461390411298385,True,True,True,True,True,True,True,True
2505,0.3191937243103716,0.11440566497322882,True,True,True,True,True,True,True,True
2506,0.3206601235471795,0.11560455213110372,True,True,True,True,True,True,True,True
2507,0.32163149280522585,0.11710170620638458,True,True,True,True,True,True,True,True
2508,0.32243728350214934,0.11751698671903792,True,True,True,True,True,True,True,True
2509,0.3234210642750734,0.11813127263070676,True,True,True,True,True,True,True,True
2510,0.3235961314521224,0.11794862289003669,True,True,True,True,True,True,True,True
2511,0.3234659546101075,0.11698989872245787,True,True,True,True,True,True,True,True
2512,0.3237951261167102,0.11691254978934427,True,True,True,True,True,True,True,True
2513,0.32422588092907434,0.11764862027130193,True,True,True,True,True,True,True,True
2514,0.32470166877146905,0.11690478232079952,True,True,True,True,True,True,True,True
2515,0.32499606964297023,0.115865793272447,True,True,True,True,True,True,True,True
2516,0.3241933646564349,0.11606840136269257,True,True,True,True,True,True,True,True
2517,0.3240568332804419,0.11739815658235273,True,True,True,True,True,True,True,True
2518,0.3236875433304786,0.11801609735508445,True,True,True,True,True,True,True,True
2519,0.32226761359862127,0.11826796847548109,True,True,True,True,True,True,True,True
2520,0.3207313934055622,0.11752857324679289,True,True,True,True,True,True,True,True
2521,0.3199508081068896,0.11627494994525467,True,True,True,True,True,True,True,True
2522,0.32048668155888926,0.11587190115316215,True,True,True,True,True,True,True,True
2523,0.32171736728060985,0.11584477847486759,True,True,True,True,True,True,True,True
2524,0.32298060883239127,0.11452615899340605,True,True,True,True,True,True,True,True
2525,0.3238551144792723,0.11130450067075762,True,True,True,True,True,True,True,True
2526,0.32584195366934204,0.11108523322452779,True,True,True,True,True,True,True,True
2527,0.3257269169107452,0.10885797042106111,True,True,True,True,True,True,True,True
2528,0.32384583658404376,0.11019024672301994,True,True,True,True,True,True,True,True
2529,0.32391495771163736,0.11019441273950822,True,True,True,True,True,True,True,True
2530,0.32438020668812273,0.11046355599419055,True,True,True,True,True,True,True,True
2531,0.325371191804836,0.11123094550023882,True,True,True,True,True,True,True,True
2532,0.32667430204210623,0.1112819366098851,True,True,True,True,True,True,True,True
2533,0.32788374210864707,0.11096009112968727,True,True,True,True,True,True,True,True
2534,0.32805850228588324,0.11126345146838815,True,True,True,True,True,True,True,True
2535,0.32712660547751676,0.11066656041041294,True,True,True,True,True,True,True,True
2536,0.32605055739922306,0.10909321235295459,True,True,True,True,True,True,True,True
2537,0.3254101426014171,0.10890450293044034,True,True,True,True,True,True,True,True
2538,0.3242544566751568,0.10862365748914463,True,True,True,True,True,True,True,True
2539,0.32255323220227744,0.10893231002627472,True,True,True,True,True,True,True,True
2540,0.31996652030813844,0.10885737547559839,True,True,True,True,True,True,True,True
2541,0.31783911465443754,0.11091303893428796,True,True,True,True,True,True,True,True
2542,0.3158963306944458,0.11088826857879182,True,True,True,True,True,True,True,True
2543,0.31341629107038865,0.11111051220414997,True,True,True,True,True,True,True,True
2544,0.31140671313976664,0.11106232608810977,True,True,True,True,True,True,True,True
2545,0.3096790304704392,0.11195004087924405,True,True,True,True,True,True,True,True
2546,0.3080989623801105,0.11197196834546631,True,True,True,True,True,True,True,True
2547,0.3069395735192166,0.11259001550509616,True,True,True,True,True,True,True,True
2548,0.30583736301725645,0.11256244516400006,True,True,True,True,True,True,True,True
2549,0.3042075195870577,0.11209302000487838,True,True,True,True,True,True,True,True
2550,0.30274062720203637,0.11157806494056344,True,True,True,True,True,True,True,True
2551,0.3015113414319232,0.10929071185803453,True,True,True,True,True,True,True,True
2552,0.300656963882647,0.10571598619364726,True,True,True,True,True,True,True,True
2553,0.30052853829910575,0.10809293283659795,True,True,True,True,True,True,True,True
2554,0.30107802504772974,0.10704693048810641,True,True,True,True,True,True,True,True
2555,0.3018385783975326,0.10656029521019253,True,True,True,True,True,True,True,True
2556,0.3027892651474717,0.10775376453634179,True,True,True,True,True,True,True,True
2557,0.304105606918392,0.1083065094563043,True,True,True,True,True,True,True,True
2558,0.3045046701645397,0.10721745343481444,True,True,True,True,True,True,True,True
2559,0.30477010687103556,0.1071963044243345,True,True,True,True,True,True,True,True
2560,0.3049884929444236,0.1063946539344048,True,True,True,True,True,True,True,True
2561,0.30528188144950835,0.10619504235449394,True,True,True,True,True,True,True,True
2562,0.30538799437256453,0.10604784124513608,True,True,True,True,True,True,True,True
2563,0.305471564192054,0.10595115782779312,True,True,True,True,True,True,True,True
2564,0.30508701367222074,0.1061243705506884,True,True,True,True,True,True,True,True
2565,0.30475396710811764,0.10652893820853086,True,True,True,True,True,True,True,True
2566,0.3045579187739916,0.10766916235595475,True,True,True,True,True,True,True,True
2567,0.3042557548712758,0.10890833262061388,True,True,True,True,True,True,True,True
2568,0.3032339260287974,0.10926773327916006,True,True,True,True,True,True,True,True
2569,0.3021440017794107,0.10988132644622695,True,True,True,True,True,True,True,True
2570,0.30209860331525834,0.10960556118931276,True,True,True,True,True,True,True,True
2571,0.302354020236191,0.10977557607561053,True,True,True,True,True,True,True,True
2572,0.3021450007311972,0.10995290034593715,True,True,True,True,True,True,True,True
2573,0.3017258474289,0.10840204435284904,True,True,True,True,True,True,True,True
2574,0.30146554097532424,0.10905561202071475,True,True,True,True,True,True,True,True
2575,0.30087494441461193,0.10768777021897732,True,True,True,True,True,True,True,True
2576,0.2998973690276661,0.1093134870622394,True,True,True,True,True,True,True,True
2577,0.29994842313057174,0.10941922915106804,True,True,True,True,True,True,True,True
2578,0.3004466583804614,0.1098019518995997,True,True,True,True,True,True,True,True
2579,0.30082453656911023,0.10845914938187737,True,True,True,True,True,True,True,True
2580,0.3020838935746187,0.10812010773890784,True,True,True,True,True,True,True,True
2581,0.3037507932817946,0.10796420066541372,True,True,True,True,True,True,True,True
2582,0.3051996410100877,0.10814138802121519,True,True,True,True,True,True,True,True
2583,0.30597860415917133,0.10690821175549212,True,True,True,True,True,True,True,True
2584,0.306248558481051,0.1057279781353935,True,True,True,True,True,True,True,True
2585,0.3063752692268,0.10457496113892222,True,True,True,True,True,True,True,True
2586,0.30623761253114834,0.10304855035848767,True,True,True,True,True,True,True,True
2587,0.30504669517123534,0.10129783083010212,True,True,True,True,True,True,True,True
2588,0.302825256781215,0.1037312040200499,True,True,True,True,True,True,True,True
2589,0.29997325533153846,0.10461797784416857,True,True,True,True,True,True,True,True
2590,0.297952915688766,0.1053788591118118,True,True,True,True,True,True,True,True
2591,0.29645575757066156,0.10498881064800263,True,True,True,True,True,True,True,True
2592,0.295372431185004,0.10479166472795716,True,True,True,True,True,True,True,True
2593,0.29507250259634155,0.10467326017147187,True,True,True,True,True,True,True,True
2594,0.2940026526182143,0.10452623584429721,True,True,True,True,True,True,True,True
2595,0.2934615519942539,0.10149109833136356,True,True,True,True,True,True,True,True
2596,0.2932446288762085,0.10109024422415233,True,True,True,True,True,True,True,True
2597,0.29305597816015405,0.10082525913409326,True,True,True,True,True,True,True,True
2598,0.2930097032123995,0.10102127753261529,True,True,True,True,True,True,True,True
2599,0.2928741778542337,0.10052909341508531,True,True,True,True,True,True,True,True
2600,0.2921231299091889,0.09949480522617174,True,True,True,True,True,True,True,True
2601,0.2914302919744629,0.09882342073152611,True,True,True,True,True,True,True,True
2602,0.29117408035796033,0.09846836142195649,True,True,True,True,True,True,True,True
2603,0.29139485481173616,0.09842589153601299,True,True,True,True,True,True,True,True
2604,0.2915257758398175,0.09916125239042894,True,True,True,True,True,True,True,True
2605,0.29160078920119425,0.09953150705807995,True,True,True,True,True,True,True,True
2606,0.29127876902861577,0.09974491527441065,True,True,True,True,True,True,True,True
2607,0.2907152968500487,0.09983544743970862,True,True,True,True,True,True,True,True
2608,0.29074991615583723,0.09837016643391402,True,True,True,True,True,True,True,True
2609,0.2907208609730893,0.09897082700387427,True,True,True,True,True,True,True,True
2610,0.2906017920738026,0.09752792748166764,True,True,True,True,True,True,True,True
2611,0.29036994887236406,0.0975465340354427,True,True,True,True,True,True,True,True
2612,0.28961496561551225,0.09676256522996733,True,True,True,True,True,True,True,True
2613,0.28923182740583914,0.096514702687501,True,True,True,True,True,True,True,True
2614,0.2889845038158989,0.09656224456232655,True,True,True,True,True,True,True,True
2615,0.2889988828311597,0.09628415242327587,True,True,True,True,True,True,True,True
2616,0.28930183400118703,0.09654292909270398,True,True,True,True,True,True,True,True
2617,0.2899699695013246,0.09655305179783016,True,True,True,True,True,True,True,True
2618,0.2905312236248145,0.09684107334059389,True,True,True,True,True,True,True,True
2619,0.2912740650135525,0.09693591309798544,True,True,True,True,True,True,True,True
2620,0.2919454100753876,0.09750066013745091,True,True,True,True,True,True,True,True
2621,0.29265033949650887,0.09784335288037548,True,True,True,True,True,True,True,True
2622,0.29333648918570937,0.09626309514314693,True,True,True,True,True,True,True,True
2623,0.29288355033332386,0.09666046968072152,True,True,True,True,True,True,True,True
2624,0.2925335088368063,0.09381779887573351,True,True,True,True,True,True,True,True
2625,0.29330808018077437,0.09385100077427774,True,True,True,True,True,True,True,True
2626,0.2937265828417977,0.09435557541473545,True,True,True,True,True,True,True,True
2627,0.29364469925395764,0.09471215790579199,True,True,True,True,True,True,True,True
2628,0.2932846128702187,0.0948840939919355,True,True,True,True,True,True,True,True
2629,0.292930186336059,0.09418750235735505,True,True,True,True,True,True,True,True
2630,0.29283028783780146,0.09371906739186897,True,True,True,True,True,True,True,True
2631,0.29291177127781376,0.09417077649591177,True,True,True,True,True,True,True,True
2632,0.2931771179986842,0.09408604180220308,True,True,True,True,True,True,True,True
2633,0.29286570967620795,0.09395410436038543,True,True,True,True,True,True,True,True
2634,0.29222472369306834,0.09477669598685103,True,True,True,True,True,True,True,True
2635,0.2911624109819487,0.0949412239811496,True,True,True,True,True,True,True,True
2636,0.2892583648967677,0.09414025770391433,True,True,True,True,True,True,True,True
2637,0.28737439828101924,0.09510394581748895,True,True,True,True,True,True,True,True
2638,0.28609985949192235,0.09556481420959008,True,True,True,True,True,True,True,True
2639,0.2858983511615139,0.09664791201392953,True,True,True,True,True,True,True,True
2640,0.28546531006172055,0.09670601037420878,True,True,True,True,True,True,True,True
2641,0.28519323003069397,0.09441775472514705,True,True,True,True,True,True,True,True
2642,0.28589545167498004,0.09600360001769132,True,True,True,True,True,True,True,True
2643,0.2871312952957072,0.09698244074883702,True,True,True,True,True,True,True,True
2644,0.2881035689800048,0.09660800836572206,True,True,True,True,True,True,True,True
2645,0.28921704324782577,0.0966963037813524,True,True,True,True,True,True,True,True
2646,0.2910791062114027,0.09338895706751879,True,True,True,True,True,True,True,True
2647,0.2924905536786137,0.09314368475338304,True,True,True,True,True,True,True,True
2648,0.29353724203421,0.09289347442564908,True,True,True,True,True,True,True,True
2649,0.2945254682013472,0.09272360902084029,True,True,True,True,True,True,True,True
2650,0.2949034860962875,0.09387112307655683,True,True,True,True,True,True,True,True
2651,0.29528635213907783,0.0945215831449073,True,True,True,True,True,True,True,True
2652,0.2957352505766961,0.09481330358606457,True,True,True,True,True,True,True,True
2653,0.29602461706843475,0.09438438361570053,True,True,True,True,True,True,True,True
2654,0.2951770435291626,0.0934741312051174,True,True,True,True,True,True,True,True
2655,0.2950102541215559,0.0957269100246276,True,True,True,True,True,True,True,True
2656,0.2948362029424491,0.0948369474065026,True,True,True,True,True,True,True,True
2657,0.29479045804949244,0.09436159472876002,True,True,True,True,True,True,True,True
2658,0.2944201399336949,0.09467514879887992,True,True,True,True,True,True,True,True
2659,0.2934948310867064,0.09485962702342805,True,True,True,True,True,True,True,True
2660,0.29191466004676403,0.09535507447272751,True,True,True,True,True,True,True,True
2661,0.2901142318220249,0.0956997579250997,True,True,True,True,True,True,True,True
2662,0.28870811648527267,0.09512541372913581,True,True,True,True,True,True,True,True
2663,0.2876078401527858,0.09484981461668614,True,True,True,True,True,True,True,True
2664,0.286979429037127,0.09397903068864497,True,True,True,True,True,True,True,True
2665,0.2860548989413731,0.0952415208489374,True,True,True,True,True,True,True,True
2666,0.28399241569755795,0.09533204405312157,True,True,True,True,True,True,True,True
2667,0.2824680211577783,0.09536154901367677,False,True,False,True,True,True,True,True
2668,0.28186091724340273,0.09522941583373754,False,True,False,True,True,True,True,True
2669,0.2794787770086706,0.09330575178759226,False,True,False,True,False,True,True,True
2670,0.28117247414946195,0.09231427720610633,False,True,False,True,False,True,True,True
2671,0.2825257386893856,0.09232578564783626,False,True,True,True,True,True,True,True
2672,0.28376261906916006,0.09245167544511108,True,True,True,True,True,True,True,True
2673,0.2835892218572024,0.09260564934257802,True,True,True,True,True,True,True,True
2674,0.28307248774982774,0.09349390478885929,False,True,True,True,True,True,True,True
2675,0.2827388100889317,0.09310176290303256,False,True,True,True,True,True,True,True
2676,0.28252639968202226,0.09357766258118318,False,True,True,True,True,True,True,True
2677,0.28254709969658504,0.09342963850710992,False,True,True,True,True,True,True,True
2678,0.2818875566278425,0.09304194868569111,False,True,False,True,True,True,True,True
2679,0.281729624312801,0.09243718262002594,False,True,False,True,True,True,True,True
2680,0.2811473902739752,0.09009803615730869,False,True,False,True,False,True,True,True
2681,0.2811085444578484,0.09085804943547288,False,True,False,True,False,True,True,True
2682,0.2804745276435018,0.09140561751465122,False,True,False,True,False,True,True,True
2683,0.2796596108455916,0.09173787669465487,False,True,False,True,False,True,True,True
2684,0.27849112684981986,0.09219122373894373,False,True,False,True,False,True,True,True
2685,0.27748777036365985,0.09246955747724256,False,True,False,True,False,True,False,True
2686,0.27665182654377063,0.09275742664284277,False,True,False,True,False,True,False,True
2687,0.27583890976622794,0.09231357874462612,False,True,False,True,False,True,False,True
2688,0.27519323089274395,0.09202258559855245,False,True,False,True,False,True,False,True
2689,0.2738416983891028,0.09286222795738841,False,True,False,True,False,True,False,True
2690,0.27207306071330023,0.09792763394271978,False,True,False,True,False,True,False,True
2691,0.27182091916604445,0.09607367684579024,False,True,False,True,False,True,False,True
2692,0.27171425574147523,0.09626834441645167,False,True,False,True,False,True,False,True
2693,0.2712019351453313,0.09679044883746615,False,True,False,True,False,True,False,True
2694,0.2700865522042943,0.09492494002107275,False,True,False,True,False,True,False,True
2695,0.26984314164407686,0.093100544788802,False,True,False,True,False,True,False,True
2696,0.2696800811904782,0.09270607547455977,False,True,False,True,False,True,False,True
2697,0.2694108431216978,0.09144097040734608,False,True,False,True,False,True,False,True
2698,0.2694691129881108,0.09049089121607197,False,True,False,True,False,True,False,True
2699,0.2695442422713578,0.09005660734444956,False,True,False,True,False,True,False,True
2700,0.2698249684274594,0.09013566894347563,False,True,False,True,False,True,False,True
2701,0.27033583885531315,0.08999681537954676,False,True,False,True,False,True,False,True
2702,0.2708178322615882,0.08968501636833327,False,True,False,True,False,True,False,True
2703,0.2704607041565367,0.08876278725223538,False,True,False,True,False,True,False,True
2704,0.26978930689696895,0.08776268123066935,False,True,False,True,False,True,False,True
2705,0.2697249207034703,0.08816418783887314,False,True,False,True,False,True,False,True
2706,0.2712234744276358,0.08744879409531711,False,True,False,True,False,True,False,True
2707,0.27248888081761075,0.08749317936216955,False,True,False,True,False,True,False,True
2708,0.2722692782050662,0.08739083628070375,False,True,False,True,False,True,False,True
2709,0.2723615649582502,0.08758959197160977,False,True,False,True,False,True,False,True
2710,0.2732740244671473,0.08710321901150068,False,True,False,True,False,True,False,True
2711,0.2736794222462229,0.08655450985865314,False,True,False,True,False,True,False,True
2712,0.274099532995685,0.08630228270265972,False,True,False,True,False,True,False,True
2713,0.2746962011705745,0.08653359354144781,False,True,False,True,False,True,False,True
2714,0.2755826395763363,0.08644053438283182,False,True,False,True,False,True,False,True
2715,0.27660874403881874,0.08616650088610604,False,True,False,True,False,True,False,True
2716,0.2779144499317999,0.08586781705762972,False,True,False,True,False,True,True,True
2717,0.27880669169595057,0.08603944028368582,False,True,False,True,False,True,True,True
2718,0.2791149804126197,0.08513703554808995,False,True,False,True,False,True,True,False
2719,0.27965558618464575,0.085823951739547,False,True,False,True,False,True,True,True
2720,0.2800795871428197,0.0865640191927473,False,True,False,True,False,True,True,True
2721,0.280868089193286,0.08553970297424485,False,True,False,True,False,True,True,False
2722,0.2815968373782808,0.08600988430457465,False,True,False,True,True,True,True,True
2723,0.28258856598859994,0.08631242650353106,False,True,True,True,True,True,True,True
2724,0.28362676365471134,0.08728064010004294,True,True,True,True,True,True,True,True
2725,0.28409451564876775,0.08719112135880022,True,True,True,True,True,True,True,True
2726,0.28415776976977614,0.08723281640592412,True,True,True,True,True,True,True,True
2727,0.28427448491126167,0.0872487856904845,True,True,True,True,True,True,True,True
2728,0.28443273409840286,0.08728018515723493,True,True,True,True,True,True,True,True
2729,0.28437503884645604,0.08584727630139827,True,True,True,True,True,True,True,True
2730,0.2858094298884494,0.08502196811744907,True,True,True,True,True,True,True,False
2731,0.28734044151650323,0.08509093494589634,True,True,True,True,True,True,True,False
2732,0.28862241332638217,0.0850905968935192,True,True,True,True,True,True,True,False
2733,0.28968431817187706,0.08471414394291658,True,True,True,True,True,True,True,False
2734,0.29075202343957024,0.08431516495427716,True,True,True,True,True,True,True,False
2735,0.29161622718452357,0.08393545694014974,True,True,True,True,True,True,True,False
2736,0.29282259194237287,0.08432210906303472,True,True,True,True,True,True,True,False
2737,0.29465579314925056,0.08502505068815704,True,True,True,True,True,True,True,False
2738,0.2958714850178652,0.08564511874469571,True,True,True,True,True,True,True,True
2739,0.2960386639836111,0.0821063761665862,True,True,True,True,True,False,True,False
2740,0.2958771802699075,0.07794721698643006,True,False,True,False,True,False,True,False
2741,0.2955851948645038,0.07911107773953759,True,False,True,False,True,False,True,False
2742,0.2950271932069989,0.07950747287771424,True,False,True,False,True,False,True,False
2743,0.295346585038348,0.07645342785615294,True,False,True,False,True,False,True,False
2744,0.2950437800893741,0.07595690258780398,True,False,True,False,True,False,True,False
2745,0.2951181119363423,0.07561122175829874,True,False,True,False,True,False,True,False
2746,0.2948429029179217,0.07605215863573844,True,False,True,False,True,False,True,False
2747,0.2946590456013441,0.07508229098113535,True,False,True,False,True,False,True,False
2748,0.29447683258790974,0.07532008836285549,True,False,True,False,True,False,True,False
2749,0.29424681554245247,0.07539514113500376,True,False,True,False,True,False,True,False
2750,0.29387584701167696,0.07598631420001005,True,False,True,False,True,False,True,False
2751,0.29299979364701667,0.07615304328429603,True,False,True,False,True,False,True,False
2752,0.2918787889330818,0.0761790006672333,True,False,True,False,True,False,True,False
2753,0.2900438823232174,0.07577322168451148,True,False,True,False,True,False,True,False
2754,0.2878282089150076,0.07547711674418152,True,False,True,False,True,False,True,False
2755,0.28469994841225343,0.07538458478753081,True,False,True,False,True,False,True,False
2756,0.2813896718785703,0.07554065870131466,False,False,False,False,True,False,True,False
2757,0.2789799783263086,0.07494191347931445,False,False,False,False,False,False,True,False
2758,0.2776484769078795,0.0746615574741666,False,False,False,False,False,False,False,False
2759,0.2767711553401036,0.0749057519906736,False,False,False,False,False,False,False,False
2760,0.2765447422822667,0.07484617725558458,False,False,False,False,False,False,False,False
2761,0.27697267990517127,0.0737988309313004,False,False,False,False,False,False,False,False
2762,0.27719208830621994,0.07522357424428823,False,False,False,False,False,False,False,False
2763,0.2775347257531471,0.07587899233315124,False,False,False,False,False,False,False,False
2764,0.27451870771375253,0.0774675194732329,False,False,False,False,False,False,False,False
2765,0.2759681422364331,0.07827978048788926,False,False,False,False,False,False,False,False
2766,0.27926651663788704,0.07904768056996214,False,False,False,False,False,False,True,False
2767,0.2814185303046828,0.07852528073883569,False,False,False,False,True,False,True,False
2768,0.2829741698902173,0.0786337083218417,False,False,True,False,True,False,True,False
2769,0.2842381979464307,0.07811382602566785,True,False,True,False,True,False,True,False
2770,0.2846009019298451,0.07832598756350373,True,False,True,False,True,False,True,False
2771,0.2842479236197916,0.07965196322300054,True,False,True,False,True,False,True,False
2772,0.2841153145682362,0.07991489904394726,True,False,True,False,True,False,True,False
2773,0.28371624349484986,0.07994624075205649,True,False,True,False,True,False,True,False
2774,0.2833664259754431,0.07974961489972399,False,False,True,False,True,False,True,False
2775,0.2828142929153633,0.0794304698446248,False,False,True,False,True,False,True,False
2776,0.2816542685448969,0.07912056265725481,False,False,False,False,True,False,True,False
2777,0.27987657130145144,0.07892789924686687,False,False,False,False,False,False,True,False
2778,0.2774287142851869,0.0785431655419558,False,False,False,False,False,False,False,False
2779,0.27533284712782513,0.07892897526239968,False,False,False,False,False,False,False,False
2780,0.27388497601870165,0.07899634875853234,False,False,False,False,False,False,False,False
2781,0.27235120194664053,0.07896940177023609,False,False,False,False,False,False,False,False
2782,0.271441175147027,0.07889543273420391,False,False,False,False,False,False,False,False
2783,0.27119881751944386,0.0786094522639749,False,False,False,False,False,False,False,False
2784,0.27110536679060954,0.07889785609691428,False,False,False,False,False,False,False,False
2785,0.27110183687663003,0.07879620776487063,False,False,False,False,False,False,False,False
2786,0.27158008912324183,0.08152220436312915,False,True,False,True,False,False,False,False
2787,0.2721420798412533,0.08196093149225422,False,True,False,True,False,False,False,False
2788,0.27477568010718023,0.08167240916775581,False,True,False,True,False,False,False,False
2789,0.27690714663594973,0.08152001046899471,False,True,False,True,False,False,False,False
2790,0.2791049006898995,0.08097907738528004,False,True,False,False,False,False,True,False
2791,0.28192592082562273,0.08010100860134842,False,False,False,False,True,False,True,False
2792,0.28379225419578225,0.07973080273318547,True,False,True,False,True,False,True,False
2793,0.28461617173159215,0.07922170660049807,True,False,True,False,True,False,True,False
2794,0.2855412138196102,0.07827663400206622,True,False,True,False,True,False,True,False
2795,0.2861938779156497,0.07906451947336028,True,False,True,False,True,False,True,False
2796,0.28636493312354994,0.07957523176266035,True,False,True,False,True,False,True,False
2797,0.2865464405783717,0.07966060390325828,True,False,True,False,True,False,True,False
2798,0.28681957004554526,0.08006377038686308,True,False,True,False,True,False,True,False
2799,0.28679972535920073,0.08009240844560159,True,False,True,False,True,False,True,False
2800,0.28526259654389646,0.07908157517292136,True,False,True,False,True,False,True,False
2801,0.2848689203626539,0.07883087595095685,True,False,True,False,True,False,True,False
2802,0.28340557325237836,0.0783964325634296,False,False,True,False,True,False,True,False
2803,0.2823675913789278,0.07754391878909137,False,False,False,False,True,False,True,False
2804,0.28141391114884984,0.0775998936388614,False,False,False,False,True,False,True,False
2805,0.28061895934628783,0.07766684132120327,False,False,False,False,False,False,True,False
2806,0.28024627274535263,0.07754630059708548,False,False,False,False,False,False,True,False
2807,0.28004107316713445,0.0774810326100653,False,False,False,False,False,False,True,False
2808,0.28017062022335604,0.07751059927620672,False,False,False,False,False,False,True,False
2809,0.28062613275194886,0.07739899353108845,False,False,False,False,False,False,True,False
2810,0.2815248571978752,0.07830769311465302,False,False,False,False,True,False,True,False
2811,0.28291493095724946,0.07861320694469834,False,False,True,False,True,False,True,False
2812,0.2853453881965708,0.07900624512646995,True,False,True,False,True,False,True,False
2813,0.28655676666782065,0.07903189889519661,True,False,True,False,True,False,True,False
2814,0.2876735632294539,0.0792977203668795,True,False,True,False,True,False,True,False
2815,0.28942793123480004,0.07876677424525914,True,False,True,False,True,False,True,False
2816,0.29182905938361137,0.07740161605665896,True,False,True,False,True,False,True,False
2817,0.2922739478521682,0.07764262177132064,True,False,True,False,True,False,True,False
2818,0.29168950596210685,0.07842362853090494,True,False,True,False,True,False,True,False
2819,0.29143057295868297,0.07839741225315723,True,False,True,False,True,False,True,False
2820,0.29107925032794324,0.07839482187221487,True,False,True,False,True,False,True,False
2821,0.29075092299076305,0.07849543158549087,True,False,True,False,True,False,True,False
2822,0.2901799254816992,0.07838356568128839,True,False,True,False,True,False,True,False
2823,0.28925890563401363,0.07774149824920192,True,False,True,False,True,False,True,False
2824,0.2876199820245599,0.076334921088632,True,False,True,False,True,False,True,False
2825,0.28688848182807625,0.07674795638746001,True,False,True,False,True,False,True,False
2826,0.2875298768981509,0.0766579253635449,True,False,True,False,True,False,True,False
2827,0.28772704515882,0.07634910340960589,True,False,True,False,True,False,True,False
2828,0.2880303323022915,0.07639599336409081,True,False,True,False,True,False,True,False
2829,0.2885498582286955,0.07643993392413011,True,False,True,False,True,False,True,False
2830,0.28926175444775176,0.07640330086655649,True,False,True,False,True,False,True,False
2831,0.2896041371341892,0.07477290299495862,True,False,True,False,True,False,True,False
2832,0.2899089834785499,0.07515633645121382,True,False,True,False,True,False,True,False
2833,0.2900898986847616,0.0742648628245657,True,False,True,False,True,False,True,False
2834,0.2908663190397929,0.0764814492378228,True,False,True,False,True,False,True,False
2835,0.29198275242079424,0.07638051732751483,True,False,True,False,True,False,True,False
2836,0.2936914733817805,0.07591929969704381,True,False,True,False,True,False,True,False
2837,0.29501684337450673,0.07553272876785899,True,False,True,False,True,False,True,False
2838,0.29694973979236367,0.0750697751709627,True,False,True,False,True,False,True,False
2839,0.30037462930628417,0.0703178191404815,True,False,True,False,True,False,True,False
2840,0.30139309941980785,0.07076984633205247,True,False,True,False,True,False,True,False
2841,0.3008922295895702,0.07072894578839656,True,False,True,False,True,False,True,False
2842,0.2991303867034349,0.07141971709190094,True,False,True,False,True,False,True,False
2843,0.2975239708142026,0.07239892735495458,True,False,True,False,True,False,True,False
2844,0.29583918176505464,0.07250004964685615,True,False,True,False,True,False,True,False
2845,0.2941333321884546,0.07253507011066629,True,False,True,False,True,False,True,False
2846,0.29278977749137286,0.07249584309812165,True,False,True,False,True,False,True,False
2847,0.29213941240204366,0.07143812971972092,True,False,True,False,True,False,True,False
2848,0.29122493688344214,0.07052141908717355,True,False,True,False,True,False,True,False
2849,0.29184588713007353,0.07036300702660221,True,False,True,False,True,False,True,False
2850,0.2926378646398743,0.07030873595369753,True,False,True,False,True,False,True,False
2851,0.29323498421407135,0.07028923921653436,True,False,True,False,True,False,True,False
2852,0.2938777427641227,0.07018501045556376,True,False,True,False,True,False,True,False
2853,0.2946225672236101,0.0702423795203393,True,False,True,False,True,False,True,False
2854,0.2955654042219737,0.07008027693785063,True,False,True,False,True,False,True,False
2855,0.2967865359217367,0.07010008136852885,True,False,True,False,True,False,True,False
2856,0.2977474191699675,0.06899694733549067,True,False,True,False,True,False,True,False
2857,0.2979635592108844,0.06841404348187262,True,False,True,False,True,False,True,False
2858,0.2983072945881518,0.07015234485156527,True,False,True,False,True,False,True,False
2859,0.2989431394012274,0.07105229667738039,True,False,True,False,True,False,True,False
2860,0.3007756565075251,0.07138608437424737,True,False,True,False,True,False,True,False
2861,0.3021475736366386,0.07128658225988015,True,False,True,False,True,False,True,False
2862,0.30300809272264195,0.07145856743573817,True,False,True,False,True,False,True,False
2863,0.30428579556805574,0.07114697523206363,True,False,True,False,True,False,True,False
2864,0.3053559364817727,0.07120162688949162,True,False,True,False,True,False,True,False
2865,0.305576089491728,0.07127706401081746,True,False,True,False,True,False,True,False
2866,0.30525182021267955,0.07156265533478691,True,False,True,False,True,False,True,False
2867,0.30455724100645065,0.07115637252275359,True,False,True,False,True,False,True,False
2868,0.30386143833585316,0.07127671953303691,True,False,True,False,True,False,True,False
2869,0.30324576618961274,0.07136304083736464,True,False,True,False,True,False,True,False
2870,0.3027452072919541,0.07108597153117341,True,False,True,False,True,False,True,False
2871,0.3023736072035866,0.07061388792424553,True,False,True,False,True,False,True,False
2872,0.30267340424259653,0.0708587308164875,True,False,True,False,True,False,True,False
2873,0.3042857967189345,0.07123386120585677,True,False,True,False,True,False,True,False
2874,0.30560626271447716,0.07118938619610059,True,False,True,False,True,False,True,False
2875,0.307226810727989,0.07101782276300822,True,False,True,False,True,False,True,False
2876,0.30881663535316606,0.07113560361692757,True,False,True,False,True,False,True,False
2877,0.31037983804989555,0.07121415968391845,True,False,True,False,True,False,True,False
2878,0.3111328374687791,0.07150709414119985,True,False,True,False,True,False,True,False
2879,0.311039976407294,0.07206716145289765,True,False,True,False,True,False,True,False
2880,0.3109347549938185,0.07135450060905593,True,False,True,False,True,False,True,False
2881,0.311405278110262,0.07080012318201341,True,False,True,False,True,False,True,False
2882,0.31117422012146523,0.0723218107896272,True,False,True,False,True,False,True,False
2883,0.3112782004227498,0.0721849776517163,True,False,True,False,True,False,True,False
2884,0.3113832458726777,0.07212012503543584,True,False,True,False,True,False,True,False
2885,0.3108129424462186,0.07195605132928172,True,False,True,False,True,False,True,False
2886,0.3102543199844253,0.07105695262309057,True,False,True,False,True,False,True,False
2887,0.3104627301738291,0.07115864310996932,True,False,True,False,True,False,True,False
2888,0.31058234899718407,0.07118273469520973,True,False,True,False,True,False,True,False
2889,0.3104360301772845,0.07132585674866829,True,False,True,False,True,False,True,False
2890,0.3099283865654606,0.07168175730379073,True,False,True,False,True,False,True,False
2891,0.3093276402252728,0.07173743426414318,True,False,True,False,True,False,True,False
2892,0.30877112184570565,0.07191536378201142,True,False,True,False,True,False,True,False
2893,0.30826831194764787,0.07196104158309138,True,False,True,False,True,False,True,False
2894,0.30782906449233755,0.07190901335849569,True,False,True,False,True,False,True,False
2895,0.307477580169462,0.0716136764775346,True,False,True,False,True,False,True,False
2896,0.3066678522744616,0.07146792767034363,True,False,True,False,True,False,True,False
2897,0.30622099194122177,0.07124818958224736,True,False,True,False,True,False,True,False
2898,0.3071200759494566,0.07106903530672738,True,False,True,False,True,False,True,False
2899,0.3083433641656125,0.07107995276962516,True,False,True,False,True,False,True,False
2900,0.30949380946523125,0.07120143441822956,True,False,True,False,True,False,True,False
2901,0.31073178922502337,0.0714819828030208,True,False,True,False,True,False,True,False
2902,0.31138096355335315,0.07151364770175,True,False,True,False,True,False,True,False
2903,0.311985621416431,0.07129816902481621,True,False,True,False,True,False,True,False
2904,0.3128279260180551,0.07129493213606648,True,False,True,False,True,False,True,False
2905,0.3130426586255136,0.07102178583770066,True,False,True,False,True,False,True,False
2906,0.31293490010462044,0.07142667773603717,True,False,True,False,True,False,True,False
2907,0.31296965967250223,0.07128737010478896,True,False,True,False,True,False,True,False
2908,0.3133840741944573,0.07137056813812645,True,False,True,False,True,False,True,False
2909,0.3136861045036551,0.0712206638671211,True,False,True,False,True,False,True,False
2910,0.31388466341605037,0.07129860818166328,True,False,True,False,True,False,True,False
2911,0.3145845313566052,0.07102261475126177,True,False,True,False,True,False,True,False
2912,0.3151040777066641,0.07113413980521861,True,False,True,False,True,False,True,False
2913,0.31541093988183994,0.07124635636336085,True,False,True,False,True,False,True,False
2914,0.31551366460845165,0.0722935243595306,True,False,True,False,True,False,True,False
2915,0.31531492526365335,0.07353088732289682,True,False,True,False,True,False,True,False
2916,0.31546815594951594,0.07340538168299597,True,False,True,False,True,False,True,False
2917,0.3156817453433588,0.0744942409279144,True,False,True,False,True,False,True,False
2918,0.3166451941839677,0.07395559855719347,True,False,True,False,True,False,True,False
2919,0.3160464031856597,0.07213018315312547,True,False,True,False,True,False,True,False
2920,0.31408652249827657,0.07117088963042512,True,False,True,False,True,False,True,False
2921,0.31215426867088913,0.07083731991048686,True,False,True,False,True,False,True,False
2922,0.31119909289395525,0.07025131792496986,True,False,True,False,True,False,True,False
2923,0.3101934043031608,0.07032065137702721,True,False,True,False,True,False,True,False
2924,0.3090517006949749,0.07080859113064088,True,False,True,False,True,False,True,False
2925,0.30842703770633034,0.07198366342044589,True,False,True,False,True,False,True,False
2926,0.3079058271849979,0.07201764409272132,True,False,True,False,True,False,True,False
2927,0.30678351684918553,0.07195851724595023,True,False,True,False,True,False,True,False
2928,0.30624473910807826,0.0718915354094302,True,False,True,False,True,False,True,False
2929,0.30600570871823995,0.07139042623740702,True,False,True,False,True,False,True,False
2930,0.3055986398417804,0.07093498428190455,True,False,True,False,True,False,True,False
2931,0.30515733373880205,0.07067011105176964,True,False,True,False,True,False,True,False
2932,0.30480584968038354,0.07093614002977135,True,False,True,False,True,False,True,False
2933,0.30451282410465713,0.07083361968131678,True,False,True,False,True,False,True,False
2934,0.30422616490378307,0.07086559259147467,True,False,True,False,True,False,True,False
2935,0.3040418233866416,0.07131287047306506,True,False,True,False,True,False,True,False
2936,0.3040542025824058,0.07145794045510791,True,False,True,False,True,False,True,False
2937,0.30432255896039645,0.07005001185185776,True,False,True,False,True,False,True,False
2938,0.30464045355785946,0.0699575339395423,True,False,True,False,True,False,True,False
2939,0.3052191761452123,0.06967191553608183,True,False,True,False,True,False,True,False
2940,0.30585191353252383,0.0697564946895408,True,False,True,False,True,False,True,False
2941,0.30647573786090476,0.06984618543547444,True,False,True,False,True,False,True,False
2942,0.30673760631143315,0.06992416745395434,True,False,True,False,True,False,True,False
2943,0.30664100154181456,0.06969777682722665,True,False,True,False,True,False,True,False
2944,0.3061418893128486,0.06797808678152217,True,False,True,False,True,False,True,False
2945,0.30559081192462634,0.0686213799570689,True,False,True,False,True,False,True,False
2946,0.3050685352085957,0.06819241589284593,True,False,True,False,True,False,True,False
2947,0.3043197831618477,0.06875149961647875,True,False,True,False,True,False,True,False
2948,0.3038442741648709,0.0687775597396724,True,False,True,False,True,False,True,False
2949,0.3031797610054629,0.06875385522317662,True,False,True,False,True,False,True,False
2950,0.30267741994975694,0.06868470120206822,True,False,True,False,True,False,True,False
2951,0.3022831984460985,0.06931572502955005,True,False,True,False,True,False,True,False
2952,0.3018909799075883,0.06945882660252484,True,False,True,False,True,False,True,False
2953,0.30144896295210133,0.0692694903637438,True,False,True,False,True,False,True,False
2954,0.3009134201119813,0.06850673646815039,True,False,True,False,True,False,True,False
2955,0.30036847531481947,0.06850537651805341,True,False,True,False,True,False,True,False
2956,0.29977562177783723,0.06818058734750924,True,False,True,False,True,False,True,False
2957,0.2994178275253593,0.06834245089022463,True,False,True,False,True,False,True,False
2958,0.29917039088331654,0.06773960194019849,True,False,True,False,True,False,True,False
2959,0.2990390090375478,0.06821445324712723,True,False,True,False,True,False,True,False
2960,0.2989836894012849,0.06822607469463685,True,False,True,False,True,False,True,False
2961,0.29901046544033977,0.0683526041182945,True,False,True,False,True,False,True,False
2962,0.2990578897057951,0.06882685675959788,True,False,True,False,True,False,True,False
2963,0.2991921683773888,0.06878986048126663,True,False,True,False,True,False,True,False
2964,0.29919808678598503,0.06876087606842836,True,False,True,False,True,False,True,False
2965,0.29910290146741125,0.06879476267190131,True,False,True,False,True,False,True,False
2966,0.2989531964326139,0.0688495600789213,True,False,True,False,True,False,True,False
2967,0.29878146036810477,0.06883693524147322,True,False,True,False,True,False,True,False
2968,0.29817127058073634,0.06834310512630028,True,False,True,False,True,False,True,False
2969,0.29757860069558467,0.06714674573191806,True,False,True,False,True,False,True,False
2970,0.29808313093525957,0.0666858277755548,True,False,True,False,True,False,True,False
2971,0.29874508244256986,0.06666965023011677,True,False,True,False,True,False,True,False
2972,0.29951842172020066,0.06665568504208516,True,False,True,False,True,False,True,False
2973,0.3003581131788532,0.06668211354380278,True,False,True,False,True,False,True,False
2974,0.30133867877256804,0.06647733323954029,True,False,True,False,True,False,True,False
2975,0.3020539660508421,0.06664656498192675,True,False,True,False,True,False,True,False
2976,0.30267251944674584,0.06680200527214877,True,False,True,False,True,False,True,False
2977,0.30233547936327815,0.06631880789375703,True,False,True,False,True,False,True,False
2978,0.30191359176210153,0.06611988394606898,True,False,True,False,True,False,True,False
2979,0.30139170261577997,0.06621678825279205,True,False,True,False,True,False,True,False
2980,0.3006579973838289,0.06632018378082123,True,False,True,False,True,False,True,False
2981,0.2998168968391203,0.06636485281382368,True,False,True,False,True,False,True,False
2982,0.2990458167841085,0.06598937124530553,True,False,True,False,True,False,True,False
2983,0.29880644113300925,0.06619900752785395,True,False,True,False,True,False,True,False
2984,0.29883763513731426,0.06621920412830683,True,False,True,False,True,False,True,False
2985,0.29895656427479966,0.0661926591188762,True,False,True,False,True,False,True,False
2986,0.29892528185595485,0.06642175110920338,True,False,True,False,True,False,True,False
2987,0.2989208177929804,0.06661743083815,True,False,True,False,True,False,True,False
2988,0.2988008686174119,0.06671835127896589,True,False,True,False,True,False,True,False
2989,0.2984225780699829,0.06688288136976017,True,False,True,False,True,False,True,False
2990,0.29815655977303485,0.06687927503793581,True,False,True,False,True,False,True,False
2991,0.2976276803416906,0.06820911904823428,True,False,True,False,True,False,True,False
2992,0.2972185923107943,0.06730550355692995,True,False,True,False,True,False,True,False
2993,0.2967945151496571,0.06683411231329794,True,False,True,False,True,False,True,False
2994,0.29638454340240916,0.0665154344515727,True,False,True,False,True,False,True,False
2995,0.2959455494265259,0.06659739793496652,True,False,True,False,True,False,True,False
2996,0.2955258972363102,0.0664349680683088,True,False,True,False,True,False,True,False
2997,0.29486448430369483,0.0654655464489047,True,False,True,False,True,False,True,False
2998,0.2943038318038561,0.06572576247199258,True,False,True,False,True,False,True,False
2999,0.2939754865741469,0.06569179574743261,True,False,True,False,True,False,True,False
3000,0.2938883163901502,0.06622237823545386,True,False,True,False,True,False,True,False
3001,0.2940867902535513,0.06709610773702901,True,False,True,False,True,False,True,False
3002,0.29376116769806965,0.06614772063081499,True,False,True,False,True,False,True,False
3003,0.2935687999316266,0.06564400867860909,True,False,True,False,True,False,True,False
3004,0.29332445910060284,0.06550912102830492,True,False,True,False,True,False,True,False
3005,0.2928686656141157,0.06545911445125313,True,False,True,False,True,False,True,False
3006,0.2925826923304794,0.06502586509131036,True,False,True,False,True,False,True,False
3007,0.2922398590779045,0.06494461682654872,True,False,True,False,True,False,True,False
3008,0.2922969445665865,0.06481674928578135,True,False,True,False,True,False,True,False
3009,0.292276049062672,0.06437634350998124,True,False,True,False,True,False,True,False
3010,0.29216813293286525,0.06421851578953117,True,False,True,False,True,False,True,False
3011,0.29206493282213597,0.06401495286441947,True,False,True,False,True,False,True,False
3012,0.292181189211266,0.06388845809630468,True,False,True,False,True,False,True,False
3013,0.2921714739954429,0.06389074528796619,True,False,True,False,True,False,True,False
3014,0.2917171970839284,0.0638790580377097,True,False,True,False,True,False,True,False
3015,0.29084913812869045,0.06389012347902387,True,False,True,False,True,False,True,False
3016,0.2896326836428408,0.0625672654209393,True,False,True,False,True,False,True,False
3017,0.2894762027884666,0.062282667043781735,True,False,True,False,True,False,True,False
3018,0.2904719587490637,0.062329247119984034,True,False,True,False,True,False,True,False
3019,0.2914763296022695,0.062267845526401716,True,False,True,False,True,False,True,False
3020,0.29264352065636007,0.062040596709399175,True,False,True,False,True,False,True,False
3021,0.29391769174417204,0.06203761872655465,True,False,True,False,True,False,True,False
3022,0.29502948335484946,0.06198184821858878,True,False,True,False,True,False,True,False
3023,0.2959421068931105,0.062022707391001984,True,False,True,False,True,False,True,False
3024,0.2971171200835794,0.06192588614023407,True,False,True,False,True,False,True,False
3025,0.29729645659178594,0.06269486613651834,True,False,True,False,True,False,True,False
3026,0.29683260449550175,0.06240837036285291,True,False,True,False,True,False,True,False
3027,0.2964084438216177,0.06234823184984516,True,False,True,False,True,False,True,False
3028,0.29599490442492415,0.062358520614532245,True,False,True,False,True,False,True,False
3029,0.2954593980952831,0.06238385352616895,True,False,True,False,True,False,True,False
3030,0.29487633007896397,0.062463949329877776,True,False,True,False,True,False,True,False
3031,0.29471894805930593,0.06274320027010613,True,False,True,False,True,False,True,False
3032,0.29468111429439625,0.06307352380704961,True,False,True,False,True,False,True,False
3033,0.2942583374321423,0.06274700302154586,True,False,True,False,True,False,True,False
3034,0.2935271271983137,0.06322462090174623,True,False,True,False,True,False,True,False
3035,0.293089277569155,0.06341117148225435,True,False,True,False,True,False,True,False
3036,0.2929030296985794,0.06355270680048873,True,False,True,False,True,False,True,False
3037,0.2920200758639379,0.06204208244107817,True,False,True,False,True,False,True,False
3038,0.292039976230823,0.06240735608628866,True,False,True,False,True,False,True,False
3039,0.29229771296761353,0.06252353804286424,True,False,True,False,True,False,True,False
3040,0.2920800447731914,0.0622953360689072,True,False,True,False,True,False,True,False
3041,0.29205806509798615,0.061766885422829855,True,False,True,False,True,False,True,False
3042,0.2916552647296961,0.062124043639333514,True,False,True,False,True,False,True,False
3043,0.29125118800443905,0.06216636917235082,True,False,True,False,True,False,True,False
3044,0.2907269591360694,0.06197556970029374,True,False,True,False,True,False,True,False
3045,0.29023257636184874,0.061654892127790586,True,False,True,False,True,False,True,False
3046,0.28977406719963683,0.06152446998341281,True,False,True,False,True,False,True,False
3047,0.289184097332448,0.0615726379680041,True,False,True,False,True,False,True,False
3048,0.28879946053295574,0.061513643561010314,True,False,True,False,True,False,True,False
3049,0.2882150446437188,0.06132123887850199,True,False,True,False,True,False,True,False
3050,0.28699377345357663,0.06122996171129723,True,False,True,False,True,False,True,False
3051,0.28584174112798316,0.06291275497049487,True,False,True,False,True,False,True,False
3052,0.28480618804883284,0.0637611957833611,True,False,True,False,True,False,True,False
3053,0.2839473448078368,0.06294877146345364,True,False,True,False,True,False,True,False
3054,0.28299091709267593,0.06303502291802134,False,False,True,False,True,False,True,False
3055,0.2819608609251968,0.06187149980060708,False,False,False,False,True,False,True,False
3056,0.28157197451370625,0.06083448175640521,False,False,False,False,True,False,True,False
3057,0.28115637526945514,0.06066137546988284,False,False,False,False,False,False,True,False
3058,0.28078555854362536,0.06091690596504504,False,False,False,False,False,False,True,False
3059,0.2805459723294121,0.0611977371574216,False,False,False,False,False,False,True,False
3060,0.2803257599059093,0.06122001442368384,False,False,False,False,False,False,True,False
3061,0.27981603607542815,0.06210723688120704,False,False,False,False,False,False,True,False
3062,0.27956379095535633,0.06338656170062568,False,False,False,False,False,False,True,False
3063,0.2796996575884111,0.06222025878999434,False,False,False,False,False,False,True,False
3064,0.2794866265095477,0.06161984333459151,False,False,False,False,False,False,True,False
3065,0.2789237741252424,0.06138426503770807,False,False,False,False,False,False,True,False
3066,0.2784724103004962,0.061167008574866746,False,False,False,False,False,False,True,False
3067,0.27803327476718254,0.061069610279983866,False,False,False,False,False,False,True,False
3068,0.2775850408095779,0.06095528424986375,False,False,False,False,False,False,False,False
3069,0.27732699698436547,0.060737756263021324,False,False,False,False,False,False,False,False
3070,0.27707782337058384,0.060780664691329186,False,False,False,False,False,False,False,False
3071,0.27704745126522123,0.06070835121338537,False,False,False,False,False,False,False,False
3072,0.2771747384258681,0.060639333766221534,False,False,False,False,False,False,False,False
3073,0.2769777673878642,0.06093440033838414,False,False,False,False,False,False,False,False
3074,0.27693769848151345,0.061570114463549534,False,False,False,False,False,False,False,False
3075,0.2769338531540021,0.062185558953972396,False,False,False,False,False,False,False,False
3076,0.2770366055737176,0.06116923319502169,False,False,False,False,False,False,False,False
3077,0.2765745360442301,0.061168491541266704,False,False,False,False,False,False,False,False
3078,0.2763555130246712,0.061557409106899226,False,False,False,False,False,False,False,False
3079,0.2761746193425719,0.06168398255482349,False,False,False,False,False,False,False,False
3080,0.2762249966003959,0.06128981275973641,False,False,False,False,False,False,False,False
3081,0.27590894022372403,0.06148825392881025,False,False,False,False,False,False,False,False
3082,0.27549323191307984,0.06158435947674902,False,False,False,False,False,False,False,False
3083,0.2751686195815231,0.06186355028322981,False,False,False,False,False,False,False,False
3084,0.2747920480685836,0.061675111908431904,False,False,False,False,False,False,False,False
3085,0.27416080626585754,0.06162940338782367,False,False,False,False,False,False,False,False
3086,0.27350338066879376,0.061452008091449406,False,False,False,False,False,False,False,False
3087,0.27304227940327025,0.061536954459145164,False,False,False,False,False,False,False,False
3088,0.27228871754128864,0.06168018840644844,False,False,False,False,False,False,False,False
3089,0.2735330672286192,0.06155987836331582,False,False,False,False,False,False,False,False
3090,0.2749143488635529,0.061567727852169456,False,False,False,False,False,False,False,False
3091,0.27610009495073884,0.061816257200725866,False,False,False,False,False,False,False,False
3092,0.2768998674018247,0.061813618626128254,False,False,False,False,False,False,False,False
3093,0.27789364056234434,0.061801008272795076,False,False,False,False,False,False,True,False
3094,0.27910863094133675,0.06190172068799716,False,False,False,False,False,False,True,False
3095,0.28021344891123723,0.06202923809134599,False,False,False,False,False,False,True,False
3096,0.28153718651589493,0.06219091836445577,False,False,False,False,True,False,True,False
3097,0.2810149512480983,0.06238245268126176,False,False,False,False,False,False,True,False
3098,0.2804092208004526,0.06174072426080163,False,False,False,False,False,False,True,False
3099,0.28008511212345777,0.06191319016307614,False,False,False,False,False,False,True,False
3100,0.2791160848173971,0.061584990609738606,False,False,False,False,False,False,True,False
3101,0.2778482442325352,0.06163275010591735,False,False,False,False,False,False,True,False
3102,0.2767160674786437,0.0621323122860379,False,False,False,False,False,False,False,False
3103,0.27629368041774527,0.06207544422227329,False,False,False,False,False,False,False,False
3104,0.27635183316710005,0.06202980599770764,False,False,False,False,False,False,False,False
3105,0.2762911199118029,0.06216246613037567,False,False,False,False,False,False,False,False
3106,0.27533457455251403,0.06302270778641558,False,False,False,False,False,False,False,False
3107,0.27410143086010114,0.0631732917790921,False,False,False,False,False,False,False,False
3108,0.27281384655596197,0.06331171292651874,False,False,False,False,False,False,False,False
3109,0.2715318373282011,0.06309586848916308,False,False,False,False,False,False,False,False
3110,0.2703084197058906,0.06313370705349187,False,False,False,False,False,False,False,False
3111,0.26939128798466205,0.06301939680316807,False,False,False,False,False,False,False,False
3112,0.26854001948994843,0.0614667758374461,False,False,False,False,False,False,False,False
3113,0.26885016168264364,0.06186315259142414,False,False,False,False,False,False,False,False
3114,0.27020626325899155,0.06223562662439847,False,False,False,False,False,False,False,False
3115,0.2709507155160732,0.06211843731666673,False,False,False,False,False,False,False,False
3116,0.271708290112521,0.062095549389103964,False,False,False,False,False,False,False,False
3117,0.27273223404633523,0.06161212111079533,False,False,False,False,False,False,False,False
3118,0.27372117032897064,0.061351963912246926,False,False,False,False,False,False,False,False
3119,0.2747439367865679,0.06205576034894543,False,False,False,False,False,False,False,False
3120,0.2759624401524188,0.061385717368484576,False,False,False,False,False,False,False,False
3121,0.2762079628131959,0.06081869210398699,False,False,False,False,False,False,False,False
3122,0.2752259782750651,0.06124449309508536,False,False,False,False,False,False,False,False
3123,0.27486505673289585,0.060258678500679105,False,False,False,False,False,False,False,False
3124,0.27482976905237216,0.06027759016113763,False,False,False,False,False,False,False,False
3125,0.2747186498117686,0.06081318989597202,False,False,False,False,False,False,False,False
3126,0.2747175115917236,0.06087987420160384,False,False,False,False,False,False,False,False
3127,0.27505241294213356,0.06126646604349782,False,False,False,False,False,False,False,False
3128,0.2753625584909088,0.06104894349761082,False,False,False,False,False,False,False,False
3129,0.2753925609089205,0.061109041849704594,False,False,False,False,False,False,False,False
3130,0.2750605587543338,0.06109794365499409,False,False,False,False,False,False,False,False
3131,0.27434773845988414,0.06101870196322531,False,False,False,False,False,False,False,False
3132,0.2733916803750513,0.061085313216802814,False,False,False,False,False,False,False,False
3133,0.27228158514688416,0.06074104836888929,False,False,False,False,False,False,False,False
3134,0.2715292019366401,0.061319661676041234,False,False,False,False,False,False,False,False
3135,0.27086113785569,0.061318510559559294,False,False,False,False,False,False,False,False
3136,0.2698288940851455,0.06058547061643238,False,False,False,False,False,False,False,False
3137,0.2699514081896308,0.06117815673437792,False,False,False,False,False,False,False,False
3138,0.2703064668019048,0.06117025478093972,False,False,False,False,False,False,False,False
3139,0.2709125261295629,0.061021408346451395,False,False,False,False,False,False,False,False
3140,0.27211240333474723,0.06051575817097769,False,False,False,False,False,False,False,False
3141,0.27284116767774813,0.060329461390639626,False,False,False,False,False,False,False,False
3142,0.27265988821120346,0.060312160856761325,False,False,False,False,False,False,False,False
3143,0.2719284797021436,0.06010180606228211,False,False,False,False,False,False,False,False
3144,0.27176036532235176,0.06006582785552825,False,False,False,False,False,False,False,False
3145,0.27196637298516824,0.060202168594926816,False,False,False,False,False,False,False,False
3146,0.2724774485428087,0.0601266096351495,False,False,False,False,False,False,False,False
3147,0.2733050497576559,0.0602186155251451,False,False,False,False,False,False,False,False
3148,0.2740029106463218,0.060361210323143275,False,False,False,False,False,False,False,False
3149,0.2746698069944575,0.06072269322345658,False,False,False,False,False,False,False,False
3150,0.2757430088934565,0.06109327933614581,False,False,False,False,False,False,False,False
3151,0.27719441232692904,0.062122073672121164,False,False,False,False,False,False,False,False
3152,0.27814961834802265,0.061162788074781406,False,False,False,False,False,False,True,False
3153,0.27817420828471834,0.060869080783645405,False,False,False,False,False,False,True,False
3154,0.2775476460411069,0.06091121883292366,False,False,False,False,False,False,False,False
3155,0.2765903392493195,0.0611614821979479,False,False,False,False,False,False,False,False
3156,0.2754946846235485,0.06234396021497689,False,False,False,False,False,False,False,False
3157,0.2743945154767075,0.06259328829456202,False,False,False,False,False,False,False,False
3158,0.27373725241269975,0.06248008527618175,False,False,False,False,False,False,False,False
3159,0.2728665716387507,0.06313882131944228,False,False,False,False,False,False,False,False
3160,0.2716905651329629,0.06242744956192442,False,False,False,False,False,False,False,False
3161,0.27166070075731724,0.06354809078922938,False,False,False,False,False,False,False,False
3162,0.2730663004887565,0.06349475598311762,False,False,False,False,False,False,False,False
3163,0.2740646822326924,0.06355155847112579,False,False,False,False,False,False,False,False
3164,0.27478530956254377,0.06321227676372972,False,False,False,False,False,False,False,False
3165,0.2743959316738951,0.06331507958723125,False,False,False,False,False,False,False,False
3166,0.27455917530298146,0.0632130829093658,False,False,False,False,False,False,False,False
3167,0.27573719888286063,0.06358917345101328,False,False,False,False,False,False,False,False
3168,0.2758836707148281,0.06369762643561987,False,False,False,False,False,False,False,False
3169,0.2750188227709658,0.06459319024146645,False,False,False,False,False,False,False,False
3170,0.2743946864501777,0.06510940183070035,False,False,False,False,False,False,False,False
3171,0.27375449991497386,0.06579335740453657,False,False,False,False,False,False,False,False
3172,0.27281905618390423,0.06528642417235749,False,False,False,False,False,False,False,False
3173,0.2715210880362107,0.0656902301579936,False,False,False,False,False,False,False,False
3174,0.2700282521395225,0.0655845247364715,False,False,False,False,False,False,False,False
3175,0.2693674533091059,0.06537212068838844,False,False,False,False,False,False,False,False
3176,0.26965815444651514,0.06511495067535353,False,False,False,False,False,False,False,False
3177,0.27009490443557116,0.06496704024690096,False,False,False,False,False,False,False,False
3178,0.27044729818599017,0.0654057809613645,False,False,False,False,False,False,False,False
3179,0.2704460258223008,0.06758208740873275,False,False,False,False,False,False,False,False
3180,0.2702453772971336,0.06713858371073123,False,False,False,False,False,False,False,False
3181,0.27067252549359627,0.06697378639937834,False,False,False,False,False,False,False,False
3182,0.2707654298841285,0.06732962986991352,False,False,False,False,False,False,False,False
3183,0.2703717214437081,0.0678085577788565,False,False,False,False,False,False,False,False
3184,0.26977976882897825,0.06681121887558497,False,False,False,False,False,False,False,False
3185,0.2698263576187527,0.06755718497774062,False,False,False,False,False,False,False,False
3186,0.2717629700211615,0.06770030062337662,False,False,False,False,False,False,False,False
3187,0.27301815130491874,0.06765175382394518,False,False,False,False,False,False,False,False
3188,0.2739416515762984,0.06761919801502406,False,False,False,False,False,False,False,False
3189,0.2746863359103433,0.06748328342422771,False,False,False,False,False,False,False,False
3190,0.2758627140098519,0.06723290317695743,False,False,False,False,False,False,False,False
3191,0.277349190188498,0.0664858625251999,False,False,False,False,False,False,False,False
3192,0.27870488752816575,0.06616164334272552,False,False,False,False,False,False,True,False
3193,0.27980726189570193,0.06661224475458725,False,False,False,False,False,False,True,False
3194,0.28066416076549483,0.06719219237217396,False,False,False,False,False,False,True,False
3195,0.2819588421324078,0.0665331394924663,False,False,False,False,True,False,True,False
3196,0.2830433968555989,0.06683194793234444,False,False,True,False,True,False,True,False
3197,0.28451795960869974,0.06673601054310006,True,False,True,False,True,False,True,False
3198,0.28633207483390605,0.06628546139281247,True,False,True,False,True,False,True,False
3199,0.28819340858469045,0.0658402503689405,True,False,True,False,True,False,True,False
3200,0.2914424969625377,0.06381265002585151,True,False,True,False,True,False,True,False
3201,0.2935466260675496,0.0650160571236255,True,False,True,False,True,False,True,False
3202,0.29355947585580355,0.06509760392549782,True,False,True,False,True,False,True,False
3203,0.2932968655836815,0.06583778084654902,True,False,True,False,True,False,True,False
3204,0.2926946156929123,0.06507312851277874,True,False,True,False,True,False,True,False
3205,0.2919071258262192,0.06554824635738596,True,False,True,False,True,False,True,False
3206,0.2913685830114573,0.0656935849957947,True,False,True,False,True,False,True,False
3207,0.29074355145514275,0.06571613850357885,True,False,True,False,True,False,True,False
3208,0.2894042432487042,0.06623261438686874,True,False,True,False,True,False,True,False
3209,0.28897201422657665,0.06639617042733337,True,False,True,False,True,False,True,False
3210,0.2885611080363477,0.0663647137994012,True,False,True,False,True,False,True,False
3211,0.2881132362609734,0.06636154787776456,True,False,True,False,True,False,True,False
3212,0.287590934455464,0.06641382452776465,True,False,True,False,True,False,True,False
3213,0.28683338204231795,0.06630174440163701,True,False,True,False,True,False,True,False
3214,0.28598359154442604,0.06640336481077128,True,False,True,False,True,False,True,False
3215,0.2857857433298004,0.0662687821680691,True,False,True,False,True,False,True,False
3216,0.28632742292434954,0.06625318866580507,True,False,True,False,True,False,True,False
3217,0.2861827405747289,0.06576638335563958,True,False,True,False,True,False,True,False
3218,0.28657511875058245,0.06681146368627673,True,False,True,False,True,False,True,False
3219,0.2870720196112604,0.0667510913268745,True,False,True,False,True,False,True,False
3220,0.28715564266038257,0.06697874908829415,True,False,True,False,True,False,True,False
3221,0.2880891053971733,0.06709793240218852,True,False,True,False,True,False,True,False
3222,0.2882480648938261,0.06727562892677812,True,False,True,False,True,False,True,False
3223,0.2876753217844628,0.06723003308125411,True,False,True,False,True,False,True,False
3224,0.2880137512100641,0.06752452572398747,True,False,True,False,True,False,True,False
3225,0.28854130631878677,0.06770120633253085,True,False,True,False,True,False,True,False
3226,0.288499436597927,0.06822827027437271,True,False,True,False,True,False,True,False
3227,0.2882258852205325,0.06877241226401642,True,False,True,False,True,False,True,False
3228,0.28810941736630513,0.0686651138212137,True,False,True,False,True,False,True,False
3229,0.2883352648175605,0.06856146706065538,True,False,True,False,True,False,True,False
3230,0.288301023306087,0.0683380626857261,True,False,True,False,True,False,True,False
3231,0.28828720382995054,0.06872514448855217,True,False,True,False,True,False,True,False
3232,0.28788713241437847,0.06846394531839188,True,False,True,False,True,False,True,False
3233,0.2875153746209346,0.06987833653539649,True,False,True,False,True,False,True,False
3234,0.28731106357771713,0.07040240542856736,True,False,True,False,True,False,True,False
3235,0.2863860556541516,0.0711704172289477,True,False,True,False,True,False,True,False
3236,0.2854815792657595,0.07139984945717504,True,False,True,False,True,False,True,False
3237,0.28676793590651983,0.07113508953213885,True,False,True,False,True,False,True,False
3238,0.28797571407384664,0.07107781958945794,True,False,True,False,True,False,True,False
3239,0.28935310138127646,0.07146020928418462,True,False,True,False,True,False,True,False
3240,0.2917206406822833,0.07137639613447094,True,False,True,False,True,False,True,False
3241,0.29241069294575145,0.07120062092488848,True,False,True,False,True,False,True,False
3242,0.2923868109291494,0.07074309515592021,True,False,True,False,True,False,True,False
3243,0.2925092589816731,0.07084133997486737,True,False,True,False,True,False,True,False
3244,0.29310090156987034,0.070786744552647,True,False,True,False,True,False,True,False
3245,0.29359605930292415,0.07104780266968376,True,False,True,False,True,False,True,False
3246,0.2938290613997217,0.07106014444532416,True,False,True,False,True,False,True,False
3247,0.2948905949552402,0.071790461234299,True,False,True,False,True,False,True,False
3248,0.2960846878599436,0.07186705167793692,True,False,True,False,True,False,True,False
3249,0.29735592957798423,0.07362472880218844,True,False,True,False,True,False,True,False
3250,0.2980073377574251,0.07452767214358619,True,False,True,False,True,False,True,False
3251,0.29872208141153184,0.0737552062180647,True,False,True,False,True,False,True,False
3252,0.29971698443807,0.07514297653775924,True,False,True,False,True,False,True,False
3253,0.3002510510967434,0.07724599754948104,True,False,True,False,True,False,True,False
3254,0.3003305396805248,0.07796248538984779,True,False,True,False,True,False,True,False
3255,0.3001965038674796,0.07856357194465839,True,False,True,False,True,False,True,False
3256,0.3001660970217844,0.07886387799337784,True,False,True,False,True,False,True,False
3257,0.30077013372683314,0.08058889429469933,True,True,True,False,True,False,True,False
3258,0.3019554027780645,0.08013824783075199,True,True,True,False,True,False,True,False
3259,0.30323208765474047,0.08011655468290706,True,False,True,False,True,False,True,False
3260,0.3046095058939355,0.08041479956406508,True,True,True,False,True,False,True,False
3261,0.30563204153095097,0.08042500049706429,True,True,True,False,True,False,True,False
3262,0.30652398123768243,0.08006625114795193,True,False,True,False,True,False,True,False
3263,0.30690930969334823,0.08000270682567985,True,False,True,False,True,False,True,False
3264,0.30694950300509216,0.07982047845360685,True,False,True,False,True,False,True,False
3265,0.3069829963128353,0.07926101548912914,True,False,True,False,True,False,True,False
3266,0.3069185384279195,0.07921622330539295,True,False,True,False,True,False,True,False
3267,0.30683866850896857,0.0794787692379417,True,False,True,False,True,False,True,False
3268,0.3064923501227966,0.07955563591759994,True,False,True,False,True,False,True,False
3269,0.3059224055647694,0.08031887497355947,True,True,True,False,True,False,True,False
3270,0.3057281486533488,0.0804580034974479,True,True,True,False,True,False,True,False
3271,0.3053844240765745,0.08080859406247234,True,True,True,False,True,False,True,False
3272,0.3054592056618558,0.08080047089463512,True,True,True,False,True,False,True,False
3273,0.30575467757720876,0.07976556058295808,True,False,True,False,True,False,True,False
3274,0.30606411885087004,0.08251754033405626,True,True,True,True,True,True,True,False
3275,0.307648110380532,0.08470991450469043,True,True,True,True,True,True,True,False
3276,0.31131662974172025,0.08431600484394988,True,True,True,True,True,True,True,False
3277,0.31413847534956624,0.08445744918256733,True,True,True,True,True,True,True,False
3278,0.314770471431207,0.084634912128856,True,True,True,True,True,True,True,False
3279,0.31483712774500805,0.08499446699273654,True,True,True,True,True,True,True,False
3280,0.3142192494530166,0.0857966766543557,True,True,True,True,True,True,True,True
3281,0.3150105173860565,0.085568375806252,True,True,True,True,True,True,True,False
3282,0.3162028430050139,0.0855677901537104,True,True,True,True,True,True,True,False
3283,0.3172124458100428,0.08554552396913814,True,True,True,True,True,True,True,False
3284,0.3184295724261981,0.08558091216921893,True,True,True,True,True,True,True,False
3285,0.3193701997657512,0.0855116364966005,True,True,True,True,True,True,True,False
3286,0.32018283235077816,0.0856605579761703,True,True,True,True,True,True,True,True
3287,0.3208970216485538,0.08580759946667102,True,True,True,True,True,True,True,True
3288,0.32156068941842464,0.08572941852095545,True,True,True,True,True,True,True,True
3289,0.3223268991733977,0.08563780332171232,True,True,True,True,True,True,True,False
3290,0.323099109352112,0.08568813797625313,True,True,True,True,True,True,True,True
3291,0.32375469613401336,0.08569774697529352,True,True,True,True,True,True,True,True
3292,0.32439523763439576,0.0857459013462151,True,True,True,True,True,True,True,True
3293,0.3249915304451298,0.08590665253885772,True,True,True,True,True,True,True,True
3294,0.3256787907307962,0.08607156358691352,True,True,True,True,True,True,True,True
3295,0.32658666498205663,0.08686237833119573,True,True,True,True,True,True,True,True
3296,0.32757625054823686,0.08581009361180549,True,True,True,True,True,True,True,True
3297,0.3288695752082531,0.08531289589412004,True,True,True,True,True,True,True,False
3298,0.3300107981402013,0.08598541835093407,True,True,True,True,True,True,True,True
3299,0.33144486233367754,0.08595219307633499,True,True,True,True,True,True,True,True
3300,0.3330925487736755,0.08579539934523407,True,True,True,True,True,True,True,True
3301,0.334637260641633,0.08612782585137166,True,True,True,True,True,True,True,True
3302,0.33613939471043375,0.08587037478102973,True,True,True,True,True,True,True,True
3303,0.33785067098124166,0.08639649362513453,True,True,True,True,True,True,True,True
3304,0.33964979523420036,0.08683433445392558,True,True,True,True,True,True,True,True
3305,0.3409253470523018,0.08608695664384908,True,True,True,True,True,True,True,True
3306,0.3412973025271937,0.08559444596717083,True,True,True,True,True,True,True,False
3307,0.34173983632604427,0.08532377113062803,True,True,True,True,True,True,True,False
3308,0.3422296656353493,0.08525979845355619,True,True,True,True,True,True,True,False
3309,0.34275177615330843,0.08549807918593462,True,True,True,True,True,True,True,False
3310,0.34332367655144924,0.08448335229491273,True,True,True,True,True,True,True,False
3311,0.3451555574842629,0.08581293816197164,True,True,True,True,True,True,True,True
3312,0.34537282110191975,0.08643454648999695,True,True,True,True,True,True,True,True
3313,0.3444863465464166,0.0859766445814832,True,True,True,True,True,True,True,True
3314,0.3439956007881504,0.08649441343070183,True,True,True,True,True,True,True,True
3315,0.34373913920746957,0.08665995565497926,True,True,True,True,True,True,True,True
3316,0.343511183086043,0.08637344594558888,True,True,True,True,True,True,True,True
3317,0.3430747777712072,0.08668011314773325,True,True,True,True,True,True,True,True
3318,0.34318908244138246,0.08726110381080263,True,True,True,True,True,True,True,True
3319,0.34313268430043115,0.08791592305236248,True,True,True,True,True,True,True,True
3320,0.34400021083428073,0.08658169278253107,True,True,True,True,True,True,True,True
3321,0.34422996895666635,0.08584362783418752,True,True,True,True,True,True,True,True
3322,0.3446279056584433,0.08561381243994542,True,True,True,True,True,True,True,False
3323,0.34532701308428165,0.08474950166803964,True,True,True,True,True,True,True,False
3324,0.345671324780562,0.0847675083474567,True,True,True,True,True,True,True,False
3325,0.3457727566267572,0.08523998850280128,True,True,True,True,True,True,True,False
3326,0.3465996596433941,0.08398483115886023,True,True,True,True,True,True,True,False
3327,0.3468797833905454,0.08482930696613059,True,True,True,True,True,True,True,False
3328,0.34670053881054513,0.08680813748044874,True,True,True,True,True,True,True,True
3329,0.34771739747445674,0.0865996696135393,True,True,True,True,True,True,True,True
3330,0.34834776402247025,0.0865765622269185,True,True,True,True,True,True,True,True
3331,0.34911501208727436,0.08661264837751159,True,True,True,True,True,True,True,True
3332,0.3495371381607128,0.08657528998598603,True,True,True,True,True,True,True,True
3333,0.3501271314271261,0.08653311298414626,True,True,True,True,True,True,True,True
3334,0.35133127648633794,0.0862786890053757,True,True,True,True,True,True,True,True
3335,0.3526881389023618,0.08607128336923194,True,True,True,True,True,True,True,True
3336,0.3535842294637762,0.08649420922390709,True,True,True,True,True,True,True,True
3337,0.35240755303639404,0.0864648412370897,True,True,True,True,True,True,True,True
3338,0.35185722902950395,0.08717648316248645,True,True,True,True,True,True,True,True
3339,0.35121023773253257,0.08659867151019054,True,True,True,True,True,True,True,True
3340,0.3504058434562972,0.08623688614533964,True,True,True,True,True,True,True,True
3341,0.3497064236696342,0.08694735786167763,True,True,True,True,True,True,True,True
3342,0.3499969567069222,0.0877321784639452,True,True,True,True,True,True,True,True
3343,0.35075170313072956,0.09030434099075221,True,True,True,True,True,True,True,True
3344,0.3517969213385703,0.08929558007086406,True,True,True,True,True,True,True,True
3345,0.35226877479080065,0.08884425731039364,True,True,True,True,True,True,True,True
3346,0.3522715977664858,0.08922959465638969,True,True,True,True,True,True,True,True
3347,0.35215855739764246,0.08971189260709729,True,True,True,True,True,True,True,True
3348,0.35227992436541383,0.08972577673505991,True,True,True,True,True,True,True,True
3349,0.35519636155403167,0.08816318931639709,True,True,True,True,True,True,True,True
3350,0.35605880717525323,0.08869333747585514,True,True,True,True,True,True,True,True
3351,0.3565281476088031,0.08956303429153605,True,True,True,True,True,True,True,True
3352,0.3567190024167941,0.09028996001710261,True,True,True,True,True,True,True,True
3353,0.3563456664310977,0.09092459899486949,True,True,True,True,True,True,True,True
3354,0.3553202130330747,0.09071086368253016,True,True,True,True,True,True,True,True
3355,0.3557169123703589,0.08978055366743513,True,True,True,True,True,True,True,True
3356,0.35695258975522404,0.09007904391334147,True,True,True,True,True,True,True,True
3357,0.35835465252687243,0.08987715068354636,True,True,True,True,True,True,True,True
3358,0.35922944538741425,0.08797431581893816,True,True,True,True,True,True,True,True
3359,0.36040229889155484,0.08840316788310647,True,True,True,True,True,True,True,True
3360,0.3603421900853718,0.08785716088020999,True,True,True,True,True,True,True,True
3361,0.35995090142041686,0.08893538932041704,True,True,True,True,True,True,True,True
3362,0.3592853234444554,0.0885109738214472,True,True,True,True,True,True,True,True
3363,0.35924954792487673,0.08839847460536907,True,True,True,True,True,True,True,True
3364,0.35869493764963545,0.08827288819485624,True,True,True,True,True,True,True,True
3365,0.35819296690109603,0.08840478755841878,True,True,True,True,True,True,True,True
3366,0.3578162261813897,0.0880221017224528,True,True,True,True,True,True,True,True
3367,0.3585131793497187,0.08697921806908282,True,True,True,True,True,True,True,True
3368,0.3600660456506219,0.08606184071036567,True,True,True,True,True,True,True,True
3369,0.3608268139268266,0.08574329328440104,True,True,True,True,True,True,True,True
3370,0.3609373489125436,0.08658667153033409,True,True,True,True,True,True,True,True
3371,0.3611042624056453,0.08670662999437925,True,True,True,True,True,True,True,True
3372,0.36096546333670615,0.08634102855711136,True,True,True,True,True,True,True,True
3373,0.36041393912163905,0.0863471486283256,True,True,True,True,True,True,True,True
3374,0.36001476510002245,0.08617719081059241,True,True,True,True,True,True,True,True
3375,0.3592581269202163,0.08714959422752663,True,True,True,True,True,True,True,True
3376,0.3559639589942596,0.0881760111063978,True,True,True,True,True,True,True,True
3377,0.35597028978659484,0.0876376866989231,True,True,True,True,True,True,True,True
3378,0.35662154098310583,0.08718227489255437,True,True,True,True,True,True,True,True
3379,0.357275276567141,0.08721808275729741,True,True,True,True,True,True,True,True
3380,0.3572508873034407,0.08725590743284035,True,True,True,True,True,True,True,True
3381,0.3571248028326925,0.0887266526890594,True,True,True,True,True,True,True,True
3382,0.35792837380946557,0.0879477929312974,True,True,True,True,True,True,True,True
3383,0.35843343546180995,0.0884834189312482,True,True,True,True,True,True,True,True
3384,0.35809868414381085,0.08832985366350361,True,True,True,True,True,True,True,True
3385,0.35843901560186947,0.0882228853732628,True,True,True,True,True,True,True,True
3386,0.3565660801987408,0.08515758191924172,True,True,True,True,True,True,True,False
3387,0.35627838381366655,0.08514968040271283,True,True,True,True,True,True,True,False
3388,0.35598716189161994,0.08503991303267829,True,True,True,True,True,True,True,False
3389,0.3561151887373638,0.08410681284802275,True,True,True,True,True,True,True,False
3390,0.35688887882891945,0.08479846174078616,True,True,True,True,True,True,True,False
3391,0.3584118225820599,0.0861705788724719,True,True,True,True,True,True,True,True
3392,0.3589011759331812,0.0865891749351956,True,True,True,True,True,True,True,True
3393,0.3592116571484538,0.08660204903721958,True,True,True,True,True,True,True,True
3394,0.3592826729310528,0.08645717826062752,True,True,True,True,True,True,True,True
3395,0.3590606025488493,0.08650133506690116,True,True,True,True,True,True,True,True
3396,0.3587618972654619,0.08722163719839425,True,True,True,True,True,True,True,True
3397,0.3584132819479904,0.08732897378971279,True,True,True,True,True,True,True,True
3398,0.35797720575864683,0.0871839972828505,True,True,True,True,True,True,True,True
3399,0.35757217874073094,0.08749821239111866,True,True,True,True,True,True,True,True
3400,0.3572923022325239,0.0874588679927027,True,True,True,True,True,True,True,True
3401,0.3568855950896945,0.08939760649070584,True,True,True,True,True,True,True,True
3402,0.35691332133225884,0.08954580802552711,True,True,True,True,True,True,True,True
3403,0.35688141667745865,0.08964004475749546,True,True,True,True,True,True,True,True
3404,0.35684829236856436,0.08955916356637492,True,True,True,True,True,True,True,True
3405,0.35703873979094275,0.08986507872429852,True,True,True,True,True,True,True,True
3406,0.35750129434023925,0.09053484354924993,True,True,True,True,True,True,True,True
3407,0.3573588891195942,0.09052554225820116,True,True,True,True,True,True,True,True
3408,0.35739304109200454,0.0906276981760766,True,True,True,True,True,True,True,True
3409,0.35664402081694285,0.09061605194438464,True,True,True,True,True,True,True,True
3410,0.3553146884971807,0.08894278601399999,True,True,True,True,True,True,True,True
3411,0.35414917326132517,0.08898568021908525,True,True,True,True,True,True,True,True
3412,0.35313428423978127,0.08919339721466936,True,True,True,True,True,True,True,True
3413,0.3525074559294478,0.08951279938843573,True,True,True,True,True,True,True,True
3414,0.35227180059788815,0.08953933989771513,True,True,True,True,True,True,True,True
3415,0.35225197431287036,0.09021750897371421,True,True,True,True,True,True,True,True
3416,0.3522967751988291,0.09011401839642537,True,True,True,True,True,True,True,True
3417,0.3519455821198854,0.09017759128994815,True,True,True,True,True,True,True,True
3418,0.3513637935805806,0.09052726491122089,True,True,True,True,True,True,True,True
3419,0.3510140547628801,0.09000672111583159,True,True,True,True,True,True,True,True
3420,0.3507920646303335,0.08987558168220555,True,True,True,True,True,True,True,True
3421,0.35029959509579484,0.0900642963998585,True,True,True,True,True,True,True,True
3422,0.34980295117204274,0.09029505355117069,True,True,True,True,True,True,True,True
3423,0.3498590741721384,0.08995276736916494,True,True,True,True,True,True,True,True
3424,0.3499439675454461,0.08952508736341948,True,True,True,True,True,True,True,True
3425,0.3503382447272627,0.08940867981361465,True,True,True,True,True,True,True,True
3426,0.35098479444557595,0.08965787188686807,True,True,True,True,True,True,True,True
3427,0.35156412949656207,0.09143403794532792,True,True,True,True,True,True,True,True
3428,0.3516061038466519,0.09268818837901625,True,True,True,True,True,True,True,True
3429,0.3501320218741231,0.09212601252000445,True,True,True,True,True,True,True,True
3430,0.35043208413868127,0.09144497053742277,True,True,True,True,True,True,True,True
3431,0.3517178818239598,0.09056437432898223,True,True,True,True,True,True,True,True
3432,0.3525673929446262,0.09048644796902879,True,True,True,True,True,True,True,True
3433,0.3525505144758833,0.08974510880545734,True,True,True,True,True,True,True,True
3434,0.3520058543326413,0.08958181846652809,True,True,True,True,True,True,True,True
3435,0.35104205479040723,0.0895201721269691,True,True,True,True,True,True,True,True
3436,0.3482757505887954,0.08870557289209903,True,True,True,True,True,True,True,True
3437,0.3441805070425293,0.08862046851088758,True,True,True,True,True,True,True,True
3438,0.34288226729388827,0.08851838562904757,True,True,True,True,True,True,True,True
3439,0.3423383207664022,0.08754299053879677,True,True,True,True,True,True,True,True
3440,0.3418735111557777,0.08706623951942116,True,True,True,True,True,True,True,True
3441,0.34145426777294174,0.08732933421845904,True,True,True,True,True,True,True,True
3442,0.3412190668439017,0.0871713095570171,True,True,True,True,True,True,True,True
3443,0.3411774598977967,0.08721988106303244,True,True,True,True,True,True,True,True
3444,0.34119071457562056,0.08704431383291995,True,True,True,True,True,True,True,True
3445,0.3411579812152241,0.08704046380044828,True,True,True,True,True,True,True,True
3446,0.3410723344375495,0.08695171745515953,True,True,True,True,True,True,True,True
3447,0.34095743722412564,0.08681002422195754,True,True,True,True,True,True,True,True
3448,0.34069739420819173,0.08671049689943204,True,True,True,True,True,True,True,True
3449,0.3401399816205628,0.08797558765135018,True,True,True,True,True,True,True,True
3450,0.3400903966442846,0.08766658814629931,True,True,True,True,True,True,True,True
3451,0.34002915244662135,0.08770073510263704,True,True,True,True,True,True,True,True
3452,0.3398001086007584,0.08782859204096445,True,True,True,True,True,True,True,True
3453,0.33950684782615576,0.08751963159131615,True,True,True,True,True,True,True,True
3454,0.3394369343403307,0.08765015386031272,True,True,True,True,True,True,True,True
3455,0.33978582288921755,0.08795947834146059,True,True,True,True,True,True,True,True
3456,0.34004847049979015,0.08785270204663516,True,True,True,True,True,True,True,True
3457,0.3401062877870582,0.08634388032891457,True,True,True,True,True,True,True,True
3458,0.3386681539878097,0.08659351945539825,True,True,True,True,True,True,True,True
3459,0.335345336836603,0.08633034412792859,True,True,True,True,True,True,True,True
3460,0.3300829998248162,0.08524056616613213,True,True,True,True,True,True,True,False
3461,0.32458304660578224,0.0856459016911247,True,True,True,True,True,True,True,True
3462,0.3188796757583074,0.08566081758925345,True,True,True,True,True,True,True,True
3463,0.3129077630606508,0.08568280616100393,True,True,True,True,True,True,True,True
3464,0.3089959194575853,0.08410706695446679,True,True,True,True,True,True,True,False
3465,0.30787629608220035,0.08210317913305601,True,True,True,True,True,False,True,False
3466,0.30791016657402326,0.08177237077324223,True,True,True,True,True,False,True,False
3467,0.308213711225583,0.08183155799903152,True,True,True,True,True,False,True,False
3468,0.3078975608462122,0.08227756622577546,True,True,True,True,True,True,True,False
3469,0.30743616745308777,0.08237947942120313,True,True,True,True,True,True,True,False
3470,0.3071410850198383,0.08240581289435082,True,True,True,True,True,True,True,False
3471,0.30695155917492467,0.08234064709177587,True,True,True,True,True,True,True,False
3472,0.30665378213283345,0.08207700178331707,True,True,True,True,True,False,True,False
3473,0.3063586293799339,0.0820614638995486,True,True,True,True,True,False,True,False
3474,0.3061532916768125,0.08200489108089123,True,True,True,True,True,False,True,False
3475,0.3055475953502058,0.08125577765084865,True,True,True,True,True,False,True,False
3476,0.30472180495926865,0.08081760314861726,True,True,True,False,True,False,True,False
3477,0.3039129774363265,0.08087599216167607,True,True,True,False,True,False,True,False
3478,0.30286746471035303,0.08050071087827326,True,True,True,False,True,False,True,False
3479,0.30105844479770105,0.07848593192973224,True,False,True,False,True,False,True,False
3480,0.2992713983145351,0.0775041663003366,True,False,True,False,True,False,True,False
3481,0.2980253603448893,0.07658995797126714,True,False,True,False,True,False,True,False
3482,0.29694382716285095,0.07833104287897516,True,False,True,False,True,False,True,False
3483,0.29554584714246385,0.07937457277859923,True,False,True,False,True,False,True,False
3484,0.2931134971947436,0.0798525292167587,True,False,True,False,True,False,True,False
3485,0.2897599343331577,0.08025342822391972,True,True,True,False,True,False,True,False
3486,0.28737541906464237,0.08054582430442199,True,True,True,False,True,False,True,False
3487,0.28598282423266347,0.08024238395720493,True,True,True,False,True,False,True,False
3488,0.28620281231186545,0.08109194247624281,True,True,True,True,True,False,True,False
3489,0.28682134603555337,0.08166661453117453,True,True,True,True,True,False,True,False
3490,0.2874441267998777,0.08240402783676337,True,True,True,True,True,True,True,False
3491,0.2873550224861098,0.08364718760240845,True,True,True,True,True,True,True,False
3492,0.286724433120252,0.08368220870482615,True,True,True,True,True,True,True,False
3493,0.28627411398410085,0.0836468196214403,True,True,True,True,True,True,True,False
3494,0.2858927079028424,0.08358581899573253,True,True,True,True,True,True,True,False
3495,0.2856939906000552,0.08375206636797651,True,True,True,True,True,True,True,False
3496,0.28425615539185795,0.08488363714954547,True,True,True,True,True,True,True,False
3497,0.2832626610670294,0.08468166087397455,False,True,True,True,True,True,True,False
3498,0.2824229973528447,0.08475753765124931,False,True,False,True,True,True,True,False
3499,0.2815620390740393,0.08458046701470512,False,True,False,True,True,True,True,False
3500,0.28041530767012746,0.08454304870354565,False,True,False,True,False,True,True,False
3501,0.27939835327375695,0.0851121700363976,False,True,False,True,False,True,True,False
3502,0.2787758916839596,0.08556437772239109,False,True,False,True,False,True,True,False
3503,0.27748384265483556,0.08531963970968601,False,True,False,True,False,True,False,False
3504,0.2763023608017995,0.08538331108311895,False,True,False,True,False,True,False,False
3505,0.27624099384852885,0.08497475699024118,False,True,False,True,False,True,False,False
3506,0.27662075476780684,0.0862323426528618,False,True,False,True,False,True,False,True
3507,0.27677982680849106,0.08618276532004793,False,True,False,True,False,True,False,True
3508,0.27746117210883997,0.08516307573421922,False,True,False,True,False,True,False,False
3509,0.27922589932096614,0.08513510252370383,False,True,False,True,False,True,True,False
3510,0.2809208717551433,0.08589102258796648,False,True,False,True,False,True,True,True
3511,0.28237088467123905,0.08506428516880893,False,True,False,True,True,True,True,False
3512,0.28328332082345414,0.08545163501349304,False,True,True,True,True,True,True,False
3513,0.2850837160755761,0.08605861188391828,True,True,True,True,True,True,True,True
3514,0.2868114004006113,0.08704055546717519,True,True,True,True,True,True,True,True
3515,0.2876086519725317,0.08789874587062818,True,True,True,True,True,True,True,True
3516,0.2881627612124604,0.08877089505144808,True,True,True,True,True,True,True,True
3517,0.28838408545671945,0.08866876023973165,True,True,True,True,True,True,True,True
3518,0.2887284332277937,0.08868042446249363,True,True,True,True,True,True,True,True
3519,0.2886420373357233,0.08869893385476374,True,True,True,True,True,True,True,True
3520,0.28719634616290834,0.08794405243202197,True,True,True,True,True,True,True,True
3521,0.28690031602058014,0.08811458583912744,True,True,True,True,True,True,True,True
3522,0.2866061622972338,0.08850874384073763,True,True,True,True,True,True,True,True
3523,0.2864211981190347,0.08847791645892211,True,True,True,True,True,True,True,True
3524,0.28614053441502485,0.08846316617561498,True,True,True,True,True,True,True,True
3525,0.28560416118953436,0.08844022645701831,True,True,True,True,True,True,True,True
3526,0.28512657344830206,0.08881151511739194,True,True,True,True,True,True,True,True
3527,0.28471525593598734,0.08751709660644225,True,True,True,True,True,True,True,True
3528,0.2837084550622268,0.08751063286292425,True,True,True,True,True,True,True,True
3529,0.2817893880697584,0.08708293011998508,False,True,False,True,True,True,True,True
3530,0.2804680945583452,0.08848940836091893,False,True,False,True,False,True,True,True
3531,0.28076445061762306,0.08683434349171687,False,True,False,True,False,True,True,True
3532,0.2809618076802505,0.08668514709922806,False,True,False,True,False,True,True,True
3533,0.281654445205895,0.08658570495901531,False,True,False,True,True,True,True,True
3534,0.2822567268450716,0.0866886146454608,False,True,False,True,True,True,True,True
3535,0.28220772544848766,0.08719846021395154,False,True,False,True,True,True,True,True
3536,0.28267613012039083,0.0882693077845346,False,True,True,True,True,True,True,True
3537,0.28409382254220733,0.08835783772462105,True,True,True,True,True,True,True,True
3538,0.285186969046477,0.0891634558094615,True,True,True,True,True,True,True,True
3539,0.2856608099536876,0.08923468519173612,True,True,True,True,True,True,True,True
3540,0.2860915383817758,0.08946223240119705,True,True,True,True,True,True,True,True
3541,0.28644220025326367,0.08941526785842502,True,True,True,True,True,True,True,True
3542,0.28649433529997254,0.08939481549266881,True,True,True,True,True,True,True,True
3543,0.2865563366212936,0.08955266021781194,True,True,True,True,True,True,True,True
3544,0.2846430207414611,0.08954560348944789,True,True,True,True,True,True,True,True
3545,0.28280245185187164,0.08835955930022178,False,True,True,True,True,True,True,True
3546,0.2821816604610159,0.0896652448991446,False,True,False,True,True,True,True,True
3547,0.281544048266147,0.08991193474179837,False,True,False,True,True,True,True,True
3548,0.2808302807161097,0.08986740017089916,False,True,False,True,False,True,True,True
3549,0.2805236222636574,0.08982912994687889,False,True,False,True,False,True,True,True
3550,0.2802558366768461,0.08986843245999417,False,True,False,True,False,True,True,True
3551,0.2795610864999663,0.09116233872855711,False,True,False,True,False,True,True,True
3552,0.2785623512920206,0.09058045585792192,False,True,False,True,False,True,True,True
3553,0.27775418287520054,0.09012225451764466,False,True,False,True,False,True,False,True
3554,0.2768077690915722,0.09062862183614996,False,True,False,True,False,True,False,True
3555,0.27762308499520966,0.09074681235199529,False,True,False,True,False,True,False,True
3556,0.27831563154025246,0.09065939397291281,False,True,False,True,False,True,True,True
3557,0.2793755521145058,0.09070015467789586,False,True,False,True,False,True,True,True
3558,0.2809197769557909,0.09062201690222638,False,True,False,True,False,True,True,True
3559,0.28223791181672075,0.09108075769647844,False,True,False,True,True,True,True,True
3560,0.2833946136770803,0.09120161926921633,False,True,True,True,True,True,True,True
3561,0.2848064148665655,0.09108330838708378,True,True,True,True,True,True,True,True
3562,0.28582083587201246,0.09116115137342902,True,True,True,True,True,True,True,True
3563,0.2861343169641448,0.09190591143514726,True,True,True,True,True,True,True,True
3564,0.2862366081061395,0.09119610057654867,True,True,True,True,True,True,True,True
3565,0.2861961999047585,0.09293414179950907,True,True,True,True,True,True,True,True
3566,0.2863187187317981,0.09356171771569208,True,True,True,True,True,True,True,True
3567,0.286424062895806,0.0939112519985451,True,True,True,True,True,True,True,True
3568,0.28546349777788993,0.09327426952916405,True,True,True,True,True,True,True,True
3569,0.28489509157158355,0.09318378808564885,True,True,True,True,True,True,True,True
3570,0.28437775686168903,0.09288659448669848,True,True,True,True,True,True,True,True
3571,0.2837292881377338,0.09271323194641011,True,True,True,True,True,True,True,True
3572,0.2832862165720235,0.09246484254061402,False,True,True,True,True,True,True,True
3573,0.2828316389877323,0.09196106896784689,False,True,True,True,True,True,True,True
3574,0.2823669496143305,0.092049004085415,False,True,False,True,True,True,True,True
3575,0.2823580465073986,0.09220280753210548,False,True,False,True,True,True,True,True
3576,0.28221776574382657,0.0921125596614881,False,True,False,True,True,True,True,True
3577,0.28191286796493065,0.09123549627764561,False,True,False,True,True,True,True,True
3578,0.2811054040611874,0.09148509465232084,False,True,False,True,False,True,True,True
3579,0.2812186331393538,0.09066078633878435,False,True,False,True,False,True,True,True
3580,0.2810809109182052,0.09024532938901156,False,True,False,True,False,True,True,True
3581,0.28092649643649165,0.08876580158298633,False,True,False,True,False,True,True,True
3582,0.28088408788395597,0.08744451044296282,False,True,False,True,False,True,True,True
3583,0.28034596619601526,0.08720009183792042,False,True,False,True,False,True,True,True
3584,0.27997372217724603,0.08746784476586228,False,True,False,True,False,True,True,True
3585,0.27974474871751237,0.0883077175882518,False,True,False,True,False,True,True,True
3586,0.27948172337117183,0.08890267485587186,False,True,False,True,False,True,True,True
3587,0.2790771683319881,0.08963768334744754,False,True,False,True,False,True,True,True
3588,0.2788525942717047,0.089018289905096,False,True,False,True,False,True,True,True
3589,0.27862066611901454,0.08871738542014455,False,True,False,True,False,True,True,True
3590,0.27846524687506724,0.08828431046799703,False,True,False,True,False,True,True,True
3591,0.27831895641728377,0.08817969463739136,False,True,False,True,False,True,True,True
3592,0.27768073145258465,0.08841210301836322,False,True,False,True,False,True,False,True
3593,0.27719340621276767,0.08798276535725698,False,True,False,True,False,True,False,True
3594,0.27675140940665444,0.08791195162944561,False,True,False,True,False,True,False,True
3595,0.2761874529619154,0.08788976155749154,False,True,False,True,False,True,False,True
3596,0.27561754209756323,0.08781693711805005,False,True,False,True,False,True,False,True
3597,0.2747589071453837,0.08774698657680262,False,True,False,True,False,True,False,True
3598,0.2737918819583464,0.08886326828344149,False,True,False,True,False,True,False,True
3599,0.2736213945590678,0.08924218230953047,False,True,False,True,False,True,False,True
3600,0.2723309288794856,0.08936735176902261,False,True,False,True,False,True,False,True
3601,0.2707267336037707,0.08966009327366316,False,True,False,True,False,True,False,True
3602,0.2693250469479548,0.08844978095795251,False,True,False,True,False,True,False,True
3603,0.2686927300932267,0.08814995695957892,False,True,False,True,False,True,False,True
3604,0.2679944428872747,0.08814116298449351,False,True,False,True,False,True,False,True
3605,0.26710071691564,0.08810750265497322,False,True,False,True,False,True,False,True
3606,0.2665762987717156,0.08824445487859595,False,True,False,True,False,True,False,True
3607,0.2655775186901869,0.08845742357746518,False,True,False,True,False,True,False,True
3608,0.26528837123650384,0.08940425428290599,False,True,False,True,False,True,False,True
3609,0.26492237275224595,0.08812407963537598,False,True,False,True,False,True,False,True
3610,0.2645797180358954,0.08793430983357194,False,True,False,True,False,True,False,True
3611,0.26471757589223643,0.08844686549380298,False,True,False,True,False,True,False,True
3612,0.2650357233882345,0.08773592127832498,False,True,False,True,False,True,False,True
3613,0.2651012960751371,0.0881028878361694,False,True,False,True,False,True,False,True
3614,0.26513309790017964,0.08754260047947644,False,True,False,True,False,True,False,True
3615,0.26504594671332693,0.086579695850087,False,True,False,True,False,True,False,True
3616,0.2640579389914359,0.08784247367367798,False,True,False,True,False,True,False,True
3617,0.26375581294134376,0.08653279839838787,False,True,False,True,False,True,False,True
3618,0.2639611363510009,0.08640554474586624,False,True,False,True,False,True,False,True
3619,0.26435566755555584,0.08631337688702287,False,True,False,True,False,True,False,True
3620,0.2646126106721531,0.08626524303349183,False,True,False,True,False,True,False,True
3621,0.2647995782171181,0.08599253845341909,False,True,False,True,False,True,False,True
3622,0.26488122500010264,0.08646207556270818,False,True,False,True,False,True,False,True
3623,0.26506982456500155,0.0862016097921093,False,True,False,True,False,True,False,True
3624,0.2648333912922293,0.08636384463944709,False,True,False,True,False,True,False,True
3625,0.263812132931961,0.08634089500263088,False,True,False,True,False,True,False,True
3626,0.26293579364857333,0.08626353484968105,False,True,False,True,False,True,False,True
3627,0.2626267425466934,0.08647904587881707,False,True,False,True,False,True,False,True
3628,0.2624906654815905,0.08624073768716424,False,True,False,True,False,True,False,True
3629,0.2625839654482479,0.08602594063566515,False,True,False,True,False,True,False,True
3630,0.26280113699347296,0.08621112178301021,False,True,False,True,False,True,False,True
3631,0.2627385905107766,0.08619052041433803,False,True,False,True,False,True,False,True
3632,0.2629397042691054,0.08732382125622216,False,True,False,True,False,True,False,True
3633,0.2634068550367938,0.08782359487198482,False,True,False,True,False,True,False,True
3634,0.26376038428872883,0.08747347629324242,False,True,False,True,False,True,False,True
3635,0.2639775988232144,0.08788835190105435,False,True,False,True,False,True,False,True
3636,0.2642600237984074,0.08827971264548719,False,True,False,True,False,True,False,True
3637,0.2645701173549944,0.0882633508805396,False,True,False,True,False,True,False,True
3638,0.26488744455179536,0.0881053181396817,False,True,False,True,False,True,False,True
3639,0.2654658483069011,0.09015904466591593,False,True,False,True,False,True,False,True
3640,0.26511093102360167,0.09002662045450903,False,True,False,True,False,True,False,True
3641,0.2651012337611324,0.0896396693171035,False,True,False,True,False,True,False,True
3642,0.26536285028112677,0.08972839389308924,False,True,False,True,False,True,False,True
3643,0.2657406998213017,0.08976809161093433,False,True,False,True,False,True,False,True
3644,0.26617324404616644,0.08977821998291295,False,True,False,True,False,True,False,True
3645,0.26640876576935574,0.08982976451146596,False,True,False,True,False,True,False,True
3646,0.2665494668313989,0.08975875830626803,False,True,False,True,False,True,False,True
3647,0.26679201822401194,0.08833474057465866,False,True,False,True,False,True,False,True
3648,0.26675122219380865,0.0878372445567675,False,True,False,True,False,True,False,True
3649,0.2664555731903948,0.08744466107245621,False,True,False,True,False,True,False,True
3650,0.265818305046008,0.08962501290711249,False,True,False,True,False,True,False,True
3651,0.26517571478471524,0.0898332276627121,False,True,False,True,False,True,False,True
3652,0.265214481496052,0.08988938239911504,False,True,False,True,False,True,False,True
3653,0.2656573552266967,0.09005210256077632,False,True,False,True,False,True,False,True
3654,0.26590199290934385,0.0899178521816818,False,True,False,True,False,True,False,True
3655,0.2663371914765433,0.08973076599345381,False,True,False,True,False,True,False,True
3656,0.26708591174507545,0.09033073957961742,False,True,False,True,False,True,False,True
3657,0.2679409423190665,0.09070089489412798,False,True,False,True,False,True,False,True
3658,0.26844511728733356,0.09168211129970609,False,True,False,True,False,True,False,True
3659,0.268530323299493,0.09223373998974357,False,True,False,True,False,True,False,True
3660,0.268623670676844,0.09230667674365123,False,True,False,True,False,True,False,True
3661,0.26880453665250215,0.09217318360845062,False,True,False,True,False,True,False,True
3662,0.26951302704634794,0.09223494428518571,False,True,False,True,False,True,False,True
3663,0.26982845880499295,0.09245169569763348,False,True,False,True,False,True,False,True
3664,0.2694244095829712,0.09202754737829404,False,True,False,True,False,True,False,True
3665,0.26928875443287853,0.09090231726956485,False,True,False,True,False,True,False,True
3666,0.26930009522243314,0.09073919718604051,False,True,False,True,False,True,False,True
3667,0.26934614144171676,0.09059783961477977,False,True,False,True,False,True,False,True
3668,0.2694688521346323,0.09047588427863766,False,True,False,True,False,True,False,True
3669,0.26955211374015065,0.0905952214066147,False,True,False,True,False,True,False,True
3670,0.26966648389647113,0.09068704059123171,False,True,False,True,False,True,False,True
3671,0.2700342603299665,0.08935247618277269,False,True,False,True,False,True,False,True
3672,0.27026679070722737,0.08929831941486202,False,True,False,True,False,True,False,True
3673,0.269966769081169,0.0893121785098748,False,True,False,True,False,True,False,True
3674,0.26913108579818373,0.08981028220887077,False,True,False,True,False,True,False,True
3675,0.26881601160776497,0.08885813063592993,False,True,False,True,False,True,False,True
3676,0.2685137699947657,0.08808485537761429,False,True,False,True,False,True,False,True
3677,0.26849008638823146,0.08710044747390355,False,True,False,True,False,True,False,True
3678,0.26829931433179743,0.08751322334126388,False,True,False,True,False,True,False,True
3679,0.26845613818127145,0.08709537242697825,False,True,False,True,False,True,False,True
3680,0.2684193891704762,0.0876148077055051,False,True,False,True,False,True,False,True
3681,0.2684491977793968,0.08702134637915461,False,True,False,True,False,True,False,True
3682,0.2682586713785773,0.08836767860013976,False,True,False,True,False,True,False,True
3683,0.26796513346733913,0.0889822740995121,False,True,False,True,False,True,False,True
3684,0.2679487622254443,0.08834958824001611,False,True,False,True,False,True,False,True
3685,0.26826882601778346,0.08892489695920422,False,True,False,True,False,True,False,True
3686,0.2686953403058546,0.08811619832688806,False,True,False,True,False,True,False,True
3687,0.2685451656694551,0.0879637915825685,False,True,False,True,False,True,False,True
3688,0.2677100912496272,0.0873864558576289,False,True,False,True,False,True,False,True
3689,0.2676746201041177,0.08692378195205407,False,True,False,True,False,True,False,True
3690,0.26800208968152794,0.0866180720051933,False,True,False,True,False,True,False,True
3691,0.2682847863036261,0.08666222422106613,False,True,False,True,False,True,False,True
3692,0.26847120824659537,0.0867186856035408,False,True,False,True,False,True,False,True
3693,0.26870670118342294,0.0869983435340451,False,True,False,True,False,True,False,True
3694,0.26884474733787944,0.08723104882941676,False,True,False,True,False,True,False,True
3695,0.26931502558972903,0.08679156079063521,False,True,False,True,False,True,False,True
3696,0.26963113749519313,0.08656893874298426,False,True,False,True,False,True,False,True
3697,0.26883103089991517,0.08707183697955549,False,True,False,True,False,True,False,True
3698,0.26796991752329186,0.08730567600567,False,True,False,True,False,True,False,True
3699,0.2675291756163349,0.08922923380645953,False,True,False,True,False,True,False,True
3700,0.2677794477778703,0.08850175181906503,False,True,False,True,False,True,False,True
3701,0.26783979629780874,0.08931540095785884,False,True,False,True,False,True,False,True
3702,0.26861503159708944,0.08979591897986922,False,True,False,True,False,True,False,True
3703,0.26915428014237264,0.08929101901131069,False,True,False,True,False,True,False,True
3704,0.26968102114567066,0.08966687679219054,False,True,False,True,False,True,False,True
3705,0.2705449235229854,0.08931756247730535,False,True,False,True,False,True,False,True
3706,0.2708446761134268,0.08966250748704943,False,True,False,True,False,True,False,True
3707,0.27098275948233536,0.09059494011158636,False,True,False,True,False,True,False,True
3708,0.2708786849946887,0.09063862080643055,False,True,False,True,False,True,False,True
3709,0.27072269182544,0.091296320469776,False,True,False,True,False,True,False,True
3710,0.27066201141340285,0.09105983856939719,False,True,False,True,False,True,False,True
3711,0.27015942139651467,0.09066389462199298,False,True,False,True,False,True,False,True
3712,0.26927706522937483,0.09111662582627039,False,True,False,True,False,True,False,True
3713,0.2688436806247761,0.09064677031466775,False,True,False,True,False,True,False,True
3714,0.26874865322978003,0.09039137375053798,False,True,False,True,False,True,False,True
3715,0.2689330717478803,0.09049452254852194,False,True,False,True,False,True,False,True
3716,0.26910496339556494,0.09049571805821117,False,True,False,True,False,True,False,True
3717,0.26919670233932147,0.09071509026132793,False,True,False,True,False,True,False,True
3718,0.2692593740145054,0.09099051165513224,False,True,False,True,False,True,False,True
3719,0.2698628103234349,0.09093146087493051,False,True,False,True,False,True,False,True
3720,0.2700399691749194,0.09065049748325514,False,True,False,True,False,True,False,True
3721,0.26963649982149984,0.0920831723437206,False,True,False,True,False,True,False,True
3722,0.2705028260905865,0.09287247736553586,False,True,False,True,False,True,False,True
3723,0.27182115925931066,0.09340939711389593,False,True,False,True,False,True,False,True
3724,0.27318761770158045,0.09352295947050393,False,True,False,True,False,True,False,True
3725,0.27498513973424377,0.0933688897090835,False,True,False,True,False,True,False,True
3726,0.27646898453797436,0.09406795520077073,False,True,False,True,False,True,False,True
3727,0.27801803938097497,0.09376829588254829,False,True,False,True,False,True,True,True
3728,0.27941450874886536,0.0940557063123304,False,True,False,True,False,True,True,True
3729,0.2811027442912691,0.09373500942859356,False,True,False,True,False,True,True,True
3730,0.2820142656130034,0.09412330163799701,False,True,False,True,True,True,True,True
3731,0.28231728413051843,0.09482088746947612,False,True,False,True,True,True,True,True
3732,0.2823634837961139,0.09490919591365932,False,True,False,True,True,True,True,True
3733,0.28258197749060915,0.09482774888947365,False,True,True,True,True,True,True,True
3734,0.28279783578723505,0.09431652872129573,False,True,True,True,True,True,True,True
3735,0.28236759056687905,0.0941702108344088,False,True,False,True,True,True,True,True
3736,0.2815607135755125,0.09409369414527664,False,True,False,True,True,True,True,True
3737,0.28125040284734404,0.09353249989102566,False,True,False,True,False,True,True,True
3738,0.2813668537859668,0.09331872467840074,False,True,False,True,True,True,True,True
3739,0.2813903228124929,0.09344452651474583,False,True,False,True,True,True,True,True
3740,0.2813946460935006,0.09348981521653088,False,True,False,True,True,True,True,True
3741,0.28141409385967203,0.09354259880267497,False,True,False,True,True,True,True,True
3742,0.28167060005881056,0.09372392228403223,False,True,False,True,True,True,True,True
3743,0.28253205649352037,0.09266031570191431,False,True,True,True,True,True,True,True
3744,0.2832440799968578,0.09222548264342272,False,True,True,True,True,True,True,True
3745,0.2835962391514351,0.09271996350659362,True,True,True,True,True,True,True,True
3746,0.2853147909079989,0.09272913986339738,True,True,True,True,True,True,True,True
3747,0.28658952041463115,0.0929517332311782,True,True,True,True,True,True,True,True
3748,0.28619856088191253,0.09296130432482237,True,True,True,True,True,True,True,True
3749,0.2864539907422121,0.09304475824175945,True,True,True,True,True,True,True,True
3750,0.28662913243916616,0.0931785247323684,True,True,True,True,True,True,True,True
3751,0.28662241408569544,0.09318128479230253,True,True,True,True,True,True,True,True
3752,0.28793517280822956,0.09332803301468373,True,True,True,True,True,True,True,True
3753,0.2899316538306374,0.09358158916920735,True,True,True,True,True,True,True,True
3754,0.29159254357151115,0.09452824524057388,True,True,True,True,True,True,True,True
3755,0.29262736441834847,0.09517500041921412,True,True,True,True,True,True,True,True
3756,0.2936634093809685,0.09555815715204474,True,True,True,True,True,True,True,True
3757,0.29501785374386874,0.09597991554484955,True,True,True,True,True,True,True,True
3758,0.29593969934398584,0.096028584043906,True,True,True,True,True,True,True,True
3759,0.29626006269352495,0.09569527723406755,True,True,True,True,True,True,True,True
3760,0.29558668378151437,0.0969870642728123,True,True,True,True,True,True,True,True
3761,0.2957881528699643,0.09657328545792077,True,True,True,True,True,True,True,True
3762,0.2961262328959836,0.09646049120702622,True,True,True,True,True,True,True,True
3763,0.2962576926114352,0.0965292737311285,True,True,True,True,True,True,True,True
3764,0.29632009488323924,0.09662300132037847,True,True,True,True,True,True,True,True
3765,0.29639273327175747,0.09654495334985484,True,True,True,True,True,True,True,True
3766,0.2966519072161941,0.09676434641218082,True,True,True,True,True,True,True,True
3767,0.2971047690630363,0.09550433515026271,True,True,True,True,True,True,True,True
3768,0.29676915343000665,0.09471272647312262,True,True,True,True,True,True,True,True
3769,0.2957686606562685,0.09545791882050023,True,True,True,True,True,True,True,True
3770,0.2949935216700711,0.09477793077563221,True,True,True,True,True,True,True,True
3771,0.29450973427913457,0.0945476561037904,True,True,True,True,True,True,True,True
3772,0.29382587770054347,0.09356368917599167,True,True,True,True,True,True,True,True
3773,0.29322216103324295,0.09358891491926545,True,True,True,True,True,True,True,True
3774,0.2933001946292628,0.09421298265506386,True,True,True,True,True,True,True,True
3775,0.2934110098655332,0.09486749170230699,True,True,True,True,True,True,True,True
3776,0.2940907483232347,0.09481848048959562,True,True,True,True,True,True,True,True
3777,0.2951172780454452,0.0944713112941945,True,True,True,True,True,True,True,True
3778,0.2956752997807336,0.09511676780626062,True,True,True,True,True,True,True,True
3779,0.2959465075089568,0.09536230435245449,True,True,True,True,True,True,True,True
3780,0.2964336817750085,0.0949258979060769,True,True,True,True,True,True,True,True
3781,0.29673078506164996,0.09436443545005858,True,True,True,True,True,True,True,True
3782,0.29716569295482576,0.09453701115917786,True,True,True,True,True,True,True,True
3783,0.29725802140244584,0.09394838862933486,True,True,True,True,True,True,True,True
3784,0.2968393479630179,0.09520266464747604,True,True,True,True,True,True,True,True
3785,0.29686805660074445,0.09493073363534446,True,True,True,True,True,True,True,True
3786,0.2969242838808739,0.09505789091720977,True,True,True,True,True,True,True,True
3787,0.2970417825052062,0.09533551956650346,True,True,True,True,True,True,True,True
3788,0.29696921401750204,0.09558524763432417,True,True,True,True,True,True,True,True
3789,0.2968679972241527,0.09551854737740911,True,True,True,True,True,True,True,True
3790,0.29709130065938966,0.09542470765616332,True,True,True,True,True,True,True,True
3791,0.2978881138158926,0.09481990309598434,True,True,True,True,True,True,True,True
3792,0.2971266031973583,0.09444438156299048,True,True,True,True,True,True,True,True
3793,0.2956714939973388,0.09406468814496073,True,True,True,True,True,True,True,True
3794,0.2938309152363293,0.09313368353699696,True,True,True,True,True,True,True,True
3795,0.29305329606711117,0.09311048647608555,True,True,True,True,True,True,True,True
3796,0.2925008931326124,0.09300042027233618,True,True,True,True,True,True,True,True
3797,0.2924644914036294,0.09195402651892096,True,True,True,True,True,True,True,True
3798,0.29230244159149477,0.09152050916212809,True,True,True,True,True,True,True,True
3799,0.2916827535032394,0.09179086203808871,True,True,True,True,True,True,True,True
3800,0.29093608343274757,0.09166524907881302,True,True,True,True,True,True,True,True
3801,0.2901767595434229,0.09159181555271802,True,True,True,True,True,True,True,True
3802,0.28940245842555024,0.09168675704992299,True,True,True,True,True,True,True,True
3803,0.28859907243369,0.09162870890970591,True,True,True,True,True,True,True,True
3804,0.28788101708517444,0.09163626796378696,True,True,True,True,True,True,True,True
3805,0.2871697060673143,0.09161912925328224,True,True,True,True,True,True,True,True
3806,0.2865514092053748,0.09164425058435466,True,True,True,True,True,True,True,True
3807,0.28538829490178824,0.09159887546071463,True,True,True,True,True,True,True,True
3808,0.2842876835492166,0.09200840479288501,True,True,True,True,True,True,True,True
3809,0.283469505778114,0.09156679731970382,True,True,True,True,True,True,True,True
3810,0.28278517800228586,0.09145492713771472,False,True,True,True,True,True,True,True
3811,0.2820583077733307,0.09151352899249827,False,True,False,True,True,True,True,True
3812,0.2812707136419813,0.09148322254248575,False,True,False,True,False,True,True,True
3813,0.28036656928876225,0.0911162370793565,False,True,False,True,False,True,True,True
3814,0.27967992586982815,0.0915370819259896,False,True,False,True,False,True,True,True
3815,0.2789043507810814,0.09134856576743339,False,True,False,True,False,True,True,True
3816,0.2783701397311204,0.09068115860307337,False,True,False,True,False,True,True,True
3817,0.27857030091122686,0.09138141138207999,False,True,False,True,False,True,True,True
3818,0.2781463327163897,0.09162000947388092,False,True,False,True,False,True,True,True
3819,0.27815350496186586,0.09183597684529102,False,True,False,True,False,True,True,True
3820,0.27797007777149,0.09159598833098218,False,True,False,True,False,True,True,True
3821,0.27794599318807833,0.09102237217772845,False,True,False,True,False,True,True,True
3822,0.2777799678073875,0.0909114971857298,False,True,False,True,False,True,False,True
3823,0.2774809796486959,0.090719157989487,False,True,False,True,False,True,False,True
3824,0.27793241452698186,0.08983057880587138,False,True,False,True,False,True,True,True
3825,0.27836461481019875,0.09027360835179835,False,True,False,True,False,True,True,True
3826,0.2789570764673919,0.09074251348416265,False,True,False,True,False,True,True,True
3827,0.2793907890450478,0.09138720502071125,False,True,False,True,False,True,True,True
3828,0.2794528730803965,0.09152586296146287,False,True,False,True,False,True,True,True
3829,0.27973595457127104,0.09170474094761276,False,True,False,True,False,True,True,True
3830,0.2801200948802912,0.09166950882170169,False,True,False,True,False,True,True,True
3831,0.2804226670260942,0.09187396205345585,False,True,False,True,False,True,True,True
3832,0.28056616078762026,0.0920685123744518,False,True,False,True,False,True,True,True
3833,0.2810501132965343,0.09226840380514818,False,True,False,True,False,True,True,True
3834,0.2814287945665764,0.09231758793300503,False,True,False,True,True,True,True,True
3835,0.2818048318997605,0.09226072860829133,False,True,False,True,True,True,True,True
3836,0.28218909499714306,0.0923164604683177,False,True,False,True,True,True,True,True
3837,0.2824384034947829,0.09222485633930977,False,True,False,True,True,True,True,True
3838,0.2830250179611276,0.09216281089823612,False,True,True,True,True,True,True,True
3839,0.2845080617158853,0.09235002856340578,True,True,True,True,True,True,True,True
3840,0.28502547119864613,0.09213899270076101,True,True,True,True,True,True,True,True
3841,0.2857568778449283,0.09223232896052522,True,True,True,True,True,True,True,True
3842,0.28624739642370506,0.09199029635470464,True,True,True,True,True,True,True,True
3843,0.28709440319745,0.09240177398115662,True,True,True,True,True,True,True,True
3844,0.2876974719493567,0.09269610774024806,True,True,True,True,True,True,True,True
3845,0.28725335374019917,0.09302114604171831,True,True,True,True,True,True,True,True
3846,0.2861135782394366,0.09298506769341318,True,True,True,True,True,True,True,True
3847,0.28484509803043767,0.09294699150920648,True,True,True,True,True,True,True,True
3848,0.2849969140589958,0.0929628429803877,True,True,True,True,True,True,True,True
3849,0.2853305563198771,0.09306489273447649,True,True,True,True,True,True,True,True
3850,0.2856207640623013,0.09330923558241773,True,True,True,True,True,True,True,True
3851,0.2855147040916778,0.09377828073889,True,True,True,True,True,True,True,True
3852,0.2854534667961176,0.0937651017806834,True,True,True,True,True,True,True,True
3853,0.285741607992695,0.09428778175807749,True,True,True,True,True,True,True,True
3854,0.285805162951119,0.09404680465446826,True,True,True,True,True,True,True,True
3855,0.28609507453908645,0.09369194728444528,True,True,True,True,True,True,True,True
3856,0.2857320638191859,0.09353706380972923,True,True,True,True,True,True,True,True
3857,0.2864120425358429,0.09380886978294783,True,True,True,True,True,True,True,True
3858,0.28608618610579223,0.09348608048581276,True,True,True,True,True,True,True,True
3859,0.28619375445971534,0.09239069528577651,True,True,True,True,True,True,True,True
3860,0.2868211125379635,0.09225344024521441,True,True,True,True,True,True,True,True
3861,0.2873389603771828,0.09231844672424472,True,True,True,True,True,True,True,True
3862,0.287946015839261,0.09235437135774165,True,True,True,True,True,True,True,True
3863,0.2894231888893996,0.09259402798569061,True,True,True,True,True,True,True,True
3864,0.291127105803516,0.09160670385722772,True,True,True,True,True,True,True,True
3865,0.2918919832543433,0.09135327745727055,True,True,True,True,True,True,True,True
3866,0.2915252524875411,0.09109323855379244,True,True,True,True,True,True,True,True
3867,0.2913384746538516,0.0893654621824341,True,True,True,True,True,True,True,True
3868,0.2906243263322113,0.08961889237372529,True,True,True,True,True,True,True,True
3869,0.2902051768785333,0.08955053833301298,True,True,True,True,True,True,True,True
3870,0.29011209120641696,0.08984867053504289,True,True,True,True,True,True,True,True
3871,0.2896270706167981,0.0885579196772072,True,True,True,True,True,True,True,True
3872,0.289626878431017,0.08732696565825193,True,True,True,True,True,True,True,True
3873,0.289716566722391,0.08689323466851716,True,True,True,True,True,True,True,True
3874,0.2898811036013972,0.08777286664945619,True,True,True,True,True,True,True,True
3875,0.29014439459039787,0.08800473886132965,True,True,True,True,True,True,True,True
3876,0.29006944534029694,0.08822919325571345,True,True,True,True,True,True,True,True
3877,0.290139091411591,0.08802927336643325,True,True,True,True,True,True,True,True
3878,0.29024769666679373,0.08778452065987136,True,True,True,True,True,True,True,True
3879,0.2900923004958688,0.08755129421913833,True,True,True,True,True,True,True,True
3880,0.2897079037999558,0.08747244645890054,True,True,True,True,True,True,True,True
3881,0.29015188506716616,0.08677705156697398,True,True,True,True,True,True,True,True
3882,0.29071087620920977,0.08696441274653792,True,True,True,True,True,True,True,True
3883,0.29138404241932603,0.08690254350659304,True,True,True,True,True,True,True,True
3884,0.2919731478015048,0.08695293376907527,True,True,True,True,True,True,True,True
3885,0.2924318661707717,0.08678512684263098,True,True,True,True,True,True,True,True
3886,0.293076785614734,0.08672295732573715,True,True,True,True,True,True,True,True
3887,0.295145195835868,0.08837818759393098,True,True,True,True,True,True,True,True
3888,0.29431902419264117,0.08797854157905187,True,True,True,True,True,True,True,True
3889,0.2941825920575168,0.08929166404455353,True,True,True,True,True,True,True,True
3890,0.29377339826323307,0.0884090794422895,True,True,True,True,True,True,True,True
3891,0.29435172268124965,0.08265458825028107,True,True,True,True,True,True,True,False
3892,0.2952493275672943,0.08040459558416323,True,True,True,False,True,False,True,False
3893,0.2940595536396538,0.08170239003790265,True,True,True,True,True,False,True,False
3894,0.293336384217364,0.0804484821615287,True,True,True,False,True,False,True,False
3895,0.29238123432550195,0.0806301637432924,True,True,True,False,True,False,True,False
3896,0.2918587723135583,0.08077053896334083,True,True,True,False,True,False,True,False
3897,0.29384639803983553,0.0830758983122565,True,True,True,True,True,True,True,False
3898,0.29483748007098154,0.08334244171633452,True,True,True,True,True,True,True,False
3899,0.2957937821454171,0.08349179270150087,True,True,True,True,True,True,True,False
3900,0.2964689114585791,0.08337397073181503,True,True,True,True,True,True,True,False
3901,0.2969490213119188,0.08348294416752089,True,True,True,True,True,True,True,False
3902,0.29762376639915483,0.08313716655915705,True,True,True,True,True,True,True,False
3903,0.2982840769060256,0.08327256968716756,True,True,True,True,True,True,True,False
3904,0.29838335663238064,0.0834296674356084,True,True,True,True,True,True,True,False
3905,0.2987601711238272,0.08340603395298453,True,True,True,True,True,True,True,False
3906,0.29879524835375443,0.08320370760082152,True,True,True,True,True,True,True,False
3907,0.29869020548019787,0.08313106814734775,True,True,True,True,True,True,True,False
3908,0.29875106951528607,0.08289975675676689,True,True,True,True,True,True,True,False
3909,0.29892553793613436,0.08296744230636453,True,True,True,True,True,True,True,False
3910,0.29916938814683514,0.08336159369121113,True,True,True,True,True,True,True,False
3911,0.2997607773534383,0.0823401564741549,True,True,True,True,True,True,True,False
3912,0.300190035814038,0.08249404869214912,True,True,True,True,True,True,True,False
3913,0.2994400266265455,0.08240048577814332,True,True,True,True,True,True,True,False
3914,0.29861784009794573,0.08229004155241715,True,True,True,True,True,True,True,False
3915,0.2981118643239399,0.0827563118603137,True,True,True,True,True,True,True,False
3916,0.2976659924506152,0.08272189500058645,True,True,True,True,True,True,True,False
3917,0.2965544343805141,0.08284595454278892,True,True,True,True,True,True,True,False
3918,0.29594579124690706,0.08207949365057365,True,True,True,True,True,False,True,False
3919,0.2951790104537902,0.0825842878712017,True,True,True,True,True,True,True,False
3920,0.29469966314189,0.0833154933879875,True,True,True,True,True,True,True,False
3921,0.29487494375606393,0.08340401344618009,True,True,True,True,True,True,True,False
3922,0.29503725264745373,0.08428580206813863,True,True,True,True,True,True,True,False
3923,0.2952087756050378,0.08528416744906948,True,True,True,True,True,True,True,False
3924,0.2956185817373368,0.08516666963187058,True,True,True,True,True,True,True,False
3925,0.29615198507994733,0.0851431382068974,True,True,True,True,True,True,True,False
3926,0.2966091550208822,0.08518568468962442,True,True,True,True,True,True,True,False
3927,0.297190047549875,0.08519559680307609,True,True,True,True,True,True,True,False
3928,0.29613187784716305,0.08474265055877621,True,True,True,True,True,True,True,False
3929,0.2966836030601184,0.08348956254632792,True,True,True,True,True,True,True,False
3930,0.29690589445762106,0.08350972447254101,True,True,True,True,True,True,True,False
3931,0.29710116566353295,0.08342852381030869,True,True,True,True,True,True,True,False
3932,0.29737599750848864,0.08367224605987233,True,True,True,True,True,True,True,False
3933,0.29785546853743045,0.08492400671302296,True,True,True,True,True,True,True,False
3934,0.2983653573355275,0.0852855833159497,True,True,True,True,True,True,True,False
3935,0.29905669603408364,0.08530509962364036,True,True,True,True,True,True,True,False
3936,0.3001426341349272,0.08469867909442615,True,True,True,True,True,True,True,False
3937,0.30000188235605557,0.08570694924536765,True,True,True,True,True,True,True,True
3938,0.3004443043640988,0.08652272687667692,True,True,True,True,True,True,True,True
3939,0.30077027660477346,0.0867204514706088,True,True,True,True,True,True,True,True
3940,0.301497342593014,0.0875085138799433,True,True,True,True,True,True,True,True
3941,0.30220525067171966,0.08719225180567826,True,True,True,True,True,True,True,True
3942,0.302520766284355,0.0872785817234685,True,True,True,True,True,True,True,True
3943,0.30270714676786126,0.08675597682757526,True,True,True,True,True,True,True,True
3944,0.3027056890405812,0.08631539497066928,True,True,True,True,True,True,True,True
3945,0.30286067639157244,0.08740123881130019,True,True,True,True,True,True,True,True
3946,0.30279576730193586,0.08809156712421842,True,True,True,True,True,True,True,True
3947,0.30297993973519377,0.08861953245845985,True,True,True,True,True,True,True,True
3948,0.3029038604179413,0.08881697396268438,True,True,True,True,True,True,True,True
3949,0.3033881171903522,0.08766244763597641,True,True,True,True,True,True,True,True
3950,0.3038384377899246,0.08769279884899145,True,True,True,True,True,True,True,True
3951,0.30401761470795574,0.08766319640184668,True,True,True,True,True,True,True,True
3952,0.3039505515739607,0.08786126658089807,True,True,True,True,True,True,True,True
3953,0.3038134518158715,0.08809782495748031,True,True,True,True,True,True,True,True
3954,0.30373899789804765,0.08800973400237531,True,True,True,True,True,True,True,True
3955,0.3036758234101813,0.08802742329017009,True,True,True,True,True,True,True,True
3956,0.30369790801781865,0.08805353709236068,True,True,True,True,True,True,True,True
3957,0.3038819197096495,0.08797903147337953,True,True,True,True,True,True,True,True
3958,0.3043442890772215,0.08842371350530384,True,True,True,True,True,True,True,True
3959,0.3053516381406488,0.08775191476368926,True,True,True,True,True,True,True,True
3960,0.30629682754635146,0.08761110639322812,True,True,True,True,True,True,True,True
3961,0.3060934870060004,0.08756411599709453,True,True,True,True,True,True,True,True
3962,0.3058362218573275,0.08812780978054506,True,True,True,True,True,True,True,True
3963,0.30483011527187187,0.08849154436994025,True,True,True,True,True,True,True,True
3964,0.3044905133894722,0.08868251150235787,True,True,True,True,True,True,True,True
3965,0.30380548341060876,0.08918681036198327,True,True,True,True,True,True,True,True
3966,0.3032779094751474,0.08929969757885042,True,True,True,True,True,True,True,True
3967,0.30266758759661133,0.08771293289318292,True,True,True,True,True,True,True,True
3968,0.302375803932071,0.08593369817360756,True,True,True,True,True,True,True,True
3969,0.3024353928456691,0.08461613088738441,True,True,True,True,True,True,True,False
3970,0.3026477722819902,0.08545043484399117,True,True,True,True,True,True,True,False
3971,0.30305601178858455,0.08622187515024463,True,True,True,True,True,True,True,True
3972,0.30326962545850206,0.0860761109854435,True,True,True,True,True,True,True,True
3973,0.3050326745520658,0.08636485239515419,True,True,True,True,True,True,True,True
3974,0.30799841976930303,0.08613715724494947,True,True,True,True,True,True,True,True
3975,0.3111504268078104,0.0848011663743046,True,True,True,True,True,True,True,False
3976,0.312390888359663,0.08353194749618867,True,True,True,True,True,True,True,False
3977,0.3135935480749126,0.08214642543859886,True,True,True,True,True,False,True,False
3978,0.31423329628900387,0.08173576356099843,True,True,True,True,True,False,True,False
3979,0.31460361513972185,0.08163255581749307,True,True,True,True,True,False,True,False
3980,0.3149054131314538,0.08180945089993234,True,True,True,True,True,False,True,False
3981,0.3149354429333382,0.08153202437536658,True,True,True,True,True,False,True,False
3982,0.31520807600096495,0.0816419872877542,True,True,True,True,True,False,True,False
3983,0.3164936600946226,0.08153880649401479,True,True,True,True,True,False,True,False
3984,0.31832431312722537,0.08109422507517992,True,True,True,True,True,False,True,False
3985,0.31909798074061196,0.08211061201774207,True,True,True,True,True,False,True,False
3986,0.31929407702040385,0.08253937587927489,True,True,True,True,True,True,True,False
3987,0.3189531280594454,0.08301096906258186,True,True,True,True,True,True,True,False
3988,0.3185454749044839,0.08282666139983258,True,True,True,True,True,True,True,False
3989,0.3186158847591933,0.08345132322370223,True,True,True,True,True,True,True,False
3990,0.3190544537092412,0.083870066599872,True,True,True,True,True,True,True,False
3991,0.31819984049603545,0.08261098819259158,True,True,True,True,True,True,True,False
3992,0.3177318471850695,0.08109610528551293,True,True,True,True,True,False,True,False
3993,0.31869978011697714,0.08044138131928677,True,True,True,False,True,False,True,False
3994,0.3200831984881206,0.07973980833602774,True,False,True,False,True,False,True,False
3995,0.3224111874754713,0.08081252383047748,True,True,True,False,True,False,True,False
3996,0.32502399008326327,0.08159815429854837,True,True,True,True,True,False,True,False
3997,0.327756016289514,0.08139646307016926,True,True,True,True,True,False,True,False
3998,0.3302875156326518,0.08121689159010784,True,True,True,True,True,False,True,False
3999,0.3301211696987941,0.08028603008778294,True,True,True,False,True,False,True,False
4000,0.33068984379706984,0.0817755791285677,True,True,True,True,True,False,True,False
4001,0.3306939256741496,0.08144218718902907,True,True,True,True,True,False,True,False
4002,0.3304451239260842,0.08158539126155959,True,True,True,True,True,False,True,False
4003,0.33031837842919204,0.0812942612882907,True,True,True,True,True,False,True,False
4004,0.33008186027026987,0.08119785659844714,True,True,True,True,True,False,True,False
4005,0.3301416237335507,0.08124255784607488,True,True,True,True,True,False,True,False
4006,0.33044014038409336,0.08000096271594218,True,False,True,False,True,False,True,False
4007,0.3319336575567004,0.08008984266514438,True,False,True,False,True,False,True,False
4008,0.33257051885133826,0.07996786732248207,True,False,True,False,True,False,True,False
4009,0.3327720379036133,0.07968309759158114,True,False,True,False,True,False,True,False
4010,0.331815888415299,0.07993407529987032,True,False,True,False,True,False,True,False
4011,0.3304917120945003,0.08103429845777194,True,True,True,True,True,False,True,False
4012,0.33002476565319594,0.08079958985390567,True,True,True,False,True,False,True,False
4013,0.3296794418795957,0.08048048248505658,True,True,True,False,True,False,True,False
4014,0.32972717139579844,0.07890180862480829,True,False,True,False,True,False,True,False
4015,0.32962791013910175,0.07920376376777519,True,False,True,False,True,False,True,False
4016,0.32973832650491036,0.07876288999663077,True,False,True,False,True,False,True,False
4017,0.3306003476064577,0.0786344234315145,True,False,True,False,True,False,True,False
4018,0.3324458520878021,0.07909738240538544,True,False,True,False,True,False,True,False
4019,0.33368230333308835,0.07762240076908584,True,False,True,False,True,False,True,False
4020,0.3336172923439876,0.07789222702733342,True,False,True,False,True,False,True,False
4021,0.3334279726763891,0.07764163051052704,True,False,True,False,True,False,True,False
4022,0.3334738123965023,0.07730137037495229,True,False,True,False,True,False,True,False
4023,0.332724349898797,0.07791944914761582,True,False,True,False,True,False,True,False
4024,0.3307168090886006,0.08098418968092809,True,True,True,True,True,False,True,False
4025,0.3303458549459095,0.07979451845782891,True,False,True,False,True,False,True,False
4026,0.33036158800700416,0.07978035185303847,True,False,True,False,True,False,True,False
4027,0.3304474910677933,0.0799305074958214,True,False,True,False,True,False,True,False
4028,0.33042285046234127,0.07995036720731868,True,False,True,False,True,False,True,False
4029,0.3303953881657773,0.07961090217856838,True,False,True,False,True,False,True,False
4030,0.3306694684898137,0.07747654601072329,True,False,True,False,True,False,True,False
4031,0.33155398072658754,0.07860962995008143,True,False,True,False,True,False,True,False
4032,0.33034016812387385,0.0782580213394787,True,False,True,False,True,False,True,False
4033,0.32880330889137044,0.07805716883166967,True,False,True,False,True,False,True,False
4034,0.3270315353895495,0.07886796706888376,True,False,True,False,True,False,True,False
4035,0.32631613338698023,0.0789809086379076,True,False,True,False,True,False,True,False
4036,0.3255085870568633,0.07844264829087505,True,False,True,False,True,False,True,False
4037,0.3250502348785779,0.07786428762943622,True,False,True,False,True,False,True,False
4038,0.32420355856254435,0.07939100977072942,True,False,True,False,True,False,True,False
4039,0.323327595331743,0.07925681904855793,True,False,True,False,True,False,True,False
4040,0.32306489854481074,0.07795159856143583,True,False,True,False,True,False,True,False
4041,0.3245140795643685,0.07600846139505517,True,False,True,False,True,False,True,False
4042,0.3247799397924821,0.07556381412953475,True,False,True,False,True,False,True,False
4043,0.3251209208977615,0.07567501025218859,True,False,True,False,True,False,True,False
4044,0.3252777812907622,0.07515728337966603,True,False,True,False,True,False,True,False
4045,0.3255570541567608,0.07454957159061928,True,False,True,False,True,False,True,False
4046,0.32601848535664457,0.07416297713609282,True,False,True,False,True,False,True,False
4047,0.3258968330165216,0.07441943771058586,True,False,True,False,True,False,True,False
4048,0.3250454052783486,0.07499278024792845,True,False,True,False,True,False,True,False
4049,0.3248314050107836,0.07538239703166223,True,False,True,False,True,False,True,False
4050,0.3248367683902133,0.07521284103579245,True,False,True,False,True,False,True,False
4051,0.32487662001514533,0.0751156441255436,True,False,True,False,True,False,True,False
4052,0.32495083293049454,0.0752718420356431,True,False,True,False,True,False,True,False
4053,0.32522612934804485,0.07549503345045425,True,False,True,False,True,False,True,False
4054,0.3257168278418957,0.07220657429065366,True,False,True,False,True,False,True,False
4055,0.3275516822405403,0.07615116148108335,True,False,True,False,True,False,True,False
4056,0.32877229106591005,0.0758019928587139,True,False,True,False,True,False,True,False
4057,0.32934462898929817,0.0758480287381342,True,False,True,False,True,False,True,False
4058,0.3287093363613826,0.0775472651761765,True,False,True,False,True,False,True,False
4059,0.32871656129121307,0.07751400345615346,True,False,True,False,True,False,True,False
4060,0.32857485310263945,0.07624452768996895,True,False,True,False,True,False,True,False
4061,0.32827918700102227,0.07852516411458457,True,False,True,False,True,False,True,False
4062,0.3281502898354046,0.07814087758615798,True,False,True,False,True,False,True,False
4063,0.3283665677788583,0.07860225599600587,True,False,True,False,True,False,True,False
4064,0.32874688235562627,0.07906777659524862,True,False,True,False,True,False,True,False
4065,0.3306342990947117,0.07764358606746805,True,False,True,False,True,False,True,False
4066,0.3309800452610568,0.07721269017435345,True,False,True,False,True,False,True,False
4067,0.33154142396697567,0.0771689140477245,True,False,True,False,True,False,True,False
4068,0.33180155531813876,0.07712383917813208,True,False,True,False,True,False,True,False
4069,0.33136932159438254,0.07733251711202115,True,False,True,False,True,False,True,False
4070,0.3309056349557681,0.07662238491611645,True,False,True,False,True,False,True,False
4071,0.3304640447174516,0.07643807131383386,True,False,True,False,True,False,True,False
4072,0.3297400018040009,0.07834700644923516,True,False,True,False,True,False,True,False
4073,0.32986426069082536,0.07869236886536651,True,False,True,False,True,False,True,False
4074,0.3301119391091967,0.07866924636381342,True,False,True,False,True,False,True,False
4075,0.3309060053489943,0.07927321593136084,True,False,True,False,True,False,True,False
4076,0.3316873666473762,0.07813252796788149,True,False,True,False,True,False,True,False
4077,0.33189660986234126,0.07887063827011465,True,False,True,False,True,False,True,False
4078,0.3324146974832895,0.07708781339290767,True,False,True,False,True,False,True,False
4079,0.3341568200303521,0.07979403893597012,True,False,True,False,True,False,True,False
4080,0.3344359202352401,0.0787783404250175,True,False,True,False,True,False,True,False
4081,0.33411970098537147,0.07979310060484468,True,False,True,False,True,False,True,False
4082,0.3336510684970249,0.08217396983804474,True,True,True,True,True,False,True,False
4083,0.3334559068214959,0.08111271270732948,True,True,True,True,True,False,True,False
4084,0.33222222819975655,0.08102671921177476,True,True,True,True,True,False,True,False
4085,0.3317205852984986,0.08097913678195846,True,True,True,True,True,False,True,False
4086,0.3320627790965455,0.0808594831049595,True,True,True,False,True,False,True,False
4087,0.33197764653483325,0.08148850494459774,True,True,True,True,True,False,True,False
4088,0.33164120670429464,0.08066311738658882,True,True,True,False,True,False,True,False
4089,0.3326170067287924,0.0788423596497343,True,False,True,False,True,False,True,False
4090,0.3302792242131743,0.07848749441118542,True,False,True,False,True,False,True,False
4091,0.3284349638223752,0.07810852510096811,True,False,True,False,True,False,True,False
4092,0.32764664267294935,0.0802171982372315,True,True,True,False,True,False,True,False
4093,0.32661904430247873,0.07913382834759138,True,False,True,False,True,False,True,False
4094,0.32672467625038387,0.0785422953188076,True,False,True,False,True,False,True,False
4095,0.326469829263428,0.07858453889374,True,False,True,False,True,False,True,False
4096,0.3258899761899946,0.07934073054617785,True,False,True,False,True,False,True,False
4097,0.3260648017152544,0.08056531519444399,True,True,True,False,True,False,True,False
4098,0.3264861375023972,0.08054457142696783,True,True,True,False,True,False,True,False
4099,0.3266513910133218,0.08060018387155916,True,True,True,False,True,False,True,False
4100,0.32674552273898605,0.08007094751882095,True,False,True,False,True,False,True,False
4101,0.3269261255676693,0.07928189983940563,True,False,True,False,True,False,True,False
4102,0.3278302032973183,0.07909810447750222,True,False,True,False,True,False,True,False
4103,0.3299364440326715,0.07808758626041509,True,False,True,False,True,False,True,False
4104,0.3310353092909884,0.07849986251781868,True,False,True,False,True,False,True,False
4105,0.33072009717503364,0.07928572527658209,True,False,True,False,True,False,True,False
4106,0.3299569004299804,0.07900532986323998,True,False,True,False,True,False,True,False
4107,0.32857304605709065,0.07920457583853982,True,False,True,False,True,False,True,False
4108,0.3278414801756299,0.07905787106018396,True,False,True,False,True,False,True,False
4109,0.3274218602986506,0.0793344054991237,True,False,True,False,True,False,True,False
4110,0.32707191986362333,0.0785777142360186,True,False,True,False,True,False,True,False
4111,0.32666924378485884,0.07907931936070157,True,False,True,False,True,False,True,False
4112,0.3270829171721138,0.0769814121906008,True,False,True,False,True,False,True,False
4113,0.32879614203363455,0.07713296102924366,True,False,True,False,True,False,True,False
4114,0.329191340225484,0.0776334651734769,True,False,True,False,True,False,True,False
4115,0.329310473913137,0.07702848168068105,True,False,True,False,True,False,True,False
4116,0.3295826622499684,0.07754543707049158,True,False,True,False,True,False,True,False
4117,0.329300405609353,0.0772730905184328,True,False,True,False,True,False,True,False
4118,0.3291998714335574,0.07733132757697078,True,False,True,False,True,False,True,False
4119,0.3295166623421081,0.07736203419622098,True,False,True,False,True,False,True,False
4120,0.3293996952776138,0.07805412768423947,True,False,True,False,True,False,True,False
4121,0.3293175074819423,0.07802856595591974,True,False,True,False,True,False,True,False
4122,0.3295426601850212,0.0781439224071977,True,False,True,False,True,False,True,False
4123,0.3299648626589146,0.07802409714280449,True,False,True,False,True,False,True,False
4124,0.3303139556369565,0.07802211539192178,True,False,True,False,True,False,True,False
4125,0.33095436998599315,0.0774346835507588,True,False,True,False,True,False,True,False
4126,0.3317900822973232,0.07611880130322539,True,False,True,False,True,False,True,False
4127,0.3333482480004025,0.07521168965454077,True,False,True,False,True,False,True,False
4128,0.3335594935425993,0.0754430464370131,True,False,True,False,True,False,True,False
4129,0.33416185168571694,0.0756347310567378,True,False,True,False,True,False,True,False
4130,0.3335680637898576,0.07421663484754373,True,False,True,False,True,False,True,False
4131,0.3329912906450637,0.07758325106206795,True,False,True,False,True,False,True,False
4132,0.3328497298744861,0.07802167030608557,True,False,True,False,True,False,True,False
4133,0.3329081607899228,0.07818242072533416,True,False,True,False,True,False,True,False
4134,0.33355600066626867,0.07824425987974233,True,False,True,False,True,False,True,False
4135,0.3333862139988518,0.07810069294498738,True,False,True,False,True,False,True,False
4136,0.33309923364756006,0.07794552244201125,True,False,True,False,True,False,True,False
4137,0.33376580437007375,0.07674662398065096,True,False,True,False,True,False,True,False
4138,0.33442478453340035,0.07680743749650516,True,False,True,False,True,False,True,False
4139,0.3348571584365488,0.07669623579290062,True,False,True,False,True,False,True,False
4140,0.33553285239865904,0.07625612142812725,True,False,True,False,True,False,True,False
4141,0.3363195494427786,0.07663303705118567,True,False,True,False,True,False,True,False
4142,0.33712222907444234,0.07640749352058969,True,False,True,False,True,False,True,False
4143,0.3376204747083081,0.07677636899913147,True,False,True,False,True,False,True,False
4144,0.33759960402457334,0.07712931803592432,True,False,True,False,True,False,True,False
4145,0.33706264660078356,0.07775273460828286,True,False,True,False,True,False,True,False
4146,0.33756071898566903,0.07628800326755004,True,False,True,False,True,False,True,False
4147,0.33791820699905745,0.07625309162066064,True,False,True,False,True,False,True,False
4148,0.3382164339185153,0.07638606220854369,True,False,True,False,True,False,True,False
4149,0.3387855442002472,0.07656214926946053,True,False,True,False,True,False,True,False
4150,0.3382327534087698,0.07553404862183101,True,False,True,False,True,False,True,False
4151,0.33829187792524007,0.07724915415857662,True,False,True,False,True,False,True,False
4152,0.3373739634856515,0.07749422836119221,True,False,True,False,True,False,True,False
4153,0.33639704645739293,0.07772872639313655,True,False,True,False,True,False,True,False
4154,0.33551521757953184,0.07718395739205693,True,False,True,False,True,False,True,False
4155,0.33477139906567394,0.07760832663611418,True,False,True,False,True,False,True,False
4156,0.3343970183745214,0.07742806604859716,True,False,True,False,True,False,True,False
4157,0.3339822372764978,0.07702091188210457,True,False,True,False,True,False,True,False
4158,0.3334587918661592,0.0748672526533362,True,False,True,False,True,False,True,False
4159,0.3327781514613682,0.07690590460289415,True,False,True,False,True,False,True,False
4160,0.33262540877131325,0.07430674193422203,True,False,True,False,True,False,True,False
4161,0.33360254168262593,0.07407160922678879,True,False,True,False,True,False,True,False
4162,0.33426830269389207,0.0742097440988886,True,False,True,False,True,False,True,False
4163,0.335541262528916,0.07414861434680446,True,False,True,False,True,False,True,False
4164,0.3367342112009625,0.07504963386445727,True,False,True,False,True,False,True,False
4165,0.3374412886824207,0.07474570868463559,True,False,True,False,True,False,True,False
4166,0.33814167074867274,0.07405141122852622,True,False,True,False,True,False,True,False
4167,0.33796407347763313,0.07401309391343804,True,False,True,False,True,False,True,False
4168,0.33691675390496967,0.07483883616062126,True,False,True,False,True,False,True,False
4169,0.3355465999613676,0.07457894862576984,True,False,True,False,True,False,True,False
4170,0.33475620328946865,0.07466176164087666,True,False,True,False,True,False,True,False
4171,0.33400200341612524,0.07480300435052374,True,False,True,False,True,False,True,False
4172,0.3332674010280892,0.0749975975162079,True,False,True,False,True,False,True,False
4173,0.3328117998479717,0.07456830522629286,True,False,True,False,True,False,True,False
4174,0.332719478761855,0.07423254685612306,True,False,True,False,True,False,True,False
4175,0.3334670253430221,0.07426569768258225,True,False,True,False,True,False,True,False
4176,0.33292797416826253,0.07428054393659823,True,False,True,False,True,False,True,False
4177,0.3324418152664703,0.07431051381770251,True,False,True,False,True,False,True,False
4178,0.331971686630466,0.07474501187503553,True,False,True,False,True,False,True,False
4179,0.3315883023277061,0.07513737258862313,True,False,True,False,True,False,True,False
4180,0.33084814385263356,0.07510396451690543,True,False,True,False,True,False,True,False
4181,0.3304233480799227,0.07552093848289385,True,False,True,False,True,False,True,False
4182,0.33010685048489863,0.07484287737424204,True,False,True,False,True,False,True,False
4183,0.329357103913603,0.07487647022530085,True,False,True,False,True,False,True,False
4184,0.32810385620679305,0.07497928851091021,True,False,True,False,True,False,True,False
4185,0.32860675640453674,0.07455327530634832,True,False,True,False,True,False,True,False
4186,0.3286428818806934,0.07415980560502611,True,False,True,False,True,False,True,False
4187,0.32867253161418974,0.07283656281596418,True,False,True,False,True,False,True,False
4188,0.3284243035064134,0.0729482523018087,True,False,True,False,True,False,True,False
4189,0.32770870165841126,0.07308990157528278,True,False,True,False,True,False,True,False
4190,0.32716133556127713,0.07339215269046392,True,False,True,False,True,False,True,False
4191,0.32648434171435337,0.07312050430411429,True,False,True,False,True,False,True,False
4192,0.32512001856179695,0.07329854521398921,True,False,True,False,True,False,True,False
4193,0.32334151491621776,0.07333707741726905,True,False,True,False,True,False,True,False
4194,0.3216134551607801,0.07349951740833938,True,False,True,False,True,False,True,False
4195,0.32004976752932573,0.07260196099730944,True,False,True,False,True,False,True,False
4196,0.31871767019921216,0.07238397618104872,True,False,True,False,True,False,True,False
4197,0.3177300136571311,0.07306039521099693,True,False,True,False,True,False,True,False
4198,0.3173678686371648,0.07058576446669637,True,False,True,False,True,False,True,False
4199,0.317849075529599,0.07009395633688249,True,False,True,False,True,False,True,False
4200,0.3163312727959223,0.0706669174732778,True,False,True,False,True,False,True,False
4201,0.3149465036489409,0.07077234764296768,True,False,True,False,True,False,True,False
4202,0.3138712735028122,0.07063760195367734,True,False,True,False,True,False,True,False
4203,0.31314293501219537,0.07076972132194659,True,False,True,False,True,False,True,False
4204,0.3121273441373712,0.07068469607477981,True,False,True,False,True,False,True,False
4205,0.31069889359251457,0.07044081848359757,True,False,True,False,True,False,True,False
4206,0.30959907194057706,0.07009740822021335,True,False,True,False,True,False,True,False
4207,0.30889698191827186,0.07013726106804093,True,False,True,False,True,False,True,False
4208,0.30829812844395377,0.07010254742655533,True,False,True,False,True,False,True,False
4209,0.3089144511052247,0.06881578695101556,True,False,True,False,True,False,True,False
4210,0.3109433749141292,0.06831401855130836,True,False,True,False,True,False,True,False
4211,0.3113666347670053,0.06795098174893183,True,False,True,False,True,False,True,False
4212,0.3112982925668111,0.06867763464345258,True,False,True,False,True,False,True,False
4213,0.31130568548208426,0.06819347432291524,True,False,True,False,True,False,True,False
4214,0.31203181363562355,0.06830247418442001,True,False,True,False,True,False,True,False
4215,0.3122723070933263,0.06836091378745499,True,False,True,False,True,False,True,False
4216,0.31158057914612164,0.06830632826098268,True,False,True,False,True,False,True,False
4217,0.31082169382284025,0.06829947387912016,True,False,True,False,True,False,True,False
4218,0.31031684854156677,0.06826447346944879,True,False,True,False,True,False,True,False
4219,0.3100628558230398,0.0683194753041987,True,False,True,False,True,False,True,False
4220,0.30994407107184807,0.06839260229651904,True,False,True,False,True,False,True,False
4221,0.30986599722044095,0.06837386749949435,True,False,True,False,True,False,True,False
4222,0.3097763576453306,0.06794289117894166,True,False,True,False,True,False,True,False
4223,0.31002053951151015,0.06802893026613598,True,False,True,False,True,False,True,False
4224,0.30917905225698294,0.06755549274152958,True,False,True,False,True,False,True,False
4225,0.3079007245741635,0.06787219545438876,True,False,True,False,True,False,True,False
4226,0.30637189208969273,0.06862646296852568,True,False,True,False,True,False,True,False
4227,0.30480418321502506,0.06899457860877278,True,False,True,False,True,False,True,False
4228,0.30300736010773843,0.06936544803455001,True,False,True,False,True,False,True,False
4229,0.30101118516590963,0.06879293220947816,True,False,True,False,True,False,True,False
4230,0.2987611227487251,0.07006967741380814,True,False,True,False,True,False,True,False
4231,0.2970514605001605,0.067905186785248,True,False,True,False,True,False,True,False
4232,0.29745376082901337,0.06682597723515545,True,False,True,False,True,False,True,False
4233,0.2975804898381755,0.06654268000270262,True,False,True,False,True,False,True,False
4234,0.29769918229561043,0.06648754133155096,True,False,True,False,True,False,True,False
4235,0.2978580252371761,0.06653716077247582,True,False,True,False,True,False,True,False
4236,0.2977052066491607,0.06640230023966447,True,False,True,False,True,False,True,False
4237,0.2971153917734526,0.06642428522060063,True,False,True,False,True,False,True,False
4238,0.29667000566510215,0.06633619456011629,True,False,True,False,True,False,True,False
4239,0.295447968856475,0.06654100995777995,True,False,True,False,True,False,True,False
4240,0.2940329471227166,0.06596981485772513,True,False,True,False,True,False,True,False
4241,0.2933841243963679,0.06559156842519451,True,False,True,False,True,False,True,False
4242,0.2931778647862838,0.06560414633531948,True,False,True,False,True,False,True,False
4243,0.293177020849625,0.06567929421970642,True,False,True,False,True,False,True,False
4244,0.29332373265775324,0.06586272411011697,True,False,True,False,True,False,True,False
4245,0.2934139811537206,0.06549274158553298,True,False,True,False,True,False,True,False
4246,0.2938840961104182,0.0647467340001384,True,False,True,False,True,False,True,False
4247,0.2942659127360462,0.06430863685005964,True,False,True,False,True,False,True,False
4248,0.2936912679722879,0.0641453584541271,True,False,True,False,True,False,True,False
4249,0.29249570914330425,0.06418853678597938,True,False,True,False,True,False,True,False
4250,0.2907925293609309,0.06385789409669215,True,False,True,False,True,False,True,False
4251,0.2884770431804234,0.06392008901702745,True,False,True,False,True,False,True,False
4252,0.2858890469196489,0.06410291868229696,True,False,True,False,True,False,True,False
4253,0.28412074914245067,0.06337876189447135,True,False,True,False,True,False,True,False
4254,0.2823997776545103,0.06337539678837151,False,False,False,False,True,False,True,False
4255,0.2797644492921652,0.06267379024079558,False,False,False,False,False,False,True,False
4256,0.2787114294452222,0.06210910530162105,False,False,False,False,False,False,True,False
4257,0.2783631347318689,0.06189884859272009,False,False,False,False,False,False,True,False
4258,0.27827421001116265,0.06196810216439149,False,False,False,False,False,False,True,False
4259,0.2780824388360001,0.061160781979221604,False,False,False,False,False,False,True,False
4260,0.2778095302387984,0.06114578229393856,False,False,False,False,False,False,True,False
4261,0.2777780713719575,0.0611189280684459,False,False,False,False,False,False,False,False
4262,0.2774648766477974,0.06103025420166023,False,False,False,False,False,False,False,False
4263,0.27591062011424283,0.060584980504842234,False,False,False,False,False,False,False,False
4264,0.2760382233138469,0.06220153608570067,False,False,False,False,False,False,False,False
4265,0.2769150093392006,0.0627645830848693,False,False,False,False,False,False,False,False
4266,0.2784691102182152,0.06250305709349313,False,False,False,False,False,False,True,False
4267,0.2800861251028294,0.0626545089066712,False,False,False,False,False,False,True,False
4268,0.2815372549462909,0.0627217472982496,False,False,False,False,True,False,True,False
4269,0.2829525933136041,0.0627072458110609,False,False,True,False,True,False,True,False
4270,0.2843926868008485,0.06132221401709558,True,False,True,False,True,False,True,False
4271,0.28670193808801736,0.06138603505494107,True,False,True,False,True,False,True,False
4272,0.2879162210025368,0.06127349723005019,True,False,True,False,True,False,True,False
4273,0.28904091270312016,0.06145180074787494,True,False,True,False,True,False,True,False
4274,0.28862671809771506,0.06274257755809245,True,False,True,False,True,False,True,False
4275,0.28791723773898775,0.06343736838003479,True,False,True,False,True,False,True,False
4276,0.2868507623848022,0.06345403031009551,True,False,True,False,True,False,True,False
4277,0.2850365709670401,0.06321987125440753,True,False,True,False,True,False,True,False
4278,0.28260667603030676,0.06236075378370769,False,False,True,False,True,False,True,False
4279,0.28176768899001886,0.0629159489657518,False,False,False,False,True,False,True,False
4280,0.28204605435547914,0.06233663868080034,False,False,False,False,True,False,True,False
4281,0.28260253789422696,0.061462194925276215,False,False,True,False,True,False,True,False
4282,0.28307577934768213,0.06093999900015833,False,False,True,False,True,False,True,False
4283,0.2824186398438081,0.06097643184352827,False,False,False,False,True,False,True,False
4284,0.28188451530752967,0.06063106034589061,False,False,False,False,True,False,True,False
4285,0.2809574585182405,0.06104354765515415,False,False,False,False,False,False,True,False
4286,0.2801283612941516,0.06112098843426043,False,False,False,False,False,False,True,False
4287,0.27912414719502826,0.061121230686532094,False,False,False,False,False,False,True,False
4288,0.278067409932627,0.06137601437528687,False,False,False,False,False,False,True,False
4289,0.27812061742672795,0.06197047584165602,False,False,False,False,False,False,True,False
4290,0.2786618389538808,0.0622641648761504,False,False,False,False,False,False,True,False
4291,0.2793860593913372,0.062283410475690554,False,False,False,False,False,False,True,False
4292,0.28051450534949574,0.06247449149880212,False,False,False,False,False,False,True,False
4293,0.28126066459420657,0.062679980280074,False,False,False,False,False,False,True,False
4294,0.2824092731765796,0.06121257294153822,False,False,False,False,True,False,True,False
4295,0.2841765240060513,0.06125183273385663,True,False,True,False,True,False,True,False
4296,0.28392571942905775,0.06090327776266212,True,False,True,False,True,False,True,False
4297,0.28376050816040527,0.06171511235588912,True,False,True,False,True,False,True,False
4298,0.28349333745019994,0.06198853587106981,True,False,True,False,True,False,True,False
4299,0.2830164485502198,0.06273407987892725,False,False,True,False,True,False,True,False
4300,0.28262798545604945,0.06261253131560526,False,False,True,False,True,False,True,False
4301,0.2818180423529474,0.061884666505942626,False,False,False,False,True,False,True,False
4302,0.2803691122916663,0.06012515034487701,False,False,False,False,False,False,True,False
4303,0.2797443494547559,0.060536329223935974,False,False,False,False,False,False,True,False
4304,0.27955923842582464,0.0604304017010281,False,False,False,False,False,False,True,False
4305,0.2801720735176018,0.060381922827490164,False,False,False,False,False,False,True,False
4306,0.279798829390252,0.060664584135601905,False,False,False,False,False,False,True,False
4307,0.27933181823320036,0.05973101969461562,False,False,False,False,False,False,True,False
4308,0.2784124458944563,0.06040232780172662,False,False,False,False,False,False,True,False
4309,0.27740637871062296,0.05990444888336859,False,False,False,False,False,False,False,False
4310,0.2772809341159169,0.060059308165102555,False,False,False,False,False,False,False,False
4311,0.27738112451432506,0.060232927429827325,False,False,False,False,False,False,False,False
4312,0.2774671924426767,0.06026501512062871,False,False,False,False,False,False,False,False
4313,0.27766328193041423,0.060244555906103885,False,False,False,False,False,False,False,False
4314,0.27818577328956334,0.06030950104850258,False,False,False,False,False,False,True,False
4315,0.2788409436760574,0.06028102644678241,False,False,False,False,False,False,True,False
4316,0.2795895308128459,0.06011349387015919,False,False,False,False,False,False,True,False
4317,0.2802283081527188,0.06008657015652165,False,False,False,False,False,False,True,False
4318,0.28176255786851595,0.059391640204586524,False,False,False,False,True,False,True,False
4319,0.2831456690654176,0.06013303131534558,False,False,True,False,True,False,True,False
4320,0.28347846103990626,0.06030944500600956,True,False,True,False,True,False,True,False
4321,0.28342769431320897,0.0601440974711597,True,False,True,False,True,False,True,False
4322,0.28233071929494347,0.0601301797326334,False,False,False,False,True,False,True,False
4323,0.28140063422835837,0.06080305143553688,False,False,False,False,True,False,True,False
4324,0.2805497129850864,0.06068740776308924,False,False,False,False,False,False,True,False
4325,0.2799128749424065,0.06104420214665453,False,False,False,False,False,False,True,False
4326,0.27838458203859284,0.06069614038607729,False,False,False,False,False,False,True,False
4327,0.2772556780991203,0.060071809038712454,False,False,False,False,False,False,False,False
4328,0.27651747024779494,0.059883397956296346,False,False,False,False,False,False,False,False
4329,0.2765403375410926,0.05967216690148055,False,False,False,False,False,False,False,False
4330,0.275982996162287,0.059372374375671035,False,False,False,False,False,False,False,False
4331,0.2755991878001864,0.058723120430792565,False,False,False,False,False,False,False,False
4332,0.2752315526255667,0.05884052524287964,False,False,False,False,False,False,False,False
4333,0.27469772621098915,0.05903548909850698,False,False,False,False,False,False,False,False
4334,0.2741148917948292,0.05916833718551014,False,False,False,False,False,False,False,False
4335,0.2731391628182783,0.05917613691307788,False,False,False,False,False,False,False,False
4336,0.27200681802722,0.05915156415039816,False,False,False,False,False,False,False,False
4337,0.27182752102566815,0.05879867896674472,False,False,False,False,False,False,False,False
4338,0.2718032351617415,0.05885469183704884,False,False,False,False,False,False,False,False
4339,0.2717171448659995,0.05871114367813476,False,False,False,False,False,False,False,False
4340,0.2717236334260071,0.05895890111550729,False,False,False,False,False,False,False,False
4341,0.2717718011193303,0.05918149799381106,False,False,False,False,False,False,False,False
4342,0.27215519439705377,0.05873715693786412,False,False,False,False,False,False,False,False
4343,0.2729881157612163,0.05839898603076912,False,False,False,False,False,False,False,False
4344,0.2724499406778286,0.05840380269618374,False,False,False,False,False,False,False,False
4345,0.2715316537424593,0.05920653431595935,False,False,False,False,False,False,False,False
4346,0.2709272527226486,0.0595652645392989,False,False,False,False,False,False,False,False
4347,0.27056507468454,0.059763796603199006,False,False,False,False,False,False,False,False
4348,0.27028083106614365,0.060025649379010296,False,False,False,False,False,False,False,False
4349,0.26992384346664583,0.059562656809220134,False,False,False,False,False,False,False,False
4350,0.2689621524777713,0.05959915026185169,False,False,False,False,False,False,False,False
4351,0.26836993227932304,0.059710182285958785,False,False,False,False,False,False,False,False
4352,0.2680414367609008,0.05985997335804928,False,False,False,False,False,False,False,False
4353,0.26794944029988016,0.060593627752471374,False,False,False,False,False,False,False,False
4354,0.26776523100695426,0.06079572528031215,False,False,False,False,False,False,False,False
4355,0.2676784077009027,0.060678682832834445,False,False,False,False,False,False,False,False
4356,0.2678776070979036,0.06068113283807608,False,False,False,False,False,False,False,False
4357,0.2681817155916115,0.06080114950812686,False,False,False,False,False,False,False,False
4358,0.26817643340266484,0.06095343523007325,False,False,False,False,False,False,False,False
4359,0.2676495217333272,0.06099621484535061,False,False,False,False,False,False,False,False
4360,0.26693370125769855,0.06098695983184248,False,False,False,False,False,False,False,False
4361,0.2669878038567421,0.06091342641660048,False,False,False,False,False,False,False,False
4362,0.2670975136554231,0.06082536383420518,False,False,False,False,False,False,False,False
4363,0.2672003008210477,0.06086422183027033,False,False,False,False,False,False,False,False
4364,0.2675401047958857,0.060882153244107076,False,False,False,False,False,False,False,False
4365,0.2681877302260497,0.06089885137205181,False,False,False,False,False,False,False,False
4366,0.2689024233111042,0.0606876932383524,False,False,False,False,False,False,False,False
4367,0.2698340763432939,0.06084702776037492,False,False,False,False,False,False,False,False
4368,0.26938880904020446,0.06131804009263656,False,False,False,False,False,False,False,False
4369,0.2695884042678663,0.061524890782683285,False,False,False,False,False,False,False,False
4370,0.26927322953459365,0.06256837366877004,False,False,False,False,False,False,False,False
4371,0.26805678517860965,0.06169280117361927,False,False,False,False,False,False,False,False
4372,0.2670839227882237,0.061785416280996965,False,False,False,False,False,False,False,False
4373,0.26620385939088603,0.06236441813184093,False,False,False,False,False,False,False,False
4374,0.2643335793162227,0.06124340214039975,False,False,False,False,False,False,False,False
4375,0.2635961433278603,0.06087786680790933,False,False,False,False,False,False,False,False
4376,0.26358868048370426,0.060162686424987025,False,False,False,False,False,False,False,False
4377,0.26407422095449923,0.060118338461762406,False,False,False,False,False,False,False,False
4378,0.2649812151222612,0.05977082102807882,False,False,False,False,False,False,False,False
4379,0.26574879099877946,0.058987087874917,False,False,False,False,False,False,False,False
4380,0.2659449001283094,0.0591731100404884,False,False,False,False,False,False,False,False
4381,0.2657923150904926,0.05893739309048626,False,False,False,False,False,False,False,False
4382,0.26571550961804,0.059021295142284436,False,False,False,False,False,False,False,False
4383,0.2651991056532031,0.05893273586390882,False,False,False,False,False,False,False,False
4384,0.2650022573766207,0.06051783260287179,False,False,False,False,False,False,False,False
4385,0.266315930262198,0.05971602641284281,False,False,False,False,False,False,False,False
4386,0.2681044648695397,0.059702635783984395,False,False,False,False,False,False,False,False
4387,0.27007977121643423,0.05963634961253979,False,False,False,False,False,False,False,False
4388,0.27167771959473697,0.05958406928406632,False,False,False,False,False,False,False,False
4389,0.27133395527722026,0.05934128981040021,False,False,False,False,False,False,False,False
4390,0.27155190788821226,0.05888689986993275,False,False,False,False,False,False,False,False
4391,0.2716823973892761,0.05926862471735736,False,False,False,False,False,False,False,False
4392,0.2719207190123654,0.06120170242701781,False,False,False,False,False,False,False,False
4393,0.272833823138762,0.061808228882225376,False,False,False,False,False,False,False,False
4394,0.27321440799075297,0.06217089127192905,False,False,False,False,False,False,False,False
4395,0.27322531257523713,0.06249260137642776,False,False,False,False,False,False,False,False
4396,0.27332779530174994,0.062480953905820466,False,False,False,False,False,False,False,False
4397,0.27308699993040036,0.0625457105962905,False,False,False,False,False,False,False,False
4398,0.2723665671064363,0.06293451578709883,False,False,False,False,False,False,False,False
4399,0.27241457449236384,0.06272871060634205,False,False,False,False,False,False,False,False
4400,0.2731777097407303,0.06128151561453565,False,False,False,False,False,False,False,False
4401,0.2742109562823997,0.06207905394796619,False,False,False,False,False,False,False,False
4402,0.27483270978235297,0.06288527332980252,False,False,False,False,False,False,False,False
4403,0.2750292940174077,0.062093322728250584,False,False,False,False,False,False,False,False
4404,0.27567621784313845,0.06270689074333656,False,False,False,False,False,False,False,False
4405,0.27649993109504195,0.06263268948655483,False,False,False,False,False,False,False,False
4406,0.27738554181690994,0.06219011643874185,False,False,False,False,False,False,False,False
4407,0.27806610968595075,0.06175035026364697,False,False,False,False,False,False,True,False
4408,0.278878096864683,0.061114108600401215,False,False,False,False,False,False,True,False
4409,0.2814240586848595,0.06110854634491143,False,False,False,False,True,False,True,False
4410,0.28427437781005516,0.06075232860998055,True,False,True,False,True,False,True,False
4411,0.28676941060321054,0.06036091440663195,True,False,True,False,True,False,True,False
4412,0.2881042025202,0.06012634596507695,True,False,True,False,True,False,True,False
4413,0.2886741932478655,0.05945910375891007,True,False,True,False,True,False,True,False
4414,0.2890754820537505,0.059493949458014485,True,False,True,False,True,False,True,False
4415,0.2898056300663838,0.05971547455307685,True,False,True,False,True,False,True,False
4416,0.2905520939610608,0.059292693307151645,True,False,True,False,True,False,True,False
4417,0.29077902214367685,0.05814260622905942,True,False,True,False,True,False,True,False
4418,0.290187122629289,0.05858840208196886,True,False,True,False,True,False,True,False
4419,0.289645468625634,0.0585798089686975,True,False,True,False,True,False,True,False
4420,0.2887083348950676,0.05784530069303356,True,False,True,False,True,False,True,False
4421,0.28797215909528096,0.057097088705908856,True,False,True,False,True,False,True,False
4422,0.28789427234563975,0.058112114037019505,True,False,True,False,True,False,True,False
4423,0.28742401795908074,0.05747728581121996,True,False,True,False,True,False,True,False
4424,0.2868696303691897,0.05789985119860696,True,False,True,False,True,False,True,False
4425,0.286702554691349,0.05764965567224754,True,False,True,False,True,False,True,False
4426,0.286634113390065,0.057587218577438426,True,False,True,False,True,False,True,False
4427,0.2865043225809141,0.057861846749134783,True,False,True,False,True,False,True,False
4428,0.28632493817329835,0.05794047218546865,True,False,True,False,True,False,True,False
4429,0.28620571026581454,0.0579841682689761,True,False,True,False,True,False,True,False
4430,0.28625950611693507,0.05789076391649061,True,False,True,False,True,False,True,False
4431,0.2863212811363506,0.05810704418274587,True,False,True,False,True,False,True,False
4432,0.28602267373278306,0.05786963758148618,True,False,True,False,True,False,True,False
4433,0.28607202784883484,0.05881476322105525,True,False,True,False,True,False,True,False
4434,0.2873310868080479,0.059028460570189095,True,False,True,False,True,False,True,False
4435,0.2884267291277028,0.059038645390077145,True,False,True,False,True,False,True,False
4436,0.28956031964788764,0.05909202221669959,True,False,True,False,True,False,True,False
4437,0.2906041443875137,0.05917669776393128,True,False,True,False,True,False,True,False
4438,0.291664716593585,0.05935394830847715,True,False,True,False,True,False,True,False
4439,0.29418900450155555,0.05727276142786027,True,False,True,False,True,False,True,False
4440,0.29574481373288225,0.057759066554058346,True,False,True,False,True,False,True,False
4441,0.2958706915165391,0.05821606514305283,True,False,True,False,True,False,True,False
4442,0.2956480013224796,0.05769439706077244,True,False,True,False,True,False,True,False
4443,0.29539488636383265,0.05745506161550116,True,False,True,False,True,False,True,False
4444,0.2949287018485007,0.05755050164197327,True,False,True,False,True,False,True,False
4445,0.29423148846488933,0.0582612837941573,True,False,True,False,True,False,True,False
4446,0.2937810532284933,0.05936860438473094,True,False,True,False,True,False,True,False
4447,0.2928397560129628,0.057079841591923405,True,False,True,False,True,False,True,False
4448,0.2931821868818302,0.05760527882293517,True,False,True,False,True,False,True,False
4449,0.29319214845675506,0.05827892160195533,True,False,True,False,True,False,True,False
4450,0.2936734973444601,0.05847032520432571,True,False,True,False,True,False,True,False
4451,0.29505424491988835,0.05824514767913615,True,False,True,False,True,False,True,False
4452,0.2965771350254232,0.05748063200595764,True,False,True,False,True,False,True,False
4453,0.2983102710429148,0.057432412458506846,True,False,True,False,True,False,True,False
4454,0.30003137348632136,0.05822170893674888,True,False,True,False,True,False,True,False
4455,0.30057330399918164,0.05926994986524987,True,False,True,False,True,False,True,False
4456,0.30034331670725983,0.0591914982222607,True,False,True,False,True,False,True,False
4457,0.30083297332511083,0.05912034169757307,True,False,True,False,True,False,True,False
4458,0.30164050471056736,0.059167074547377185,True,False,True,False,True,False,True,False
4459,0.30257120820570166,0.05914711973038223,True,False,True,False,True,False,True,False
4460,0.303333167389588,0.059245799737246585,True,False,True,False,True,False,True,False
4461,0.30380838406686345,0.059238794371178294,True,False,True,False,True,False,True,False
4462,0.30419920473972356,0.05921096401073755,True,False,True,False,True,False,True,False
4463,0.30461289868344565,0.059223061849757064,True,False,True,False,True,False,True,False
4464,0.3051544253252767,0.0591952038064626,True,False,True,False,True,False,True,False
4465,0.3047473902006055,0.05931054364381453,True,False,True,False,True,False,True,False
4466,0.30458064361423637,0.05933209088721844,True,False,True,False,True,False,True,False
4467,0.30397662758759414,0.060101817545006764,True,False,True,False,True,False,True,False
4468,0.30333363784327033,0.0604156098499893,True,False,True,False,True,False,True,False
4469,0.30297166641112,0.06041232050851471,True,False,True,False,True,False,True,False
4470,0.3026825559223145,0.060461778860344394,True,False,True,False,True,False,True,False
4471,0.30240228081657994,0.060198931643402856,True,False,True,False,True,False,True,False
4472,0.3022821160823814,0.06045549885825733,True,False,True,False,True,False,True,False
4473,0.3023916803838473,0.06030869826736939,True,False,True,False,True,False,True,False
4474,0.3028711323645797,0.05987633657932466,True,False,True,False,True,False,True,False
4475,0.3030253055951033,0.05966409034194544,True,False,True,False,True,False,True,False
4476,0.30271794773320104,0.059882244795204924,True,False,True,False,True,False,True,False
4477,0.302446065929202,0.05995351571875962,True,False,True,False,True,False,True,False
4478,0.30226564183590615,0.059946693639228034,True,False,True,False,True,False,True,False
4479,0.30204296190458035,0.05998440170344408,True,False,True,False,True,False,True,False
4480,0.3013937759669836,0.06033330917580983,True,False,True,False,True,False,True,False
4481,0.300987821329172,0.059948236218745045,True,False,True,False,True,False,True,False
4482,0.30121710640057764,0.05990966335637092,True,False,True,False,True,False,True,False
4483,0.3015201654115962,0.059916900172697025,True,False,True,False,True,False,True,False
4484,0.30186499735297584,0.059817797867401566,True,False,True,False,True,False,True,False
4485,0.30207379713019167,0.05952023566193042,True,False,True,False,True,False,True,False
4486,0.3022202177407626,0.059432940957792245,True,False,True,False,True,False,True,False
4487,0.3027914244968058,0.05959666157467086,True,False,True,False,True,False,True,False
4488,0.3029989913737255,0.05968477068494498,True,False,True,False,True,False,True,False
4489,0.3027920576936627,0.05990791943517528,True,False,True,False,True,False,True,False
4490,0.3023271678924661,0.06013413029321568,True,False,True,False,True,False,True,False
4491,0.3022047994830875,0.060134759852222,True,False,True,False,True,False,True,False
4492,0.30193307210117154,0.06008195322994594,True,False,True,False,True,False,True,False
4493,0.30180490107483227,0.06025653574167269,True,False,True,False,True,False,True,False
4494,0.30190964901338974,0.060038273015402904,True,False,True,False,True,False,True,False
4495,0.3020591834938654,0.05968299615524564,True,False,True,False,True,False,True,False
4496,0.30209169677601044,0.059698530019338523,True,False,True,False,True,False,True,False
4497,0.3021351864379854,0.05939413813128625,True,False,True,False,True,False,True,False
4498,0.3019939922307245,0.059067425616562544,True,False,True,False,True,False,True,False
4499,0.30207319999012733,0.0591366861441022,True,False,True,False,True,False,True,False
4500,0.30209721638221293,0.0591119296116181,True,False,True,False,True,False,True,False
4501,0.3021787767690934,0.05935885939093418,True,False,True,False,True,False,True,False
4502,0.30248688285095476,0.05911610857591397,True,False,True,False,True,False,True,False
4503,0.3026638005932606,0.05932737474301354,True,False,True,False,True,False,True,False
4504,0.3026463070457035,0.05936563833043216,True,False,True,False,True,False,True,False
4505,0.302700444119971,0.05925853637339196,True,False,True,False,True,False,True,False
4506,0.3030503967091279,0.059155158734209255,True,False,True,False,True,False,True,False
4507,0.30328351047072083,0.05907673913683079,True,False,True,False,True,False,True,False
4508,0.30347534171222684,0.05917062045369507,True,False,True,False,True,False,True,False
4509,0.30359349946926706,0.05922325794338342,True,False,True,False,True,False,True,False
4510,0.3050772550582871,0.060153397912393304,True,False,True,False,True,False,True,False
4511,0.30580753062041555,0.06076957854347357,True,False,True,False,True,False,True,False
4512,0.30580929466961465,0.06085868879181685,True,False,True,False,True,False,True,False
4513,0.3054651327594672,0.06066132865465074,True,False,True,False,True,False,True,False
4514,0.30522994575778006,0.06053503050670052,True,False,True,False,True,False,True,False
4515,0.3048077503393454,0.06049192279547344,True,False,True,False,True,False,True,False
4516,0.30432931995024404,0.06058270966662384,True,False,True,False,True,False,True,False
4517,0.303633784575293,0.06065050187333321,True,False,True,False,True,False,True,False
4518,0.3031149313053005,0.06030821760929094,True,False,True,False,True,False,True,False
4519,0.3024833251665062,0.05993139748057611,True,False,True,False,True,False,True,False
4520,0.30217174795602203,0.05874861722200726,True,False,True,False,True,False,True,False
4521,0.30234102352897835,0.05610444635183166,True,False,True,False,True,False,True,False
4522,0.30247559855659595,0.05729608301159502,True,False,True,False,True,False,True,False
4523,0.30209324048959435,0.05819282967708671,True,False,True,False,True,False,True,False
4524,0.301640600582513,0.05852047774988663,True,False,True,False,True,False,True,False
4525,0.30122640762532094,0.05850274874062579,True,False,True,False,True,False,True,False
4526,0.30098993158961973,0.058491656939812696,True,False,True,False,True,False,True,False
4527,0.30097821807719477,0.05868277209525759,True,False,True,False,True,False,True,False
4528,0.30089855005034594,0.05942651436829708,True,False,True,False,True,False,True,False
4529,0.3008368482088849,0.05899073684498098,True,False,True,False,True,False,True,False
4530,0.3013308337329355,0.058988642178365615,True,False,True,False,True,False,True,False
4531,0.30171090615081286,0.05921222765068425,True,False,True,False,True,False,True,False
4532,0.30206886046771625,0.05890890552843133,True,False,True,False,True,False,True,False
4533,0.30236534782120067,0.05870584382717515,True,False,True,False,True,False,True,False
4534,0.30352329932654304,0.05853248223764277,True,False,True,False,True,False,True,False
4535,0.3048579845423691,0.058897273342051214,True,False,True,False,True,False,True,False
4536,0.30490908329376964,0.05873267949156984,True,False,True,False,True,False,True,False
4537,0.305047445163225,0.05874881108106443,True,False,True,False,True,False,True,False
4538,0.30475908332217594,0.05935448340494428,True,False,True,False,True,False,True,False
4539,0.30499091392855293,0.05887651788418141,True,False,True,False,True,False,True,False
4540,0.30521513376674064,0.059228161118196634,True,False,True,False,True,False,True,False
4541,0.3056610040797018,0.05952289366973138,True,False,True,False,True,False,True,False
4542,0.30642624098564974,0.06035982823358159,True,False,True,False,True,False,True,False
4543,0.3071949602869977,0.05996409079480928,True,False,True,False,True,False,True,False
4544,0.30830873913881707,0.060043019504947316,True,False,True,False,True,False,True,False
4545,0.3098889742632667,0.059889042868366334,True,False,True,False,True,False,True,False
4546,0.31047134125991116,0.06073327719495503,True,False,True,False,True,False,True,False
4547,0.3103167893575161,0.06100301062425037,True,False,True,False,True,False,True,False
4548,0.31043712026937964,0.06114692504895695,True,False,True,False,True,False,True,False
4549,0.31077487494209577,0.0611375632846992,True,False,True,False,True,False,True,False
4550,0.311094168344809,0.06120126770454922,True,False,True,False,True,False,True,False
4551,0.3111899108508683,0.061438968070603055,True,False,True,False,True,False,True,False
4552,0.31104307747994275,0.06146758148463085,True,False,True,False,True,False,True,False
4553,0.31108323017315287,0.059501240199316664,True,False,True,False,True,False,True,False
4554,0.311551795429465,0.05997904630159008,True,False,True,False,True,False,True,False
4555,0.31105841592455236,0.06006631516116542,True,False,True,False,True,False,True,False
4556,0.31054944776537946,0.060100572154184156,True,False,True,False,True,False,True,False
4557,0.3105534656735373,0.06068059262453585,True,False,True,False,True,False,True,False
4558,0.31114500814445395,0.06059739460978412,True,False,True,False,True,False,True,False
4559,0.31211218381847966,0.06052167680783026,True,False,True,False,True,False,True,False
4560,0.3126871253016241,0.06069387696706818,True,False,True,False,True,False,True,False
4561,0.3128953012250677,0.06087970866503488,True,False,True,False,True,False,True,False
4562,0.31281668227629805,0.0608798349264363,True,False,True,False,True,False,True,False
4563,0.31211120580346313,0.06075408414137621,True,False,True,False,True,False,True,False
4564,0.31102787430006995,0.06058937388122927,True,False,True,False,True,False,True,False
4565,0.3101244245211963,0.060658143394027406,True,False,True,False,True,False,True,False
4566,0.30998198312343334,0.060773976991571686,True,False,True,False,True,False,True,False
4567,0.3099107436168669,0.06058688068640313,True,False,True,False,True,False,True,False
4568,0.3101131964569361,0.06140113124478931,True,False,True,False,True,False,True,False
4569,0.310204567704655,0.06141256533697757,True,False,True,False,True,False,True,False
4570,0.30999657383514545,0.06226010346044021,True,False,True,False,True,False,True,False
4571,0.3096879614776074,0.06240103925984028,True,False,True,False,True,False,True,False
4572,0.30882724063605604,0.061988289239481166,True,False,True,False,True,False,True,False
4573,0.30777790169319885,0.061829943380322626,True,False,True,False,True,False,True,False
4574,0.30694044445156315,0.06177180185072402,True,False,True,False,True,False,True,False
4575,0.3063284370013524,0.06199464493020918,True,False,True,False,True,False,True,False
4576,0.30568097990367854,0.06251442723210007,True,False,True,False,True,False,True,False
4577,0.3051070377377224,0.06246386199810225,True,False,True,False,True,False,True,False
4578,0.305501579817527,0.062118267991487924,True,False,True,False,True,False,True,False
4579,0.3057581831290144,0.062131244019544486,True,False,True,False,True,False,True,False
4580,0.3060066728679245,0.06170753154174539,True,False,True,False,True,False,True,False
4581,0.3065485952190817,0.06135891231490754,True,False,True,False,True,False,True,False
4582,0.30688892886828906,0.06152206532244234,True,False,True,False,True,False,True,False
4583,0.30734978831060494,0.061376314052042226,True,False,True,False,True,False,True,False
4584,0.3073334654274251,0.06173081972670046,True,False,True,False,True,False,True,False
4585,0.3069345866430683,0.06193445846071414,True,False,True,False,True,False,True,False
4586,0.3067437233623834,0.061012096735137265,True,False,True,False,True,False,True,False
4587,0.30693274127462267,0.061714987657624176,True,False,True,False,True,False,True,False
4588,0.30752785682790884,0.061698837121748985,True,False,True,False,True,False,True,False
4589,0.30811346170064646,0.06185827723054306,True,False,True,False,True,False,True,False
4590,0.3079666896600755,0.06356434107942882,True,False,True,False,True,False,True,False
4591,0.3076178921962713,0.06167733153423576,True,False,True,False,True,False,True,False
4592,0.30824864847669825,0.06117813040627178,True,False,True,False,True,False,True,False
4593,0.3085326786685987,0.06030242805465839,True,False,True,False,True,False,True,False
4594,0.3079896720508288,0.060908024275096416,True,False,True,False,True,False,True,False
4595,0.30765308679933245,0.0611649075278441,True,False,True,False,True,False,True,False
4596,0.3072127467087455,0.06092628485505078,True,False,True,False,True,False,True,False
4597,0.30641398590852365,0.060978005910553836,True,False,True,False,True,False,True,False
4598,0.3055980514022394,0.06079447208783946,True,False,True,False,True,False,True,False
4599,0.3045997205060088,0.060919670092193255,True,False,True,False,True,False,True,False
4600,0.30322964933087443,0.06171817332880346,True,False,True,False,True,False,True,False
4601,0.3047600647635392,0.05645175204384646,True,False,True,False,True,False,True,False
4602,0.30848652521221304,0.05529586171449767,True,False,True,False,True,False,True,False
4603,0.3112076107437189,0.05527913453200593,True,False,True,False,True,False,True,False
4604,0.31358179934315844,0.055393395424499406,True,False,True,False,True,False,True,False
4605,0.3147114221404012,0.05514097464064462,True,False,True,False,True,False,True,False
4606,0.3155529878460941,0.05491472564575614,True,False,True,False,True,False,True,False
4607,0.31647100106906945,0.05554894910957196,True,False,True,False,True,False,True,False
4608,0.31692953333826945,0.05538203758483916,True,False,True,False,True,False,True,False
4609,0.31674688847737603,0.055791407527475544,True,False,True,False,True,False,True,False
4610,0.31635093070047904,0.05606155329965544,True,False,True,False,True,False,True,False
4611,0.3161500411248206,0.05611292879090253,True,False,True,False,True,False,True,False
4612,0.31592650639109743,0.05645482410706528,True,False,True,False,True,False,True,False
4613,0.3155066687160216,0.05550311337625523,True,False,True,False,True,False,True,False
4614,0.31525822191033104,0.056607438551121894,True,False,True,False,True,False,True,False
4615,0.3150838310528477,0.05724402733242934,True,False,True,False,True,False,True,False
4616,0.31563140220106806,0.055850600517921206,True,False,True,False,True,False,True,False
4617,0.31606672293096205,0.05554668176803389,True,False,True,False,True,False,True,False
4618,0.31619915479469946,0.05526935881009298,True,False,True,False,True,False,True,False
4619,0.3157871658040502,0.05529476729883844,True,False,True,False,True,False,True,False
4620,0.31537783782620077,0.05417513986400846,True,False,True,False,True,False,True,False
4621,0.3146446701968263,0.05338504630662576,True,False,True,False,True,False,True,False
4622,0.31432107147871524,0.05340443586433108,True,False,True,False,True,False,True,False
4623,0.31403200266444337,0.05347256621663556,True,False,True,False,True,False,True,False
4624,0.31400016268861364,0.05345381308173147,True,False,True,False,True,False,True,False
4625,0.31451410050636575,0.05276643572830427,True,False,True,False,True,False,True,False
4626,0.3154406959539859,0.05271717999030791,True,False,True,False,True,False,True,False
4627,0.3163162613128944,0.052744738838740216,True,False,True,False,True,False,True,False
4628,0.3172319753437334,0.05279687040476687,True,False,True,False,True,False,True,False
4629,0.3181756113913562,0.052779350241353,True,False,True,False,True,False,True,False
4630,0.3187194249273974,0.05249892429439899,True,False,True,False,True,False,True,False
4631,0.3196147369535405,0.05254628818291331,True,False,True,False,True,False,True,False
4632,0.3203061880832645,0.05216938598612965,True,False,True,False,True,False,True,False
4633,0.32059918233107465,0.05255811919253092,True,False,True,False,True,False,True,False
4634,0.3203962311627505,0.053009619432141525,True,False,True,False,True,False,True,False
4635,0.32071459975857347,0.0530877584412799,True,False,True,False,True,False,True,False
4636,0.32157579714924,0.05229126290424938,True,False,True,False,True,False,True,False
4637,0.3218727234551603,0.0519217601402976,True,False,True,False,True,False,True,False
4638,0.32192860390497613,0.052212645872167715,True,False,True,False,True,False,True,False
4639,0.321778473885202,0.052160745321981915,True,False,True,False,True,False,True,False
4640,0.3216903662179516,0.051981984405207814,True,False,True,False,True,False,True,False
4641,0.32259164122234385,0.0494428345602951,True,False,True,False,True,False,True,False
4642,0.3225945439939435,0.049512289539832534,True,False,True,False,True,False,True,False
4643,0.32234561513507065,0.05017937265542484,True,False,True,False,True,False,True,False
4644,0.3220823116772233,0.049520400910619364,True,False,True,False,True,False,True,False
4645,0.32118671119097436,0.049429934903265776,True,False,True,False,True,False,True,False
4646,0.320841602925555,0.04953193818358088,True,False,True,False,True,False,True,False
4647,0.3207742846629535,0.049605492055902714,True,False,True,False,True,False,True,False
4648,0.3200211904554261,0.04952541211149374,True,False,True,False,True,False,True,False
4649,0.32012170326921646,0.04828238896475917,True,False,True,False,True,False,True,False
4650,0.3214941305736316,0.04787187475780275,True,False,True,False,True,False,True,False
4651,0.3230113677786851,0.047834887762118604,True,False,True,False,True,False,True,False
4652,0.3243339448703342,0.04777889583745968,True,False,True,False,True,False,True,False
4653,0.3256387458266414,0.04798709663840766,True,False,True,False,True,False,True,False
4654,0.32697626576715566,0.047842749875000985,True,False,True,False,True,False,True,False
4655,0.3282526444464482,0.04814963908261284,True,False,True,False,True,False,True,False
4656,0.33002342040949334,0.04716548698886634,True,False,True,False,True,False,True,False
4657,0.3303468396520439,0.046994341017576,True,False,True,False,True,False,True,False
4658,0.3307465676520132,0.047558154537779465,True,False,True,False,True,False,True,False
4659,0.3311097690649428,0.047178931770683434,True,False,True,False,True,False,True,False
4660,0.33141315001789284,0.04706837184803571,True,False,True,False,True,False,True,False
4661,0.33238367512303374,0.047674157181732055,True,False,True,False,True,False,True,False
4662,0.33315568080098285,0.047707616635759245,True,False,True,False,True,False,True,False
4663,0.33389668214671997,0.04655002255265511,True,False,True,False,True,False,True,False
4664,0.33452764810953933,0.04592243149242502,True,False,True,False,True,False,True,False
4665,0.3352084631769231,0.04552311304345712,True,False,True,False,True,False,True,False
4666,0.3358545811322286,0.04566712789177679,True,False,True,False,True,False,True,False
4667,0.3366096528904516,0.04572567058825334,True,False,True,False,True,False,True,False
4668,0.3366986394363434,0.04687223368230927,True,False,True,False,True,False,True,False
4669,0.33628956452043884,0.04694408649878962,True,False,True,False,True,False,,
4670,0.3366200940897824,0.04688976624594634,True,False,True,False,True,False,,
4671,0.3367487657946819,0.046919784027703894,True,False,True,False,True,False,,
4672,0.33672383195809297,0.04683224710087915,True,False,True,False,True,False,,
4673,0.33652483732103194,0.04715887688150067,True,False,True,False,True,False,,
4674,0.33606178038324513,0.04713696682793468,True,False,True,False,True,False,,
4675,0.3355671778062871,0.047480817725633714,True,False,True,False,True,False,,
4676,0.3345410386693411,0.04801658722772791,True,False,True,False,True,False,,
4677,0.33343932076157917,0.048168838359321856,True,False,True,False,True,False,,
4678,0.33311636309162335,0.048335551597314806,True,False,True,False,True,False,,
4679,0.3328072064442937,0.04842656891496266,True,False,True,False,True,False,,
4680,0.33242261283696367,0.048644725879698536,True,False,True,False,True,False,,
4681,0.3321623077375328,0.048604265579411124,True,False,True,False,True,False,,
4682,0.33188452547372466,0.04859447801091427,True,False,True,False,True,False,,
4683,0.3316898463509502,0.048186142520003965,True,False,True,False,True,False,,
4684,0.33171048293025085,0.04856308842591525,True,False,True,False,True,False,,
4685,0.33168900988987043,0.04846942731188377,True,False,True,False,True,False,,
4686,0.3319746828410735,0.04886686596886427,True,False,True,False,True,False,,
4687,0.33218409019359324,0.04904790971659236,True,False,True,False,True,False,,
4688,0.33227933190599934,0.04894603332950087,True,False,True,False,True,False,,
4689,0.3325058096102528,0.049033263915036235,True,False,True,False,True,False,,
4690,0.33246001701288996,0.04914682278011141,True,False,True,False,True,False,,
4691,0.33282578746007796,0.049005778270516706,True,False,True,False,True,False,,
4692,0.33284805738607137,0.048956470240610776,True,False,True,False,True,False,,
4693,0.33269118532961917,0.04898726158384551,True,False,True,False,True,False,,
4694,0.332294557030482,0.04882100424568771,True,False,True,False,True,False,,
4695,0.331011599805425,0.04867285823440025,True,False,True,False,True,False,,
4696,0.33089356355362365,0.04715261427119147,True,False,True,False,True,False,,
4697,0.331256689716979,0.047110961165587835,True,False,True,False,True,False,,
4698,0.3315166833938369,0.047181086680521823,True,False,True,False,True,False,,
4699,0.33177915294301624,0.047137769685646105,True,False,True,False,True,False,,
4700,0.33214970826249146,0.04712437024132398,True,False,True,False,True,False,,
4701,0.3326494953259524,0.047238731460723514,True,False,True,False,True,False,,
4702,0.33333262995220714,0.04694269776796251,True,False,True,False,True,False,,
4703,0.3335546917905636,0.046540431656260164,True,False,True,False,True,False,,
4704,0.3340059484146015,0.04672149466122418,True,False,True,False,True,False,,
4705,0.3350541813252684,0.04712731929135063,True,False,True,False,True,False,,
4706,0.3358359094312316,0.04765754610639421,True,False,True,False,True,False,,
4707,0.3361169535064055,0.04732068872933514,True,False,True,False,True,False,,
4708,0.33663891104338833,0.04705020453029766,True,False,True,False,True,False,,
4709,0.3370085169220952,0.047025651020960804,True,False,True,False,True,False,,
4710,0.3370212743423038,0.04676101826603811,True,False,True,False,True,False,,
4711,0.337516921720595,0.046166324392167085,True,False,True,False,True,False,,
4712,0.3366735266463344,0.04582744337129575,True,False,True,False,True,False,,
4713,0.33594407495565537,0.045755387646460983,True,False,True,False,True,False,,
4714,0.3351171322375809,0.04601285514825174,True,False,True,False,True,False,,
4715,0.33413468031881816,0.046158596739720455,True,False,True,False,True,False,,
4716,0.33300248809597427,0.04654501049250105,True,False,True,False,True,False,,
4717,0.33164576364313975,0.046735000889827204,True,False,True,False,True,False,,
4718,0.33018707383592816,0.04630061021795686,True,False,True,False,True,False,,
4719,0.3284359138537492,0.04631712377321703,True,False,True,False,True,False,,
4720,0.3268134177057897,0.046978524401968313,True,False,True,False,True,False,,
4721,0.32618714366728796,0.046345305528581814,True,False,True,False,True,False,,
4722,0.3261187345955066,0.046075433207751176,True,False,True,False,True,False,,
4723,0.326216951606023,0.046017998797578515,True,False,True,False,True,False,,
4724,0.3261280144725848,0.04602403342804549,True,False,True,False,True,False,,
4725,0.3260015650974405,0.046026260433031665,True,False,True,False,True,False,,
4726,0.3258530377235616,0.04618287472459046,True,False,True,False,True,False,,
4727,0.3261662440483412,0.046156670336145664,True,False,True,False,True,False,,
4728,0.32690250993921915,0.046237271480211325,True,False,True,False,True,False,,
4729,0.32709969030901764,0.04644142189755446,True,False,True,False,True,False,,
4730,0.3270342986315559,0.046416241671980295,True,False,True,False,True,False,,
4731,0.32692319662237296,0.0460257047556999,True,False,True,False,True,False,,
4732,0.326899088756634,0.045883659342972026,True,False,True,False,True,False,,
4733,0.3269637097457564,0.04611110717266955,True,False,True,False,True,False,,
4734,0.327803102724226,0.045568616722167755,True,False,True,False,True,False,,
4735,0.3287907500704251,0.04501006690509954,True,False,True,False,True,False,,
4736,0.32962111021800833,0.044772963165792025,True,False,True,False,True,False,,
4737,0.3293374946328931,0.04462381196860056,True,False,True,False,True,False,,
4738,0.32837950103000885,0.04502628885204686,True,False,True,False,True,False,,
4739,0.32786572329670394,0.04519994582521189,True,False,True,False,True,False,,
4740,0.3277095181601886,0.045022484010761615,True,False,True,False,True,False,,
4741,0.32727950720169485,0.04504191059944914,True,False,True,False,True,False,,
4742,0.3263513958788894,0.04506053009418337,True,False,True,False,True,False,,
4743,0.3248778493556407,0.045275265581679595,True,False,True,False,True,False,,
4744,0.3223619045062871,0.04509453452980479,True,False,True,False,True,False,,
4745,0.32128008138893405,0.045202582484516564,True,False,True,False,True,False,,
4746,0.32168169493485593,0.0446425350683681,True,False,True,False,True,False,,
4747,0.32216334777627115,0.0444356564951653,True,False,True,False,True,False,,
4748,0.32253526437102625,0.04440682064879381,True,False,True,False,True,False,,
4749,0.3227742252551904,0.04418294480740335,True,False,True,False,True,False,,
4750,0.323780217720062,0.04452487841317446,True,False,True,False,True,False,,
4751,0.32501253377697586,0.0445529883592984,True,False,True,False,True,False,,
4752,0.3258666742548555,0.044546293561670315,True,False,True,False,True,False,,
4753,0.3265564682819194,0.044554292667311715,True,False,True,False,True,False,,
4754,0.32720117441236485,0.04458234894194462,True,False,True,False,True,False,,
4755,0.3278489480287666,0.04461861766555629,True,False,True,False,True,False,,
4756,0.3286399213686324,0.044626996795175164,True,False,True,False,True,False,,
4757,0.3296956552770815,0.04466137202316833,True,False,True,False,True,False,,
4758,0.33119109644834993,0.04455137134729615,True,False,True,False,True,False,,
4759,0.3329769795126876,0.044366612729271546,True,False,True,False,True,False,,
4760,0.3347666384074281,0.04469622911450945,True,False,True,False,True,False,,
4761,0.3361479227413297,0.04470482079135492,True,False,True,False,True,False,,
4762,0.3374153568795551,0.04480824113761739,True,False,True,False,True,False,,
4763,0.3394634381262686,0.0451969265857718,True,False,True,False,True,False,,
4764,0.34027347138250413,0.0449036690322682,True,False,True,False,True,False,,
4765,0.34046519941654263,0.04617077103896152,True,False,True,False,True,False,,
4766,0.34214484149282587,0.044717519416129836,True,False,True,False,True,False,,
4767,0.34337674175512634,0.04520891675456033,True,False,True,False,True,False,,
4768,0.34355617388184556,0.04491293244861649,True,False,True,False,True,False,,
4769,0.34355689784709176,0.04456752026470231,True,False,True,False,True,False,,
4770,0.3434908626180877,0.04469985802523718,True,False,True,False,True,False,,
4771,0.34342067591995373,0.044639081269308586,True,False,True,False,True,False,,
4772,0.34321944781776126,0.044777591705345676,True,False,True,False,True,False,,
4773,0.3430268965756712,0.04582766971341888,True,False,True,False,True,False,,
4774,0.3453843599318162,0.04646101605102141,True,False,True,False,True,False,,
4775,0.3466164019309223,0.046188879585831864,True,False,True,False,True,False,,
4776,0.3468115385077815,0.046427327656696514,True,False,True,False,True,False,,
4777,0.34615121730694415,0.047130451604216216,True,False,True,False,True,False,,
4778,0.34545794923401285,0.04716338498342258,True,False,True,False,True,False,,
4779,0.3444325633522261,0.0473222054789623,True,False,True,False,True,False,,
4780,0.3427577136443475,0.047440153477555876,True,False,True,False,True,False,,
4781,0.34115130663115656,0.04767522201470521,True,False,True,False,True,False,,
4782,0.3400094378260309,0.04739851222258769,True,False,True,False,True,False,,
4783,0.33939310124618083,0.04716182903201371,True,False,True,False,True,False,,
4784,0.3393424594284027,0.0465162139292935,True,False,True,False,True,False,,
4785,0.3402364346963342,0.045575841109456616,True,False,True,False,True,False,,
4786,0.3399227905115059,0.045558024187986816,True,False,True,False,True,False,,
4787,0.33959583259730286,0.04641628652148623,True,False,True,False,True,False,,
4788,0.3397540066006172,0.047050042818128114,True,False,True,False,True,False,,
4789,0.3401851992278153,0.04725352452147592,True,False,True,False,True,False,,
4790,0.3403228679682555,0.0472180347254091,True,False,True,False,True,False,,
4791,0.340501528447529,0.04734102659041716,True,False,True,False,True,False,,
4792,0.3399836373249544,0.048035214210625246,True,False,True,False,True,False,,
4793,0.3404280041299657,0.04842124871916233,True,False,True,False,True,False,,
4794,0.3417021359119597,0.048655416681813245,True,False,True,False,True,False,,
4795,0.34113638427895776,0.04844505235163425,True,False,True,False,True,False,,
4796,0.34087799203555474,0.048851498664558415,True,False,True,False,True,False,,
4797,0.34153606851610174,0.04758789064336758,True,False,True,False,True,False,,
4798,0.342687224420227,0.04704558592467054,True,False,True,False,True,False,,
4799,0.3438988659797395,0.04743162621095619,True,False,True,False,True,False,,
4800,0.3437954175420524,0.04779687545742329,True,False,True,False,True,False,,
4801,0.342907419117818,0.04835521775714162,True,False,True,False,True,False,,
4802,0.3418726015320481,0.04811005405658803,True,False,True,False,True,False,,
4803,0.341000334648464,0.0481019279538963,True,False,True,False,True,False,,
4804,0.3406838382882668,0.048606693569477236,True,False,True,False,True,False,,
4805,0.34077040816989285,0.049185611194447344,True,False,True,False,True,False,,
4806,0.3409262884873302,0.04922838802838699,True,False,True,False,True,False,,
4807,0.34162893302259334,0.04899692858625705,True,False,True,False,True,False,,
4808,0.34211408756574485,0.04809385618192089,True,False,True,False,True,False,,
4809,0.3427277580131762,0.04823926241254,True,False,True,False,True,False,,
4810,0.3426502655945245,0.048018093092253925,True,False,True,False,True,False,,
4811,0.3423398296705534,0.049110039712885314,True,False,True,False,True,False,,
4812,0.3422765583996535,0.051214237480386275,True,False,True,False,True,False,,
4813,0.34199609037381773,0.05105191030543198,True,False,True,False,True,False,,
4814,0.34184983837351507,0.051016423719360514,True,False,True,False,True,False,,
4815,0.34159684948086644,0.050987469211320635,True,False,True,False,True,False,,
4816,0.3413346236597485,0.05087130592230965,True,False,True,False,True,False,,
4817,0.3407643601635029,0.05144614640458978,True,False,True,False,True,False,,
4818,0.34088434457236944,0.05147571874548622,True,False,True,False,True,False,,
4819,0.3409087657335182,0.051659887140003115,True,False,True,False,True,False,,
4820,0.3417070292148336,0.05167891687964289,True,False,True,False,True,False,,
4821,0.3428479914914741,0.05173975128255607,True,False,True,False,True,False,,
4822,0.34389111872860595,0.05182387079915024,True,False,True,False,True,False,,
4823,0.3449576605922198,0.05181823433217646,True,False,True,False,True,False,,
4824,0.3447033650723083,0.051907401277262254,True,False,True,False,True,False,,
4825,0.344441743113699,0.05179757365974521,True,False,True,False,True,False,,
4826,0.34401897335733844,0.05223095495008341,True,False,True,False,True,False,,
4827,0.34327016342040373,0.05265359154402357,True,False,True,False,True,False,,
4828,0.3422196762894671,0.052784465722928546,True,False,True,False,True,False,,
4829,0.34153858939988746,0.05295417594381673,True,False,True,False,True,False,,
4830,0.3417735589738919,0.05261725723103877,True,False,True,False,True,False,,
4831,0.3423174065521789,0.05276079923415237,True,False,True,False,True,False,,
4832,0.34292048396396596,0.05306708401391934,True,False,True,False,True,False,,
4833,0.3438265825726907,0.05333863720985206,True,False,True,False,True,False,,
4834,0.34379273650343756,0.05350896859916797,True,False,True,False,True,False,,
4835,0.3438040688449921,0.05399170921139807,True,False,True,False,True,False,,
4836,0.34378337144225035,0.054886070780076436,True,False,True,False,True,False,,
4837,0.34420721279937677,0.054795193475503164,True,False,True,False,True,False,,
4838,0.3444403955599396,0.05493146625038487,True,False,True,False,True,False,,
4839,0.3441577230221321,0.05549032885160917,True,False,True,False,True,False,,
4840,0.34296805747872583,0.05635265212342544,True,False,True,False,True,False,,
4841,0.3436830122250481,0.05594876205594698,True,False,True,False,True,False,,
4842,0.3443281287909758,0.05584893686159953,True,False,True,False,True,False,,
4843,0.3451504971172115,0.055690198899201244,True,False,True,False,True,False,,
4844,0.34602058345632214,0.05573106293831268,True,False,True,False,True,False,,
4845,0.34693519579946525,0.055554613549022636,True,False,True,False,True,False,,
4846,0.3478716100324915,0.055288272219068346,True,False,True,False,True,False,,
4847,0.34956510070318875,0.05558687396739318,True,False,True,False,True,False,,
4848,0.34978846414786424,0.055681139122609226,True,False,True,False,True,False,,
4849,0.3494463947488246,0.05633634214917344,True,False,True,False,True,False,,
4850,0.3486304527189445,0.05699934058417692,True,False,True,False,True,False,,
4851,0.3479442237508211,0.05779348186069507,True,False,True,False,True,False,,
4852,0.34678333706051667,0.05832799373833921,True,False,True,False,True,False,,
4853,0.34609339117571086,0.05887086123551698,True,False,True,False,True,False,,
4854,0.34532217960986056,0.058101500310479205,True,False,True,False,True,False,,
4855,0.3450876554825166,0.05845597426520167,True,False,True,False,True,False,,
4856,0.34532659286076106,0.056828448415553054,True,False,True,False,True,False,,
4857,0.3452682168641254,0.05515169734430819,True,False,True,False,True,False,,
4858,0.3446189279341137,0.05561950041954106,True,False,True,False,True,False,,
4859,0.34365957383597523,0.05616878901569342,True,False,True,False,True,False,,
4860,0.34309008422307147,0.056385165119305615,True,False,True,False,True,False,,
4861,0.3427445705182317,0.05563791746547595,True,False,True,False,True,False,,
4862,0.34203133719483186,0.05644226030967225,True,False,True,False,True,False,,
4863,0.3408226043609665,0.05617294965278363,True,False,True,False,True,False,,
4864,0.3402103335013699,0.05560428221358194,True,False,True,False,True,False,,
4865,0.3403219843493224,0.05594699738459489,True,False,True,False,True,False,,
4866,0.34136003753832267,0.05591974460125457,True,False,True,False,True,False,,
4867,0.3425834609959557,0.05573414016540761,True,False,True,False,True,False,,
4868,0.3437940479527415,0.05557781485878011,True,False,True,False,True,False,,
4869,0.3451071418562226,0.05544123599308038,True,False,True,False,True,False,,
4870,0.346863267305898,0.05540821445017899,True,False,True,False,True,False,,
4871,0.3481821756232735,0.055601317167520536,True,False,True,False,True,False,,
4872,0.3480115759507813,0.05594115320761431,True,False,True,False,True,False,,
4873,0.34783311108279497,0.0563908476590455,True,False,True,False,True,False,,
4874,0.3474043455473848,0.056116564560830015,True,False,True,False,True,False,,
4875,0.34709591787517524,0.05650703692267597,True,False,True,False,True,False,,
4876,0.3463315690527787,0.05652602633462228,True,False,True,False,True,False,,
4877,0.3455845501146854,0.057167854060901094,True,False,True,False,True,False,,
4878,0.3452758245320188,0.05698956897485973,True,False,True,False,True,False,,
4879,0.3448707758377606,0.056417931422756654,True,False,True,False,True,False,,
4880,0.3447560614801394,0.054616467888113245,True,False,True,False,True,False,,
4881,0.3450378943430901,0.05610044198543869,True,False,True,False,True,False,,
4882,0.34473524776170617,0.056068086611790934,True,False,True,False,True,False,,
4883,0.3443950407611367,0.0551676725521813,True,False,True,False,True,False,,
4884,0.34417670638456344,0.05707870876640832,True,False,True,False,True,False,,
4885,0.3449161461791154,0.056781058900014156,True,False,True,False,True,False,,
4886,0.34501169573903173,0.056694606473050004,True,False,True,False,True,False,,
4887,0.3444027718283455,0.05725453682323136,True,False,True,False,True,False,,
4888,0.3440853501917539,0.05820165354564357,True,False,True,False,True,False,,
4889,0.34384289532287354,0.05900823991361269,True,False,True,False,True,False,,
4890,0.34485302785624833,0.058862967606066095,True,False,True,False,True,False,,
4891,0.3465259041159621,0.05874345183476043,True,False,True,False,True,False,,
4892,0.347966308449511,0.05872042890394354,True,False,True,False,True,False,,
4893,0.3495452313654579,0.058567200921652685,True,False,True,False,True,False,,
4894,0.35105987602597066,0.057846004823484884,True,False,True,False,True,False,,
4895,0.3514035879016416,0.057949193744072335,True,False,True,False,True,False,,
4896,0.35020419443871736,0.05813440497051357,True,False,True,False,True,False,,
4897,0.3486733962655041,0.05804333723368983,True,False,True,False,True,False,,
4898,0.3468626073433386,0.05904466738469133,True,False,True,False,True,False,,
4899,0.34517661812355527,0.059619986348180595,True,False,True,False,True,False,,
4900,0.3441519093004076,0.06030282578897437,True,False,True,False,True,False,,
4901,0.3433255595800026,0.06171681044221425,True,False,True,False,True,False,,
4902,0.3437096544081637,0.06182718448591792,True,False,True,False,True,False,,
4903,0.3430931707252311,0.06260429036284337,True,False,True,False,True,False,,
4904,0.3424641464281016,0.06251358702290313,True,False,True,False,True,False,,
4905,0.34208803353017675,0.06222644019293589,True,False,True,False,True,False,,
4906,0.3417979556430647,0.06223992715287002,True,False,True,False,True,False,,
4907,0.3412983474146298,0.06103462599673047,True,False,True,False,True,False,,
4908,0.34068171806523917,0.0631577692127329,True,False,True,False,True,False,,
4909,0.3406905754892717,0.06255242340001982,True,False,True,False,True,False,,
4910,0.340302712071192,0.06274273184494208,True,False,True,False,True,False,,
4911,0.33921184120270087,0.062370232863337725,True,False,True,False,True,False,,
4912,0.33856095740925757,0.06282926829041204,True,False,True,False,True,False,,
4913,0.33892116051275156,0.06323765362428918,True,False,True,False,True,False,,
4914,0.33948525905430493,0.06311937383874956,True,False,True,False,True,False,,
4915,0.34038184923383563,0.06304078375403128,True,False,True,False,True,False,,
4916,0.34190089759750963,0.06300377136540057,True,False,True,False,True,False,,
4917,0.34338152024866514,0.06308283501809264,True,False,True,False,True,False,,
4918,0.3445623312319746,0.06447687434907697,True,False,True,False,True,False,,
4919,0.3469272491218003,0.06366245721398198,True,False,True,False,True,False,,
4920,0.347081637849647,0.06366396269621974,True,False,True,False,True,False,,
4921,0.34585650337671386,0.06476384602254918,True,False,True,False,True,False,,
4922,0.3449031656238356,0.06684897004671203,True,False,True,False,True,False,,
4923,0.34422340566839005,0.06746603472414067,True,False,True,False,True,False,,
4924,0.3436668762538777,0.06743729752372463,True,False,True,False,True,False,,
4925,0.3434565295895074,0.06796454526534738,True,False,True,False,True,False,,
4926,0.34355447657584975,0.06925176977738867,True,False,True,False,True,False,,
4927,0.34396281295189696,0.07150336710099474,True,False,True,False,True,False,,
4928,0.3442069097342457,0.07340669382472183,True,False,True,False,True,False,,
4929,0.34489741738762353,0.0735470324972049,True,False,True,False,True,False,,
4930,0.3448555129536796,0.0754182925931537,True,False,True,False,True,False,,
4931,0.3451251553766704,0.07290086167143628,True,False,True,False,True,False,,
4932,0.34500226275505835,0.07102818782544473,True,False,True,False,True,False,,
4933,0.3441544310606768,0.07184230436730568,True,False,True,False,True,False,,
4934,0.343523687736411,0.07114133732191771,True,False,True,False,True,False,,
4935,0.34278345676764077,0.0721179949064133,True,False,True,False,True,False,,
4936,0.3422643306432261,0.07225414699322161,True,False,True,False,True,False,,
4937,0.3422716538845643,0.0726148617501295,True,False,True,False,True,False,,
4938,0.34319349405082455,0.07225050214513819,True,False,True,False,True,False,,
4939,0.3444806318028757,0.07202353081388266,True,False,True,False,True,False,,
4940,0.3459871036409959,0.0720332479254963,True,False,True,False,True,False,,
4941,0.3475463252979071,0.0720074110069215,True,False,True,False,True,False,,
4942,0.34881227734205517,0.07228459871079242,True,False,True,False,True,False,,
4943,0.3500542540546923,0.07083840124427046,True,False,True,False,True,False,,
4944,0.35162824323495967,0.07071311424481203,True,False,True,False,True,False,,
4945,0.35127090609850753,0.07133271223005358,True,False,True,False,True,False,,
4946,0.35086566410743864,0.0716922777283859,True,False,True,False,True,False,,
4947,0.35018364036248006,0.07203298096499766,True,False,True,False,True,False,,
4948,0.34988623546456166,0.07165185705971006,True,False,True,False,True,False,,
4949,0.34960798278238814,0.07139177587445193,True,False,True,False,True,False,,
4950,0.34964986044846186,0.07196433183304284,True,False,True,False,True,False,,
4951,0.3492154007322348,0.07129997384506728,True,False,True,False,True,False,,
4952,0.34879373237502254,0.07236830111691414,True,False,True,False,True,False,,
4953,0.34866408157258844,0.07160388346210486,True,False,True,False,True,False,,
4954,0.3485573051413898,0.07176688544957707,True,False,True,False,True,False,,
4955,0.3482489142644329,0.07103558267503102,True,False,True,False,True,False,,
4956,0.3480417395336498,0.07166228387262186,True,False,True,False,True,False,,
4957,0.34780015106192125,0.07148397466216619,True,False,True,False,True,False,,
4958,0.34775091794220014,0.07122781756551116,True,False,True,False,True,False,,
4959,0.34779745134686807,0.07062060763095036,True,False,True,False,True,False,,
4960,0.3470858015912765,0.07157448072004903,True,False,True,False,True,False,,
4961,0.3474317464302647,0.07156366319278067,True,False,True,False,True,False,,
4962,0.34775264295877917,0.07192524560053136,True,False,True,False,True,False,,
4963,0.34788438746983497,0.07165853985340791,True,False,True,False,True,False,,
4964,0.3474118454403041,0.07180823099158476,True,False,True,False,True,False,,
4965,0.3470030091067644,0.0724080637107886,True,False,True,False,True,False,,
4966,0.3468375737728523,0.0719965522627829,True,False,True,False,True,False,,
4967,0.3474604520729789,0.0721997148209464,True,False,True,False,True,False,,
4968,0.34742414816742706,0.07214945851724293,True,False,True,False,True,False,,
4969,0.3472969519078879,0.07208309343216367,True,False,True,False,True,False,,
4970,0.34673985210048275,0.0714932237289095,True,False,True,False,True,False,,
4971,0.34595422458341674,0.0705316085678655,True,False,True,False,True,False,,
4972,0.3448166398209457,0.07067778004571931,True,False,True,False,True,False,,
4973,0.3434648692473263,0.06960819779964315,True,False,True,False,True,False,,
4974,0.34324467506969986,0.06887457958800615,True,False,True,False,True,False,,
4975,0.3425180137510465,0.06857638978148003,True,False,True,False,True,False,,
4976,0.34263368503801767,0.06886862049461336,True,False,True,False,True,False,,
4977,0.34300573326512845,0.06852165236113177,True,False,True,False,True,False,,
4978,0.3435652743411464,0.06852506683673833,True,False,True,False,True,False,,
4979,0.3440881277924604,0.06854275620938573,True,False,True,False,True,False,,
4980,0.3444446677654562,0.06853555459400955,True,False,True,False,True,False,,
4981,0.3449118346373841,0.06855501638120148,True,False,True,False,True,False,,
4982,0.34542990974095006,0.06853165176934657,True,False,True,False,True,False,,
4983,0.3457760808809122,0.0687537514741939,True,False,True,False,True,False,,
4984,0.3458014147743153,0.06868185222245085,True,False,True,False,True,False,,
4985,0.3456179281396658,0.06910963646590866,True,False,True,False,True,False,,
4986,0.34548436554327033,0.06879705460452616,True,False,True,False,True,False,,
4987,0.34532385325340814,0.06903163516948059,True,False,True,False,True,False,,
4988,0.3450350383529842,0.06901483111433689,True,False,True,False,True,False,,
4989,0.3447773489889121,0.06898298542842267,True,False,True,False,True,False,,
4990,0.3445223557277981,0.06901217742657695,True,False,True,False,True,False,,
4991,0.3451835151208082,0.06711853303107514,True,False,True,False,True,False,,
4992,0.34556423194124164,0.06727041496643518,True,False,True,False,True,False,,
4993,0.34523302948766404,0.06780142399467508,True,False,True,False,True,False,,
4994,0.3445452235528882,0.06824868785998983,True,False,True,False,True,False,,
4995,0.3433279970836794,0.06805561915838222,True,False,True,False,True,False,,
4996,0.3424953023921596,0.06788013121763654,True,False,True,False,True,False,,
4997,0.3418539076276093,0.06665065762828674,True,False,True,False,True,False,,
4998,0.3420925938727835,0.06996381091103618,True,False,True,False,True,False,,
4999,0.34202083966416386,0.07023989132363594,True,False,True,False,True,False,,
5000,0.3426837710158373,0.07009367581891769,True,False,True,False,True,False,,
5001,0.34347972058245324,0.07007690483825238,True,False,True,False,True,False,,
5002,0.34385637376839423,0.07036976179662313,True,False,True,False,True,False,,
5003,0.3442437625236365,0.0706627851567959,True,False,True,False,True,False,,
5004,0.34437542564336704,0.0703467998120616,True,False,True,False,True,False,,
5005,0.3443282232941209,0.0701541296991089,True,False,True,False,True,False,,
5006,0.3445868485327225,0.07009125522591943,True,False,True,False,True,False,,
5007,0.3448984385766682,0.0700911073656174,True,False,True,False,True,False,,
5008,0.3445565910493401,0.0704744824415283,True,False,True,False,True,False,,
5009,0.3444016900802744,0.07170366152246915,True,False,True,False,True,False,,
5010,0.3438273528538705,0.07121148775974154,True,False,True,False,True,False,,
5011,0.3434098491278585,0.07099837019304897,True,False,True,False,True,False,,
5012,0.3426974580647584,0.0710355765795203,True,False,True,False,True,False,,
5013,0.3420816238657382,0.07106432715892373,True,False,True,False,True,False,,
5014,0.3415475107882854,0.0715175086118548,True,False,True,False,True,False,,
5015,0.34172377180570873,0.07011325279265253,True,False,True,False,True,False,,
5016,0.34102497199627413,0.0694459186036936,True,False,True,False,True,False,,
5017,0.3408649338924999,0.07055649679934987,True,False,True,False,True,False,,
5018,0.34105195999470894,0.0708409414851655,True,False,True,False,True,False,,
5019,0.34093584171617825,0.07069592597009003,True,False,True,False,True,False,,
5020,0.3403568416213335,0.07061628798027689,True,False,True,False,True,False,,
5021,0.3392651872434758,0.0704810471787809,True,False,True,False,True,False,,
5022,0.3384282199866136,0.07081311953748999,True,False,True,False,True,False,,
5023,0.3378329970701586,0.0708310521705278,True,False,True,False,True,False,,
5024,0.3383566628865639,0.0705773277804618,True,False,True,False,True,False,,
5025,0.33768236699332294,0.0701160359686221,True,False,True,False,True,False,,
5026,0.33730196224462383,0.07064422169777954,True,False,True,False,True,False,,
5027,0.3371904857893174,0.07050173452722382,True,False,True,False,True,False,,
5028,0.3372391659670552,0.07059550202219599,True,False,True,False,True,False,,
5029,0.3369214711323685,0.07058046159655527,True,False,True,False,True,False,,
5030,0.33690894835311197,0.07053587607884079,True,False,True,False,True,False,,
5031,0.3368321469793213,0.07168866016282469,True,False,True,False,True,False,,
5032,0.336198518331729,0.07148444466592421,True,False,True,False,True,False,,
5033,0.3352590765928844,0.07156559988271492,True,False,True,False,True,False,,
5034,0.33396513396368777,0.07193266656943118,True,False,True,False,True,False,,
5035,0.33267900810112716,0.07210819403737793,True,False,True,False,True,False,,
5036,0.3313807432597912,0.07214958699044367,True,False,True,False,True,False,,
5037,0.3304691225797447,0.07225391522573157,True,False,True,False,True,False,,
5038,0.32998360588758285,0.07213807239297257,True,False,True,False,True,False,,
5039,0.32999889773169616,0.07232657859306063,True,False,True,False,True,False,,
5040,0.33060919895183033,0.072546991605813,True,False,True,False,True,False,,
5041,0.33093958641686094,0.07236089252873457,True,False,True,False,True,False,,
5042,0.3310837437387021,0.0722114174112628,True,False,True,False,True,False,,
5043,0.33142130835701433,0.07364076012847878,True,False,True,False,True,False,,
5044,0.3309357775669209,0.07377929180367154,True,False,True,False,True,False,,
5045,0.329602967344998,0.07361056647921595,True,False,True,False,True,False,,
5046,0.3284607249410748,0.07398182781088793,True,False,True,False,True,False,,
5047,0.3282511285752248,0.07373750308555582,True,False,True,False,True,False,,
5048,0.3280764393946492,0.07375561724216802,True,False,True,False,True,False,,
5049,0.3290317269130881,0.07499451795361718,True,False,True,False,True,False,,
5050,0.3291662325337543,0.07630651963889379,True,False,True,False,True,False,,
5051,0.32899386471506886,0.07620634305898888,True,False,True,False,True,False,,
5052,0.32856026085471857,0.07487000559330693,True,False,True,False,True,False,,
5053,0.328375022910467,0.07471513651453766,True,False,True,False,,,,
5054,0.32767640472238796,0.07495825783521025,True,False,True,False,,,,
5055,0.32706177929891045,0.07516016677784834,True,False,True,False,,,,
5056,0.32647500165828863,0.07516004312404881,True,False,True,False,,,,
5057,0.326417863113554,0.0762370126535654,True,False,True,False,,,,
5058,0.32724580059127173,0.07617840274352937,True,False,True,False,,,,
5059,0.3278196363064427,0.07591319624150424,True,False,True,False,,,,
5060,0.3282007753430562,0.0758848693925761,True,False,True,False,,,,
5061,0.3285225131112346,0.075694198160174,True,False,True,False,,,,
5062,0.3287623882385155,0.07578256861306991,True,False,True,False,,,,
5063,0.3287404500545647,0.07462206911595866,True,False,True,False,,,,
5064,0.3289604149571221,0.07507317733432377,True,False,True,False,,,,
5065,0.3287696777275948,0.07452479418348046,True,False,True,False,,,,
5066,0.32780022013309,0.0752620911655347,True,False,True,False,,,,
5067,0.32719365805590217,0.07599700431405883,True,False,True,False,,,,
5068,0.32602505611376886,0.0763430916072638,True,False,True,False,,,,
5069,0.3251813881843513,0.07684201805763419,True,False,True,False,,,,
5070,0.3248165404674208,0.07650809707806087,True,False,True,False,,,,
5071,0.32486707704163637,0.07545428518855944,True,False,True,False,,,,
5072,0.3241546594421494,0.07681539423931413,True,False,True,False,,,,
5073,0.32467234569049724,0.07720544557492715,True,False,True,False,,,,
5074,0.3258941086443718,0.07658885608532595,True,False,True,False,,,,
5075,0.3271049398250981,0.07698859596973981,True,False,True,False,,,,
5076,0.3279646779801535,0.07751948882793468,True,False,True,False,,,,
5077,0.32773618748230443,0.07747786260685115,True,False,True,False,,,,
5078,0.3272053455120364,0.07670525484836753,True,False,True,False,,,,
5079,0.32599738670294454,0.07669524962164123,True,False,True,False,,,,
5080,0.3243697878338819,0.07610862724840703,True,False,True,False,,,,
5081,0.32280717410160836,0.07576521801036593,True,False,True,False,,,,
5082,0.3219126791223915,0.07428444568788758,True,False,True,False,,,,
5083,0.3223007878598557,0.07435847226390394,True,False,True,False,,,,
5084,0.3227886600404732,0.07441507671433348,True,False,True,False,,,,
5085,0.3233465386004997,0.07432881311125893,True,False,True,False,,,,
5086,0.3239239437844687,0.07447405352575255,True,False,True,False,,,,
5087,0.32455802757236435,0.07384960091485741,True,False,True,False,,,,
5088,0.3255423547366851,0.07417409848974936,True,False,True,False,,,,
5089,0.32569791032678247,0.07412829011284479,True,False,True,False,,,,
5090,0.3254552796306684,0.07356135901823294,True,False,True,False,,,,
5091,0.3253455619297929,0.07363359848363399,True,False,True,False,,,,
5092,0.32504456402335746,0.07406213574320547,True,False,True,False,,,,
5093,0.32457415198180073,0.07415172417426469,True,False,True,False,,,,
5094,0.3251468999206736,0.07428612488353364,True,False,True,False,,,,
5095,0.3263554020889159,0.07529106382580819,True,False,True,False,,,,
5096,0.32755760678033224,0.07590811793888763,True,False,True,False,,,,
5097,0.32793836210256583,0.0759737066018997,True,False,True,False,,,,
5098,0.3278508291596135,0.07570320021179709,True,False,True,False,,,,
5099,0.3276978672805437,0.07653827292417696,True,False,True,False,,,,
5100,0.32715964505442263,0.07464935204781958,True,False,True,False,,,,
5101,0.3262746514962253,0.07502687336019963,True,False,True,False,,,,
5102,0.3261037906041773,0.07513511046860165,True,False,True,False,,,,
5103,0.3252488765995628,0.07580430881853516,True,False,True,False,,,,
5104,0.3246510050471135,0.07532776232283309,True,False,True,False,,,,
5105,0.32499174669780234,0.07608504508377038,True,False,True,False,,,,
5106,0.3259059285153349,0.07620023442192202,True,False,True,False,,,,
5107,0.32626256486136895,0.07629589364253436,True,False,True,False,,,,
5108,0.32669427350352,0.07636074818685457,True,False,True,False,,,,
5109,0.3275314800825959,0.07652887707959173,True,False,True,False,,,,
5110,0.3283646711411277,0.07698420002500996,True,False,True,False,,,,
5111,0.32958207850076926,0.07539206182972025,True,False,True,False,,,,
5112,0.3304090997412263,0.07597852969587915,True,False,True,False,,,,
5113,0.32993254584532994,0.07589252587834257,True,False,True,False,,,,
5114,0.32931134186116434,0.07597560353160468,True,False,True,False,,,,
5115,0.32835906843528045,0.07654444754713528,True,False,True,False,,,,
5116,0.326782167563876,0.07643234539138384,True,False,True,False,,,,
5117,0.32539207555020744,0.07666682842402939,True,False,True,False,,,,
5118,0.3246971206254099,0.07641362867087587,True,False,True,False,,,,
5119,0.3241519727130364,0.07782834441784983,True,False,True,False,,,,
5120,0.3241148985859213,0.07714142570264551,True,False,True,False,,,,
5121,0.3244690529136952,0.07737731534762499,True,False,True,False,,,,
5122,0.324467009751968,0.07688601296211604,True,False,True,False,,,,
5123,0.3242406100159482,0.07641782492383425,True,False,True,False,,,,
5124,0.32292068137900143,0.07573356668417061,True,False,True,False,,,,
5125,0.32135839028083724,0.076793500130468,True,False,True,False,,,,
5126,0.3204407220080914,0.07644043063049646,True,False,True,False,,,,
5127,0.3197875207377755,0.07646520590406834,True,False,True,False,,,,
5128,0.31891837360873027,0.07605856277076131,True,False,True,False,,,,
5129,0.3202047541851196,0.07504888602310292,True,False,True,False,,,,
5130,0.3209142849104706,0.07484081233116009,True,False,True,False,,,,
5131,0.3214051383523024,0.07460471018204425,True,False,True,False,,,,
5132,0.32198798658920963,0.07467366777970909,True,False,True,False,,,,
5133,0.32172213439387815,0.0741741518246261,True,False,True,False,,,,
5134,0.3219534313715872,0.07338726792948987,True,False,True,False,,,,
5135,0.32237038367696663,0.07158260107051773,True,False,True,False,,,,
5136,0.3232262530701161,0.0717324226344044,True,False,True,False,,,,
5137,0.3240116272091684,0.07170996959244602,True,False,True,False,,,,
5138,0.3245214442636208,0.07132309778032793,True,False,True,False,,,,
5139,0.32465551779188845,0.07202854606714695,True,False,True,False,,,,
5140,0.3242842068134619,0.07200113602393554,True,False,True,False,,,,
5141,0.3238788579007831,0.07230921329124264,True,False,True,False,,,,
5142,0.3234234213058432,0.07248181398880613,True,False,True,False,,,,
5143,0.3230548976615906,0.07357003419507738,True,False,True,False,,,,
5144,0.32288010079657853,0.07368736861941214,True,False,True,False,,,,
5145,0.3232976393614785,0.07417608464042418,True,False,True,False,,,,
5146,0.32356396929201336,0.07458588977945685,True,False,True,False,,,,
5147,0.323003900281321,0.07494219722394935,True,False,True,False,,,,
5148,0.3226694191475921,0.07475497775734835,True,False,True,False,,,,
5149,0.32252571597957486,0.07484132303191629,True,False,True,False,,,,
5150,0.32221650952726905,0.07553455361132053,True,False,True,False,,,,
5151,0.3222606226823273,0.07585069403060418,True,False,True,False,,,,
5152,0.32244510284989997,0.07588878917121805,True,False,True,False,,,,
5153,0.32424662818480715,0.07537060720328245,True,False,True,False,,,,
5154,0.32641586529988736,0.0755399680977972,True,False,True,False,,,,
5155,0.32838678578447367,0.07546439543057523,True,False,True,False,,,,
5156,0.33018944596829886,0.07550634931247154,True,False,True,False,,,,
5157,0.33204596337338715,0.07557071182203594,True,False,True,False,,,,
5158,0.3338753874588969,0.07606577230880682,True,False,True,False,,,,
5159,0.33531788740842633,0.07597045154740163,True,False,True,False,,,,
5160,0.3356290690733718,0.07641915672926845,True,False,True,False,,,,
5161,0.3347127023393788,0.076644663729081,True,False,True,False,,,,
5162,0.33366668271814415,0.0769703019150803,True,False,True,False,,,,
5163,0.3326770807161185,0.07776438509168192,True,False,True,False,,,,
5164,0.33170091627977744,0.07652103830070701,True,False,True,False,,,,
5165,0.33099163762269207,0.07563472456407987,True,False,True,False,,,,
5166,0.33005925777770373,0.07605272981161025,True,False,True,False,,,,
5167,0.3290264578877357,0.07649589527734538,True,False,True,False,,,,
5168,0.32928564400121446,0.0758705119782417,True,False,True,False,,,,
5169,0.329194687005925,0.07699404509785482,True,False,True,False,,,,
5170,0.32873374865843974,0.07708379103731018,True,False,True,False,,,,
5171,0.3286104798777075,0.07664359615609259,True,False,True,False,,,,
5172,0.32836992913344576,0.07695280580159818,True,False,True,False,,,,
5173,0.3274215335080232,0.07870586878094384,True,False,True,False,,,,
5174,0.32638905979718286,0.07896455331091773,True,False,True,False,,,,
5175,0.32557289549182317,0.0781029558943195,True,False,True,False,,,,
5176,0.32409941190365077,0.07774675071468166,True,False,True,False,,,,
5177,0.3246397770468596,0.07732528772133009,True,False,True,False,,,,
5178,0.3251023150115514,0.07731804328235735,True,False,True,False,,,,
5179,0.3252211962501262,0.07730356266112544,True,False,True,False,,,,
5180,0.3252584877711212,0.07740787672532563,True,False,True,False,,,,
5181,0.3256373040979006,0.07745683338145971,True,False,True,False,,,,
5182,0.3261746586489047,0.0775286737849329,True,False,True,False,,,,
5183,0.32656137449233646,0.077515051933738,True,False,True,False,,,,
5184,0.32672795462143495,0.07759786365585737,True,False,True,False,,,,
5185,0.3265391378120307,0.07730714834231882,True,False,True,False,,,,
5186,0.3259977126738445,0.07763295843159554,True,False,True,False,,,,
5187,0.32611025806043825,0.07842095878168999,True,False,True,False,,,,
5188,0.32691425000515023,0.07914540817392426,True,False,True,False,,,,
5189,0.32758868764579474,0.07972268049323253,True,False,True,False,,,,
5190,0.32827580117599303,0.07981258839740733,True,False,True,False,,,,
5191,0.3290317436439074,0.08009607261008458,True,False,True,False,,,,
5192,0.3304054617631995,0.07974824756087105,True,False,True,False,,,,
5193,0.33156442766411753,0.08100374416122251,True,True,True,True,,,,
5194,0.3321257416530498,0.08042618468437694,True,True,True,False,,,,
5195,0.3321657543595301,0.0806485866714319,True,True,True,False,,,,
5196,0.3317845940605957,0.0803702839755161,True,True,True,False,,,,
5197,0.3307520311650105,0.08047756503446561,True,True,,,,,,
5198,0.3300851420699268,0.08027525442706555,True,True,,,,,,
5199,0.3298334652689637,0.08009736769071758,True,False,,,,,,
5200,0.3293602015101846,0.07999904323076386,True,False,,,,,,
5201,0.3290676267544922,0.07977055543402803,True,False,,,,,,
5202,0.3289732102695367,0.07950296272650366,True,False,,,,,,
5203,0.32878929630519865,0.07940531371214402,True,False,,,,,,
5204,0.3283704381912632,0.07949522891173737,True,False,,,,,,
5205,0.32790444381072376,0.0789482463062474,True,False,,,,,,
5206,0.32844266385380505,0.07929660444267565,True,False,,,,,,
5207,0.3281416473326783,0.07948785424323501,True,False,,,,,,
5208,0.3275455854211624,0.0798567296905172,True,False,,,,,,
5209,0.32749828849792806,0.07931166827766581,True,False,,,,,,
5210,0.3260878483165672,0.07974629163816588,True,False,,,,,,
5211,0.3257578092695012,0.07956595916411859,True,False,,,,,,
5212,0.3254641721383463,0.07942354549481741,True,False,,,,,,
5213,0.32519856178250584,0.0799574517450258,True,False,,,,,,
5214,0.3256780944999165,0.08010363186427297,True,False,,,,,,
5215,0.32541111675727563,0.07927585610962515,True,False,,,,,,
5216,0.3244736276014408,0.07904495672095103,True,False,,,,,,
5217,0.32322032231692915,0.0789526628256721,True,False,,,,,,
5218,0.3217780875610926,0.07892259838719652,True,False,,,,,,
5219,0.320651926525846,0.07876062294627532,True,False,,,,,,
5220,0.3198354418660788,0.07861730577262381,True,False,,,,,,
5221,0.3189977938709135,0.07856507934073097,True,False,,,,,,
5222,0.3179516890219406,0.07848704864224233,True,False,,,,,,
5223,0.31804512962178194,0.07948137083579254,True,False,,,,,,
5224,0.3180063374249893,0.0790065734874023,True,False,,,,,,
5225,0.31820887780206164,0.07909932866704289,True,False,,,,,,
5226,0.31873792463801487,0.07938539156046309,True,False,,,,,,
5227,0.3193049439775808,0.07935965446198477,True,False,,,,,,
5228,0.31965831797933325,0.07941249639413084,True,False,,,,,,
5229,0.3199773248266502,0.07910399628081255,True,False,,,,,,
5230,0.32095426371060515,0.07829048260073837,True,False,,,,,,
5231,0.3220648710031375,0.07868715406089027,True,False,,,,,,
5232,0.3225483597311525,0.07870499670284155,True,False,,,,,,
5233,0.3225330053512683,0.07872626962785413,True,False,,,,,,
5234,0.32135805885377383,0.07834063163738873,True,False,,,,,,
5235,0.3209385169923626,0.07822633262371215,True,False,,,,,,
5236,0.3204932215963915,0.07807541729905565,True,False,,,,,,
5237,0.3202352379413676,0.07808954331223043,True,False,,,,,,
5238,0.32039973916210157,0.07762098665847522,True,False,,,,,,
5239,0.3203831706748644,0.07654835603471806,True,False,,,,,,
5240,0.32082262500176634,0.07598633939069474,True,False,,,,,,
5241,0.32105531979032476,0.07548157749502075,True,False,,,,,,
5242,0.32118171426179154,0.07544711975334313,True,False,,,,,,
5243,0.3213588395611162,0.07549607595752729,True,False,,,,,,
5244,0.3213608467941437,0.07586818782905667,True,False,,,,,,
5245,0.3210990901263188,0.07628094666589924,True,False,,,,,,
5246,0.32097555983797127,0.0762552200079046,True,False,,,,,,
5247,0.32076598060170136,0.07628754540749279,True,False,,,,,,
5248,0.3204071665661875,0.07641244085930654,True,False,,,,,,
5249,0.3201400138386965,0.07653473551533516,True,False,,,,,,
5250,0.3205204096837364,0.07631848457383375,True,False,,,,,,
5251,0.320855326596255,0.07623463293638182,True,False,,,,,,
5252,0.3214130043827491,0.0762905305767248,True,False,,,,,,
5253,0.3220499844010659,0.07635109046709217,True,False,,,,,,
5254,0.3226518514308808,0.07703500394927343,True,False,,,,,,
5255,0.3246036176002514,0.07495056828540307,True,False,,,,,,
5256,0.3254819952777753,0.07524501141277977,True,False,,,,,,
5257,0.3253950732390674,0.07570056990037126,True,False,,,,,,
5258,0.32391843225241174,0.07525970417076946,True,False,,,,,,
5259,0.3232596737478199,0.07759817133673381,True,False,,,,,,
5260,0.32196444339454944,0.0772650333514418,True,False,,,,,,
5261,0.3206395244416615,0.07735149605330832,True,False,,,,,,
5262,0.319396034380956,0.07733013537138461,True,False,,,,,,
5263,0.31836356861455506,0.07748544211958618,True,False,,,,,,
5264,0.31791057848909565,0.07822209690411322,True,False,,,,,,
5265,0.3177084527574917,0.07780123866613062,True,False,,,,,,
5266,0.317450500560465,0.07732454466985136,True,False,,,,,,
5267,0.3170875792182769,0.07718073286016215,True,False,,,,,,
5268,0.3168202492637463,0.07719474338136065,True,False,,,,,,
5269,0.3165864881463761,0.07717309309755148,True,False,,,,,,
5270,0.3162629658991429,0.07720766714134632,True,False,,,,,,
5271,0.31605348054326243,0.07734235190978946,True,False,,,,,,
5272,0.3152639224014873,0.07732160392555468,True,False,,,,,,
5273,0.3151641524109785,0.07714179148830794,True,False,,,,,,
5274,0.314855294340867,0.07716013764011129,True,False,,,,,,
5275,0.31442296663790625,0.0772432725670852,True,False,,,,,,
5276,0.31383828132418734,0.07715170660797835,True,False,,,,,,
5277,0.31339985790729186,0.07719101519235255,True,False,,,,,,
5278,0.31290941462108113,0.07742215172825732,True,False,,,,,,
5279,0.31248785835088044,0.07793316075812375,True,False,,,,,,
5280,0.31214843255968383,0.07773265595256615,True,False,,,,,,
5281,0.3114074756758712,0.07732689463781446,True,False,,,,,,
5282,0.3100728340600602,0.07814323772780563,True,False,,,,,,
5283,0.3094724254502002,0.07833176399554159,True,False,,,,,,
5284,0.3088817120872137,0.07845646948957309,True,False,,,,,,
5285,0.30765150570505495,0.07821266669892174,True,False,,,,,,
5286,0.30629846217830226,0.07863695624316644,True,False,,,,,,
5287,0.30524795702161545,0.07804588565659654,True,False,,,,,,
5288,0.30531960341079867,0.07836846300582911,True,False,,,,,,
5289,0.30565125178923325,0.07810533951279519,True,False,,,,,,
5290,0.30646352546098676,0.07891731532602571,True,False,,,,,,
5291,0.30827091035022325,0.07899602410735233,True,False,,,,,,
5292,0.31027160943133075,0.07895600934071487,True,False,,,,,,
