mode,seed,update,epoch,epoch_frac,is_boundary,lr,val_mse
CI,42,12,1,0.1904761904761904,False,1e-05,1.288289605396162
CI,42,24,1,0.3809523809523809,False,1e-05,1.2498376521702317
CI,42,36,1,0.5714285714285714,False,1e-05,1.223576571109086
CI,42,48,1,0.7619047619047619,False,1e-05,1.2018659893749255
CI,42,60,1,0.9523809523809524,False,1e-05,1.183224413120029
CI,42,63,1,1.0,True,1e-05,1.179187281008422
CI,42,72,2,1.1428571428571428,False,2e-05,1.1572792713287103
CI,42,84,2,1.3333333333333333,False,2e-05,1.1325384127267824
CI,42,96,2,1.5238095238095235,False,2e-05,1.1152918371025635
CI,42,108,2,1.7142857142857142,False,2e-05,1.100951700900059
CI,42,120,2,1.9047619047619049,False,2e-05,1.088820479935265
CI,42,126,2,2.0,True,2e-05,1.0824337029457258
CI,42,132,3,2.095238095238096,False,3.0000000000000004e-05,1.0763893526229231
CI,42,144,3,2.2857142857142856,False,3.0000000000000004e-05,1.0679324600839566
CI,42,156,3,2.4761904761904763,False,3.0000000000000004e-05,1.0636204223449537
CI,42,168,3,2.6666666666666665,False,3.0000000000000004e-05,1.0585080342194255
CI,42,180,3,2.857142857142857,False,3.0000000000000004e-05,1.0533729981420086
CI,42,189,3,3.0,True,3.0000000000000004e-05,1.0503759873715948
CI,42,192,4,3.0476190476190474,False,4e-05,1.0517007118371986
CI,42,204,4,3.238095238095238,False,4e-05,1.049180501489623
CI,42,216,4,3.4285714285714284,False,4e-05,1.044921520379856
CI,42,228,4,3.619047619047619,False,4e-05,1.0408320136008282
CI,42,240,4,3.809523809523809,False,4e-05,1.0412517406393376
CI,42,252,4,4.0,True,4e-05,1.0406984786577596
CI,42,264,5,4.190476190476191,False,5e-05,1.0424105437952604
CI,42,276,5,4.380952380952381,False,5e-05,1.0429933688215351
CI,42,288,5,4.571428571428571,False,5e-05,1.043971124754712
CI,42,300,5,4.761904761904762,False,5e-05,1.0446984574896647
CI,42,312,5,4.9523809523809526,False,5e-05,1.037835691611848
CI,42,315,5,5.0,True,5e-05,1.0428632641463975
CI,42,324,6,5.142857142857143,False,6.000000000000001e-05,1.0422738104512776
CI,42,336,6,5.333333333333333,False,6.000000000000001e-05,1.0387243492338458
CI,42,348,6,5.523809523809524,False,6.000000000000001e-05,1.041749259062127
CI,42,360,6,5.714285714285714,False,6.000000000000001e-05,1.0383323303038954
CI,42,372,6,5.904761904761905,False,6.000000000000001e-05,1.039306260431288
CI,42,378,6,6.0,True,6.000000000000001e-05,1.0381605986795472
CI,42,384,7,6.095238095238095,False,7e-05,1.0482878816694774
CI,42,396,7,6.285714285714286,False,7e-05,1.0463031681981891
CI,42,408,7,6.476190476190476,False,7e-05,1.0397566484730163
CI,42,420,7,6.666666666666667,False,7e-05,1.041085341956386
CI,42,432,7,6.857142857142857,False,7e-05,1.0415457411975642
CI,42,441,7,7.0,True,7e-05,1.0432450536491176
CI,42,444,8,7.047619047619048,False,8e-05,1.0449988002927744
CI,42,456,8,7.238095238095238,False,8e-05,1.0442798966058595
CI,42,468,8,7.428571428571429,False,8e-05,1.0430318041894495
CI,42,480,8,7.619047619047619,False,8e-05,1.0442719108330016
CI,42,492,8,7.809523809523809,False,8e-05,1.044048834303574
CI,42,504,8,8.0,True,8e-05,1.0494085631599208
CI,42,516,9,8.19047619047619,False,9e-05,1.0498362555124336
CI,42,528,9,8.380952380952381,False,9e-05,1.0589468971064742
CI,42,540,9,8.571428571428571,False,9e-05,1.062288039448163
CI,42,552,9,8.761904761904763,False,9e-05,1.0529514025281252
CI,42,564,9,8.952380952380953,False,9e-05,1.0426724103127465
CI,42,567,9,9.0,True,9e-05,1.047435845396965
CI,42,576,10,9.142857142857142,False,0.0001,1.0420087591721137
CI,42,588,10,9.333333333333334,False,0.0001,1.0425401301794182
CI,42,600,10,9.523809523809524,False,0.0001,1.047938321682152
CI,42,612,10,9.714285714285714,False,0.0001,1.049081385159376
CI,42,624,10,9.904761904761903,False,0.0001,1.0495835613813644
CI,42,630,10,10.0,True,0.0001,1.05034952043354
CI,42,636,11,10.095238095238097,False,0.0001,1.0453527725730452
CI,42,648,11,10.285714285714286,False,0.0001,1.0427788781913632
CI,42,660,11,10.476190476190476,False,0.0001,1.0463586116937793
CI,42,672,11,10.666666666666666,False,0.0001,1.0425417941662476
CI,42,684,11,10.857142857142858,False,0.0001,1.0442682827961438
CI,42,693,11,11.0,True,0.0001,1.042601506742802
CI,42,696,12,11.047619047619047,False,9.98458666866564e-05,1.0440249315419452
CI,42,708,12,11.238095238095235,False,9.98458666866564e-05,1.0413541372059163
CI,42,720,12,11.428571428571429,False,9.98458666866564e-05,1.0366680775092705
CI,42,732,12,11.61904761904762,False,9.98458666866564e-05,1.0382787963013882
CI,42,744,12,11.80952380952381,False,9.98458666866564e-05,1.0437204969679432
CI,42,756,12,12.0,True,9.98458666866564e-05,1.0390943612560144
CI,42,768,13,12.19047619047619,False,9.938441702975687e-05,1.0347677909107256
CI,42,780,13,12.38095238095238,False,9.938441702975687e-05,1.042583100593405
CI,42,792,13,12.571428571428571,False,9.938441702975687e-05,1.0370821988216572
CI,42,804,13,12.761904761904765,False,9.938441702975687e-05,1.03725564898978
CI,42,816,13,12.952380952380953,False,9.938441702975687e-05,1.0321051051006815
CI,42,819,13,13.0,True,9.938441702975687e-05,1.033874891486236
CI,42,828,14,13.142857142857142,False,9.861849601988384e-05,1.0328323560002164
CI,42,840,14,13.333333333333334,False,9.861849601988384e-05,1.039553696636761
CI,42,852,14,13.523809523809524,False,9.861849601988384e-05,1.0337149237032033
CI,42,864,14,13.714285714285714,False,9.861849601988384e-05,1.0294456040523152
CI,42,876,14,13.904761904761903,False,9.861849601988384e-05,1.0282800153763294
CI,42,882,14,14.0,True,9.861849601988384e-05,1.0323995216556157
CI,42,888,15,14.095238095238097,False,9.755282581475769e-05,1.0300825768467308
CI,42,900,15,14.285714285714286,False,9.755282581475769e-05,1.0324361020873924
CI,42,912,15,14.476190476190476,False,9.755282581475769e-05,1.0309882971533495
CI,42,924,15,14.666666666666666,False,9.755282581475769e-05,1.0262539613797932
CI,42,936,15,14.857142857142858,False,9.755282581475769e-05,1.0290275750987263
CI,42,945,15,15.0,True,9.755282581475769e-05,1.0293775238042864
CI,42,948,16,15.047619047619047,False,9.619397662556436e-05,1.0320441922713322
CI,42,960,16,15.238095238095235,False,9.619397662556436e-05,1.0298806274943435
CI,42,972,16,15.428571428571429,False,9.619397662556436e-05,1.0286440534129953
CI,42,984,16,15.61904761904762,False,9.619397662556436e-05,1.0337039100198848
CI,42,996,16,15.80952380952381,False,9.619397662556436e-05,1.030957220153423
CI,42,1008,16,16.0,True,9.619397662556436e-05,1.032481548022769
CI,42,1020,17,16.19047619047619,False,9.45503262094184e-05,1.0287028317018625
CI,42,1032,17,16.38095238095238,False,9.45503262094184e-05,1.030697897353508
CI,42,1044,17,16.571428571428573,False,9.45503262094184e-05,1.028774123990042
CI,42,1056,17,16.761904761904763,False,9.45503262094184e-05,1.0316198006140056
CI,42,1068,17,16.952380952380953,False,9.45503262094184e-05,1.0301008534233829
CI,42,1071,17,17.0,True,9.45503262094184e-05,1.0252708111286566
CI,42,1080,18,17.142857142857142,False,9.26320082177046e-05,1.0308456239219548
CI,42,1092,18,17.333333333333332,False,9.26320082177046e-05,1.0315938451473126
CI,42,1104,18,17.523809523809526,False,9.26320082177046e-05,1.028763546762285
CI,42,1116,18,17.714285714285715,False,9.26320082177046e-05,1.026972633199691
CI,42,1128,18,17.904761904761905,False,9.26320082177046e-05,1.0360124121414953
CI,42,1134,18,18.0,True,9.26320082177046e-05,1.0333557344150448
CI,42,1140,19,18.09523809523809,False,9.045084971874738e-05,1.0331385841337928
CI,42,1152,19,18.285714285714285,False,9.045084971874738e-05,1.031362701009609
CI,42,1164,19,18.476190476190474,False,9.045084971874738e-05,1.030200433487664
CI,42,1176,19,18.666666666666668,False,9.045084971874738e-05,1.0291992726249837
CI,42,1188,19,18.857142857142858,False,9.045084971874738e-05,1.026769429037563
CI,42,1197,19,19.0,True,9.045084971874738e-05,1.028612117141181
CI,42,1200,20,19.047619047619047,False,8.802029828000156e-05,1.029173869547361
CI,42,1212,20,19.23809523809524,False,8.802029828000156e-05,1.036343218178898
CI,42,1224,20,19.428571428571427,False,8.802029828000156e-05,1.0290645647075922
CI,42,1236,20,19.61904761904762,False,8.802029828000156e-05,1.0300028759693678
CI,42,1248,20,19.80952380952381,False,8.802029828000156e-05,1.0372839640443543
CI,42,1260,20,20.0,True,8.802029828000156e-05,1.0331733778256134
CI,42,1272,21,20.19047619047619,False,8.535533905932738e-05,1.0332132248544856
CI,42,1284,21,20.38095238095238,False,8.535533905932738e-05,1.0365560857399494
CI,42,1296,21,20.571428571428573,False,8.535533905932738e-05,1.033162582370076
CI,42,1308,21,20.761904761904763,False,8.535533905932738e-05,1.0287667997201446
CI,42,1320,21,20.95238095238096,False,8.535533905932738e-05,1.0295024592088633
CI,42,1323,21,21.0,True,8.535533905932738e-05,1.03089384544192
CI,42,1332,22,21.142857142857142,False,8.247240241650918e-05,1.035153904051355
CI,42,1344,22,21.33333333333333,False,8.247240241650918e-05,1.0312872760328284
CI,42,1356,22,21.52380952380953,False,8.247240241650918e-05,1.0328759879171645
CI,42,1368,22,21.714285714285715,False,8.247240241650918e-05,1.0294237130780417
CI,42,1380,22,21.904761904761905,False,8.247240241650918e-05,1.0316414188035532
CI,42,1386,22,22.0,True,8.247240241650918e-05,1.0294026268187104
CI,42,1392,23,22.09523809523809,False,7.938926261462366e-05,1.0302290213269645
CI,42,1404,23,22.285714285714285,False,7.938926261462366e-05,1.0294653400272522
CI,42,1416,23,22.476190476190474,False,7.938926261462366e-05,1.038110419929172
CI,42,1428,23,22.666666666666668,False,7.938926261462366e-05,1.0327494089846123
CI,42,1440,23,22.857142857142858,False,7.938926261462366e-05,1.034267101365495
CI,42,1449,23,23.0,True,7.938926261462366e-05,1.0304588424587462
CI,42,1452,24,23.047619047619047,False,7.612492823579745e-05,1.0315393768571184
CI,42,1464,24,23.23809523809524,False,7.612492823579745e-05,1.0331246380146684
CI,42,1476,24,23.428571428571427,False,7.612492823579745e-05,1.0313130132717407
CI,42,1488,24,23.61904761904762,False,7.612492823579745e-05,1.0331228785531847
CI,42,1500,24,23.80952380952381,False,7.612492823579745e-05,1.033326198648821
CI,42,1512,24,24.0,True,7.612492823579745e-05,1.0304199228979427
CI,42,1524,25,24.19047619047619,False,7.269952498697734e-05,1.0356324366572045
CI,42,1536,25,24.38095238095238,False,7.269952498697734e-05,1.038023749402056
CI,42,1548,25,24.571428571428573,False,7.269952498697734e-05,1.0360024486793729
CI,42,1560,25,24.761904761904763,False,7.269952498697734e-05,1.033425730975775
CI,42,1572,25,24.95238095238096,False,7.269952498697734e-05,1.0313585205836808
CI,42,1575,25,25.0,True,7.269952498697734e-05,1.0356342097579243
CI,42,1584,26,25.142857142857142,False,6.91341716182545e-05,1.0319659166941633
CI,42,1596,26,25.33333333333333,False,6.91341716182545e-05,1.032144024661485
CI,42,1608,26,25.52380952380953,False,6.91341716182545e-05,1.0347884543537316
CI,42,1620,26,25.714285714285715,False,6.91341716182545e-05,1.034835264212739
CI,42,1632,26,25.904761904761905,False,6.91341716182545e-05,1.0379457193311403
CI,42,1638,26,26.0,True,6.91341716182545e-05,1.0319494404967038
CI,42,1644,27,26.09523809523809,False,6.545084971874738e-05,1.0320431079520458
CI,42,1656,27,26.285714285714285,False,6.545084971874738e-05,1.036826142618838
CI,42,1668,27,26.476190476190474,False,6.545084971874738e-05,1.0342773307927255
CI,42,1680,27,26.666666666666668,False,6.545084971874738e-05,1.0370890457182838
CI,42,1692,27,26.857142857142858,False,6.545084971874738e-05,1.0346737074586765
CI,42,1701,27,27.0,True,6.545084971874738e-05,1.034323472329154
CI,42,1704,28,27.047619047619047,False,6.167226819279528e-05,1.0368432394015497
CI,42,1716,28,27.23809523809524,False,6.167226819279528e-05,1.0331885105582963
CI,42,1728,28,27.428571428571427,False,6.167226819279528e-05,1.0326925470084465
CI,42,1740,28,27.61904761904762,False,6.167226819279528e-05,1.0359795961389395
CI,42,1752,28,27.80952380952381,False,6.167226819279528e-05,1.0355232886686534
CI,42,1764,28,28.0,True,6.167226819279528e-05,1.03328224620982
CI,42,1776,29,28.19047619047619,False,5.782172325201155e-05,1.0333416587231754
CI,42,1788,29,28.38095238095238,False,5.782172325201155e-05,1.0345802650507336
CI,42,1800,29,28.571428571428573,False,5.782172325201155e-05,1.0363937379101809
CI,42,1812,29,28.761904761904763,False,5.782172325201155e-05,1.035739225057874
CI,42,1824,29,28.95238095238096,False,5.782172325201155e-05,1.0328667268757117
CI,42,1827,29,29.0,True,5.782172325201155e-05,1.0372094187983156
CI,42,1836,30,29.142857142857142,False,5.392295478639225e-05,1.034440749302544
CI,42,1848,30,29.33333333333333,False,5.392295478639225e-05,1.0393519723317726
CI,42,1860,30,29.52380952380953,False,5.392295478639225e-05,1.0344676867942513
CI,42,1872,30,29.714285714285715,False,5.392295478639225e-05,1.0338207709965677
CI,42,1884,30,29.904761904761905,False,5.392295478639225e-05,1.0355064237529592
CI,42,1890,30,30.0,True,5.392295478639225e-05,1.037098149908519
CI,42,1896,31,30.09523809523809,False,5e-05,1.0329680323033854
CI,42,1908,31,30.285714285714285,False,5e-05,1.037155775681918
CI,42,1920,31,30.476190476190474,False,5e-05,1.0342394068961724
CI,42,1932,31,30.666666666666668,False,5e-05,1.036355247985321
CI,42,1944,31,30.857142857142858,False,5e-05,1.0362472320533838
CI,42,1953,31,31.0,True,5e-05,1.0340029639151636
CI,42,1956,32,31.047619047619047,False,4.607704521360776e-05,1.0337612698281762
CI,42,1968,32,31.23809523809524,False,4.607704521360776e-05,1.038121419973254
CI,42,1980,32,31.428571428571427,False,4.607704521360776e-05,1.036245117971756
CI,42,1992,32,31.61904761904762,False,4.607704521360776e-05,1.0353673444603315
CI,42,2004,32,31.80952380952381,False,4.607704521360776e-05,1.040861747135979
CI,42,2016,32,32.0,True,4.607704521360776e-05,1.034849728622843
CI,42,2028,33,32.19047619047619,False,4.2178276747988446e-05,1.0363868500958455
CI,42,2040,33,32.38095238095238,False,4.2178276747988446e-05,1.0386452484828803
CI,42,2052,33,32.57142857142857,False,4.2178276747988446e-05,1.036426697124718
CI,42,2064,33,32.76190476190476,False,4.2178276747988446e-05,1.0351694596003638
CI,42,2076,33,32.95238095238095,False,4.2178276747988446e-05,1.039087739406787
CI,42,2079,33,33.0,True,4.2178276747988446e-05,1.035627772038387
CI,42,2088,34,33.142857142857146,False,3.832773180720475e-05,1.034431917897035
CI,42,2100,34,33.333333333333336,False,3.832773180720475e-05,1.0370430814919274
CI,42,2112,34,33.523809523809526,False,3.832773180720475e-05,1.037708185211227
CI,42,2124,34,33.714285714285715,False,3.832773180720475e-05,1.0352376557819014
CI,42,2136,34,33.904761904761905,False,3.832773180720475e-05,1.0368828750222592
CI,42,2142,34,34.0,True,3.832773180720475e-05,1.0341103729010852
CI,42,2148,35,34.095238095238095,False,3.454915028125264e-05,1.0357864850116796
CI,42,2160,35,34.285714285714285,False,3.454915028125264e-05,1.036123169559931
CI,42,2172,35,34.476190476190474,False,3.454915028125264e-05,1.038290089589051
CI,42,2184,35,34.666666666666664,False,3.454915028125264e-05,1.036069519623915
CI,42,2196,35,34.857142857142854,False,3.454915028125264e-05,1.034600642069777
CI,42,2205,35,35.0,True,3.454915028125264e-05,1.0360667849570353
CI,123,12,1,0.1904761904761904,False,1e-05,1.2310883395877414
CI,123,24,1,0.3809523809523809,False,1e-05,1.192425530588115
CI,123,36,1,0.5714285714285714,False,1e-05,1.1695513787849423
CI,123,48,1,0.7619047619047619,False,1e-05,1.150506074315725
CI,123,60,1,0.9523809523809524,False,1e-05,1.1313854335247628
CI,123,63,1,1.0,True,1e-05,1.1271149954564976
CI,123,72,2,1.1428571428571428,False,2e-05,1.107532843826598
CI,123,84,2,1.3333333333333333,False,2e-05,1.0862395136095573
CI,123,96,2,1.5238095238095235,False,2e-05,1.065372198118964
CI,123,108,2,1.7142857142857142,False,2e-05,1.053407519049103
CI,123,120,2,1.9047619047619049,False,2e-05,1.040182813231063
CI,123,126,2,2.0,True,2e-05,1.036448785867918
CI,123,132,3,2.095238095238096,False,3.0000000000000004e-05,1.033858087947105
CI,123,144,3,2.2857142857142856,False,3.0000000000000004e-05,1.019897067957004
CI,123,156,3,2.4761904761904763,False,3.0000000000000004e-05,1.015595498331867
CI,123,168,3,2.6666666666666665,False,3.0000000000000004e-05,1.0144431874524265
CI,123,180,3,2.857142857142857,False,3.0000000000000004e-05,1.0047865263112872
CI,123,189,3,3.0,True,3.0000000000000004e-05,1.00338546304007
CI,123,192,4,3.0476190476190474,False,4e-05,1.002109423828466
CI,123,204,4,3.238095238095238,False,4e-05,1.0016562602021488
CI,123,216,4,3.4285714285714284,False,4e-05,1.00043413007205
CI,123,228,4,3.619047619047619,False,4e-05,0.995789758701178
CI,123,240,4,3.809523809523809,False,4e-05,0.996113445057228
CI,123,252,4,4.0,True,4e-05,0.996706485871497
CI,123,264,5,4.190476190476191,False,5e-05,0.9966861497701625
CI,123,276,5,4.380952380952381,False,5e-05,0.9914084541005872
CI,123,288,5,4.571428571428571,False,5e-05,0.9930500862217962
CI,123,300,5,4.761904761904762,False,5e-05,0.9974770822640172
CI,123,312,5,4.9523809523809526,False,5e-05,0.9941115120501016
CI,123,315,5,5.0,True,5e-05,0.9953851575757338
CI,123,324,6,5.142857142857143,False,6.000000000000001e-05,0.9951174330062535
CI,123,336,6,5.333333333333333,False,6.000000000000001e-05,0.9935480138216748
CI,123,348,6,5.523809523809524,False,6.000000000000001e-05,0.9948623247303576
CI,123,360,6,5.714285714285714,False,6.000000000000001e-05,0.9910497217268452
CI,123,372,6,5.904761904761905,False,6.000000000000001e-05,0.9943765906077382
CI,123,378,6,6.0,True,6.000000000000001e-05,0.9916256248406936
CI,123,384,7,6.095238095238095,False,7e-05,1.000900414643695
CI,123,396,7,6.285714285714286,False,7e-05,0.9943205879034596
CI,123,408,7,6.476190476190476,False,7e-05,0.9915786103931415
CI,123,420,7,6.666666666666667,False,7e-05,0.9930493428834176
CI,123,432,7,6.857142857142857,False,7e-05,0.9903470487311364
CI,123,441,7,7.0,True,7e-05,0.9939858878640913
CI,123,444,8,7.047619047619048,False,8e-05,0.9888556868959456
CI,123,456,8,7.238095238095238,False,8e-05,0.990768119234422
CI,123,468,8,7.428571428571429,False,8e-05,0.9907645389348914
CI,123,480,8,7.619047619047619,False,8e-05,0.9967091523421951
CI,123,492,8,7.809523809523809,False,8e-05,0.989140058153339
CI,123,504,8,8.0,True,8e-05,0.9907127984919588
CI,123,516,9,8.19047619047619,False,9e-05,0.9922312001131292
CI,123,528,9,8.380952380952381,False,9e-05,0.9902091628716856
CI,123,540,9,8.571428571428571,False,9e-05,0.9848905494931878
CI,123,552,9,8.761904761904763,False,9e-05,0.9853529468824852
CI,123,564,9,8.952380952380953,False,9e-05,0.9832119618612036
CI,123,567,9,9.0,True,9e-05,0.9878767716276824
CI,123,576,10,9.142857142857142,False,0.0001,0.9831625810061524
CI,123,588,10,9.333333333333334,False,0.0001,0.986810374297743
CI,123,600,10,9.523809523809524,False,0.0001,0.9874932022046244
CI,123,612,10,9.714285714285714,False,0.0001,0.993695099346015
CI,123,624,10,9.904761904761903,False,0.0001,0.9869546296805496
CI,123,630,10,10.0,True,0.0001,0.9814697335526086
CI,123,636,11,10.095238095238097,False,0.0001,0.9909294236626128
CI,123,648,11,10.285714285714286,False,0.0001,0.985526492525262
CI,123,660,11,10.476190476190476,False,0.0001,0.9826117331694006
CI,123,672,11,10.666666666666666,False,0.0001,0.9784955889618644
CI,123,684,11,10.857142857142858,False,0.0001,0.975762729281018
CI,123,693,11,11.0,True,0.0001,0.9785203646346168
CI,123,696,12,11.047619047619047,False,9.98458666866564e-05,0.9784791536821136
CI,123,708,12,11.238095238095235,False,9.98458666866564e-05,0.9766154202368732
CI,123,720,12,11.428571428571429,False,9.98458666866564e-05,0.9767243772761156
CI,123,732,12,11.61904761904762,False,9.98458666866564e-05,0.9783534817587762
CI,123,744,12,11.80952380952381,False,9.98458666866564e-05,0.9768206089078836
CI,123,756,12,12.0,True,9.98458666866564e-05,0.9770508664952268
CI,123,768,13,12.19047619047619,False,9.938441702975687e-05,0.9809279148902924
CI,123,780,13,12.38095238095238,False,9.938441702975687e-05,0.9837430123464548
CI,123,792,13,12.571428571428571,False,9.938441702975687e-05,0.9726806574133724
CI,123,804,13,12.761904761904765,False,9.938441702975687e-05,0.9743260676030384
CI,123,816,13,12.952380952380953,False,9.938441702975687e-05,0.9732920566397112
CI,123,819,13,13.0,True,9.938441702975687e-05,0.9752163073764482
CI,123,828,14,13.142857142857142,False,9.861849601988384e-05,0.9715031344056172
CI,123,840,14,13.333333333333334,False,9.861849601988384e-05,0.974069247602986
CI,123,852,14,13.523809523809524,False,9.861849601988384e-05,0.9743447192586888
CI,123,864,14,13.714285714285714,False,9.861849601988384e-05,0.970834852744258
CI,123,876,14,13.904761904761903,False,9.861849601988384e-05,0.9720737454957786
CI,123,882,14,14.0,True,9.861849601988384e-05,0.9717497454372936
CI,123,888,15,14.095238095238097,False,9.755282581475769e-05,0.9753086245473956
CI,123,900,15,14.285714285714286,False,9.755282581475769e-05,0.9724875258272578
CI,123,912,15,14.476190476190476,False,9.755282581475769e-05,0.972450270253284
CI,123,924,15,14.666666666666666,False,9.755282581475769e-05,0.9726666499176844
CI,123,936,15,14.857142857142858,False,9.755282581475769e-05,0.97006081244457
CI,123,945,15,15.0,True,9.755282581475769e-05,0.9742738156887444
CI,123,948,16,15.047619047619047,False,9.619397662556436e-05,0.9689766977466672
CI,123,960,16,15.238095238095235,False,9.619397662556436e-05,0.9756072897244394
CI,123,972,16,15.428571428571429,False,9.619397662556436e-05,0.9712494991672428
CI,123,984,16,15.61904761904762,False,9.619397662556436e-05,0.9671759775731674
CI,123,996,16,15.80952380952381,False,9.619397662556436e-05,0.9712265988894824
CI,123,1008,16,16.0,True,9.619397662556436e-05,0.9697274967876872
CI,123,1020,17,16.19047619047619,False,9.45503262094184e-05,0.9674861406264184
CI,123,1032,17,16.38095238095238,False,9.45503262094184e-05,0.9716263921841284
CI,123,1044,17,16.571428571428573,False,9.45503262094184e-05,0.9710321647563008
CI,123,1056,17,16.761904761904763,False,9.45503262094184e-05,0.9756127726974352
CI,123,1068,17,16.952380952380953,False,9.45503262094184e-05,0.968989068533998
CI,123,1071,17,17.0,True,9.45503262094184e-05,0.9663188811439848
CI,123,1080,18,17.142857142857142,False,9.26320082177046e-05,0.9706387682634828
CI,123,1092,18,17.333333333333332,False,9.26320082177046e-05,0.9672544304604084
CI,123,1104,18,17.523809523809526,False,9.26320082177046e-05,0.9658716505854616
CI,123,1116,18,17.714285714285715,False,9.26320082177046e-05,0.9771297217399388
CI,123,1128,18,17.904761904761905,False,9.26320082177046e-05,0.973928286095748
CI,123,1134,18,18.0,True,9.26320082177046e-05,0.9711071259990468
CI,123,1140,19,18.09523809523809,False,9.045084971874738e-05,0.9755644829812884
CI,123,1152,19,18.285714285714285,False,9.045084971874738e-05,0.975058890130605
CI,123,1164,19,18.476190476190474,False,9.045084971874738e-05,0.9703700889474612
CI,123,1176,19,18.666666666666668,False,9.045084971874738e-05,0.9700441793958932
CI,123,1188,19,18.857142857142858,False,9.045084971874738e-05,0.9750387040608698
CI,123,1197,19,19.0,True,9.045084971874738e-05,0.9731276083675514
CI,123,1200,20,19.047619047619047,False,8.802029828000156e-05,0.9719437090168228
CI,123,1212,20,19.23809523809524,False,8.802029828000156e-05,0.9697352302346736
CI,123,1224,20,19.428571428571427,False,8.802029828000156e-05,0.9679665213487874
CI,123,1236,20,19.61904761904762,False,8.802029828000156e-05,0.966960402623709
CI,123,1248,20,19.80952380952381,False,8.802029828000156e-05,0.9703475773879356
CI,123,1260,20,20.0,True,8.802029828000156e-05,0.9680793928488504
CI,123,1272,21,20.19047619047619,False,8.535533905932738e-05,0.96850100210197
CI,123,1284,21,20.38095238095238,False,8.535533905932738e-05,0.9715665704936836
CI,123,1296,21,20.571428571428573,False,8.535533905932738e-05,0.9732588928366296
CI,123,1308,21,20.761904761904763,False,8.535533905932738e-05,0.9706759420020392
CI,123,1320,21,20.95238095238096,False,8.535533905932738e-05,0.971793097749897
CI,123,1323,21,21.0,True,8.535533905932738e-05,0.9699949622116776
CI,123,1332,22,21.142857142857142,False,8.247240241650918e-05,0.9715407923370624
CI,123,1344,22,21.33333333333333,False,8.247240241650918e-05,0.9714877152489716
CI,123,1356,22,21.52380952380953,False,8.247240241650918e-05,0.9709713814996962
CI,123,1368,22,21.714285714285715,False,8.247240241650918e-05,0.9695800839216754
CI,123,1380,22,21.904761904761905,False,8.247240241650918e-05,0.976323083665476
CI,123,1386,22,22.0,True,8.247240241650918e-05,0.9736674629798392
CI,123,1392,23,22.09523809523809,False,7.938926261462366e-05,0.9742947655557128
CI,123,1404,23,22.285714285714285,False,7.938926261462366e-05,0.9755225627884972
CI,123,1416,23,22.476190476190474,False,7.938926261462366e-05,0.9734568390731604
CI,123,1428,23,22.666666666666668,False,7.938926261462366e-05,0.970886388598646
CI,123,1440,23,22.857142857142858,False,7.938926261462366e-05,0.9735552939004464
CI,123,1449,23,23.0,True,7.938926261462366e-05,0.9713905766079896
CI,123,1452,24,23.047619047619047,False,7.612492823579745e-05,0.9726216949948148
CI,123,1464,24,23.23809523809524,False,7.612492823579745e-05,0.9758126557055216
CI,123,1476,24,23.428571428571427,False,7.612492823579745e-05,0.9727752182386924
CI,123,1488,24,23.61904761904762,False,7.612492823579745e-05,0.975556306259122
CI,123,1500,24,23.80952380952381,False,7.612492823579745e-05,0.9716537661313976
CI,123,1512,24,24.0,True,7.612492823579745e-05,0.9727771618298662
CI,123,1524,25,24.19047619047619,False,7.269952498697734e-05,0.9722406147323828
CI,123,1536,25,24.38095238095238,False,7.269952498697734e-05,0.9755985060562574
CI,123,1548,25,24.571428571428573,False,7.269952498697734e-05,0.9775093221452316
CI,123,1560,25,24.761904761904763,False,7.269952498697734e-05,0.973564336714118
CI,123,1572,25,24.95238095238096,False,7.269952498697734e-05,0.97600462795655
CI,123,1575,25,25.0,True,7.269952498697734e-05,0.974708900507336
CI,123,1584,26,25.142857142857142,False,6.91341716182545e-05,0.9736498138080574
CI,123,1596,26,25.33333333333333,False,6.91341716182545e-05,0.9744801977929316
CI,123,1608,26,25.52380952380953,False,6.91341716182545e-05,0.974980389506037
CI,123,1620,26,25.714285714285715,False,6.91341716182545e-05,0.9717258904129916
CI,123,1632,26,25.904761904761905,False,6.91341716182545e-05,0.977673279404884
CI,123,1638,26,26.0,True,6.91341716182545e-05,0.9744720483492376
CI,123,1644,27,26.09523809523809,False,6.545084971874738e-05,0.9780670714355548
CI,123,1656,27,26.285714285714285,False,6.545084971874738e-05,0.9766072707931794
CI,123,1668,27,26.476190476190474,False,6.545084971874738e-05,0.9756375483701876
CI,123,1680,27,26.666666666666668,False,6.545084971874738e-05,0.9757369920421056
CI,123,1692,27,26.857142857142858,False,6.545084971874738e-05,0.9759217013998004
CI,123,1701,27,27.0,True,6.545084971874738e-05,0.9707229973673
CI,123,1704,28,27.047619047619047,False,6.167226819279528e-05,0.9707178008182668
CI,123,1716,28,27.23809523809524,False,6.167226819279528e-05,0.9766303347417754
CI,123,1728,28,27.428571428571427,False,6.167226819279528e-05,0.974194592184652
CI,123,1740,28,27.61904761904762,False,6.167226819279528e-05,0.9742969410139036
CI,123,1752,28,27.80952380952381,False,6.167226819279528e-05,0.9758540644269512
CI,123,1764,28,28.0,True,6.167226819279528e-05,0.9756502328599536
CI,123,1776,29,28.19047619047619,False,5.782172325201155e-05,0.9799995125336944
CI,123,1788,29,28.38095238095238,False,5.782172325201155e-05,0.976248613435237
CI,123,1800,29,28.571428571428573,False,5.782172325201155e-05,0.9733463885375422
CI,123,1812,29,28.761904761904763,False,5.782172325201155e-05,0.9743229987748692
CI,123,1824,29,28.95238095238096,False,5.782172325201155e-05,0.9771218109828804
CI,123,1827,29,29.0,True,5.782172325201155e-05,0.9761603607567092
CI,123,1836,30,29.142857142857142,False,5.392295478639225e-05,0.9772906033518042
CI,123,1848,30,29.33333333333333,False,5.392295478639225e-05,0.9773665466195643
CI,123,1860,30,29.52380952380953,False,5.392295478639225e-05,0.9772828971832904
CI,123,1872,30,29.714285714285715,False,5.392295478639225e-05,0.9808631012393592
CI,123,1884,30,29.904761904761905,False,5.392295478639225e-05,0.979088391089498
CI,123,1890,30,30.0,True,5.392295478639225e-05,0.9828395084157362
CI,123,1896,31,30.09523809523809,False,5e-05,0.9763261934113542
CI,123,1908,31,30.285714285714285,False,5e-05,0.9809390581463556
CI,123,1920,31,30.476190476190474,False,5e-05,0.9800420396725013
CI,123,1932,31,30.666666666666668,False,5e-05,0.980152647059337
CI,123,1944,31,30.857142857142858,False,5e-05,0.9780810243742972
CI,123,1953,31,31.0,True,5e-05,0.9807191391001334
CI,123,1956,32,31.047619047619047,False,4.607704521360776e-05,0.9802004730414492
CI,123,1968,32,31.23809523809524,False,4.607704521360776e-05,0.980343671383442
CI,123,1980,32,31.428571428571427,False,4.607704521360776e-05,0.9792864259810647
CI,123,1992,32,31.61904761904762,False,4.607704521360776e-05,0.9786881681589082
CI,123,2004,32,31.80952380952381,False,4.607704521360776e-05,0.977581821505824
CI,123,2016,32,32.0,True,4.607704521360776e-05,0.981673203679844
CI,123,2028,33,32.19047619047619,False,4.2178276747988446e-05,0.9840405932042124
CI,123,2040,33,32.38095238095238,False,4.2178276747988446e-05,0.9788165747491252
CI,123,2052,33,32.57142857142857,False,4.2178276747988446e-05,0.9795896466630354
CI,123,2064,33,32.76190476190476,False,4.2178276747988446e-05,0.9821894146759927
CI,123,2076,33,32.95238095238095,False,4.2178276747988446e-05,0.9807296072139994
CI,123,2079,33,33.0,True,4.2178276747988446e-05,0.981551309824964
CI,123,2088,34,33.142857142857146,False,3.832773180720475e-05,0.9830408371828714
CI,123,2100,34,33.333333333333336,False,3.832773180720475e-05,0.9811061524303591
CI,123,2112,34,33.523809523809526,False,3.832773180720475e-05,0.9828949928290353
CI,123,2124,34,33.714285714285715,False,3.832773180720475e-05,0.9873765526361044
CI,123,2136,34,33.904761904761905,False,3.832773180720475e-05,0.9817711606750048
CI,123,2142,34,34.0,True,3.832773180720475e-05,0.9824655682935112
CI,123,2148,35,34.095238095238095,False,3.454915028125264e-05,0.9823661450804476
CI,123,2160,35,34.285714285714285,False,3.454915028125264e-05,0.9812449862167334
CI,123,2172,35,34.476190476190474,False,3.454915028125264e-05,0.9833588973539444
CI,123,2184,35,34.666666666666664,False,3.454915028125264e-05,0.9815827891823616
CI,123,2196,35,34.857142857142854,False,3.454915028125264e-05,0.9815318807328438
CI,123,2205,35,35.0,True,3.454915028125264e-05,0.9844444237128052
CI,456,12,1,0.1904761904761904,False,1e-05,1.2175663325162884
CI,456,24,1,0.3809523809523809,False,1e-05,1.1812439960081775
CI,456,36,1,0.5714285714285714,False,1e-05,1.158024553298644
CI,456,48,1,0.7619047619047619,False,1e-05,1.138996366070992
CI,456,60,1,0.9523809523809524,False,1e-05,1.1232233326197285
CI,456,63,1,1.0,True,1e-05,1.1197722784922557
CI,456,72,2,1.1428571428571428,False,2e-05,1.0991139911176928
CI,456,84,2,1.3333333333333333,False,2e-05,1.073231896696206
CI,456,96,2,1.5238095238095235,False,2e-05,1.056042435374025
CI,456,108,2,1.7142857142857142,False,2e-05,1.0357420279209353
CI,456,120,2,1.9047619047619049,False,2e-05,1.0315352509881357
CI,456,126,2,2.0,True,2e-05,1.0224225498694124
CI,456,132,3,2.095238095238096,False,3.0000000000000004e-05,1.0109991575316517
CI,456,144,3,2.2857142857142856,False,3.0000000000000004e-05,1.0173906127792445
CI,456,156,3,2.4761904761904763,False,3.0000000000000004e-05,0.9929627814701918
CI,456,168,3,2.6666666666666665,False,3.0000000000000004e-05,0.9927936958576876
CI,456,180,3,2.857142857142857,False,3.0000000000000004e-05,0.9914208180683
CI,456,189,3,3.0,True,3.0000000000000004e-05,0.981366982365886
CI,456,192,4,3.0476190476190474,False,4e-05,0.9856362406402104
CI,456,204,4,3.238095238095238,False,4e-05,0.978611870271004
CI,456,216,4,3.4285714285714284,False,4e-05,0.9905744966358004
CI,456,228,4,3.619047619047619,False,4e-05,0.9779581280355484
CI,456,240,4,3.809523809523809,False,4e-05,0.9775037846152906
CI,456,252,4,4.0,True,4e-05,0.9817337687086676
CI,456,264,5,4.190476190476191,False,5e-05,0.9748213901087822
CI,456,276,5,4.380952380952381,False,5e-05,0.9838355886628922
CI,456,288,5,4.571428571428571,False,5e-05,0.9833426052861752
CI,456,300,5,4.761904761904762,False,5e-05,0.9949468334385192
CI,456,312,5,4.9523809523809526,False,5e-05,0.9724166358965496
CI,456,315,5,5.0,True,5e-05,0.9818796676194492
CI,456,324,6,5.142857142857143,False,6.000000000000001e-05,0.977686577660284
CI,456,336,6,5.333333333333333,False,6.000000000000001e-05,0.9729350359901257
CI,456,348,6,5.523809523809524,False,6.000000000000001e-05,0.9756847810455206
CI,456,360,6,5.714285714285714,False,6.000000000000001e-05,0.975034585011505
CI,456,372,6,5.904761904761905,False,6.000000000000001e-05,0.9721136607208324
CI,456,378,6,6.0,True,6.000000000000001e-05,0.9936016023811268
CI,456,384,7,6.095238095238095,False,7e-05,0.9692718440007436
CI,456,396,7,6.285714285714286,False,7e-05,0.994901005604526
CI,456,408,7,6.476190476190476,False,7e-05,0.990225461759073
CI,456,420,7,6.666666666666667,False,7e-05,1.0014083739018778
CI,456,432,7,6.857142857142857,False,7e-05,0.981139186660696
CI,456,441,7,7.0,True,7e-05,0.9714081916816808
CI,456,444,8,7.047619047619048,False,8e-05,0.9859626889416128
CI,456,456,8,7.238095238095238,False,8e-05,0.9922252806845718
CI,456,468,8,7.428571428571429,False,8e-05,0.9854505219790292
CI,456,480,8,7.619047619047619,False,8e-05,0.9798687940929232
CI,456,492,8,7.809523809523809,False,8e-05,0.9793170187881026
CI,456,504,8,8.0,True,8e-05,0.9853870586124904
CI,456,516,9,8.19047619047619,False,9e-05,0.977334146613716
CI,456,528,9,8.380952380952381,False,9e-05,0.9940530065459604
CI,456,540,9,8.571428571428571,False,9e-05,0.9792866851265548
CI,456,552,9,8.761904761904763,False,9e-05,0.9760838991979692
CI,456,564,9,8.952380952380953,False,9e-05,0.9991202897170196
CI,456,567,9,9.0,True,9e-05,0.9823238361694216
CI,456,576,10,9.142857142857142,False,0.0001,0.9982586514221468
CI,456,588,10,9.333333333333334,False,0.0001,0.9950117289248704
CI,456,600,10,9.523809523809524,False,0.0001,0.9744598275935062
CI,456,612,10,9.714285714285714,False,0.0001,0.9765266356281294
CI,456,624,10,9.904761904761903,False,0.0001,0.9691005897496664
CI,456,630,10,10.0,True,0.0001,0.9817898191502734
CI,456,636,11,10.095238095238097,False,0.0001,0.9746216230342042
CI,456,648,11,10.285714285714286,False,0.0001,0.967908493217917
CI,456,660,11,10.476190476190476,False,0.0001,0.9820698122128122
CI,456,672,11,10.666666666666666,False,0.0001,0.9836639525131984
CI,456,684,11,10.857142857142858,False,0.0001,0.979900771282446
CI,456,693,11,11.0,True,0.0001,0.9678566368414758
CI,456,696,12,11.047619047619047,False,9.98458666866564e-05,0.9652419338647616
CI,456,708,12,11.238095238095235,False,9.98458666866564e-05,0.956348258422283
CI,456,720,12,11.428571428571429,False,9.98458666866564e-05,0.9752623602578404
CI,456,732,12,11.61904761904762,False,9.98458666866564e-05,0.9712656412034129
CI,456,744,12,11.80952380952381,False,9.98458666866564e-05,0.9775786503833824
CI,456,756,12,12.0,True,9.98458666866564e-05,0.9727581555540716
CI,456,768,13,12.19047619047619,False,9.938441702975687e-05,0.9679548666213624
CI,456,780,13,12.38095238095238,False,9.938441702975687e-05,0.9670510762666812
CI,456,792,13,12.571428571428571,False,9.938441702975687e-05,0.9552702813807183
CI,456,804,13,12.761904761904765,False,9.938441702975687e-05,0.9600409248013254
CI,456,816,13,12.952380952380953,False,9.938441702975687e-05,0.9859850845676296
CI,456,819,13,13.0,True,9.938441702975687e-05,0.9561107379416056
CI,456,828,14,13.142857142857142,False,9.861849601988384e-05,0.958460832914336
CI,456,840,14,13.333333333333334,False,9.861849601988384e-05,0.9660112413494508
CI,456,852,14,13.523809523809524,False,9.861849601988384e-05,0.9572513599955308
CI,456,864,14,13.714285714285714,False,9.861849601988384e-05,0.956601389008914
CI,456,876,14,13.904761904761903,False,9.861849601988384e-05,0.9515490953585568
CI,456,882,14,14.0,True,9.861849601988384e-05,0.9740955304113508
CI,456,888,15,14.095238095238097,False,9.755282581475769e-05,0.9600128143352956
CI,456,900,15,14.285714285714286,False,9.755282581475769e-05,0.9558927215688482
CI,456,912,15,14.476190476190476,False,9.755282581475769e-05,0.9623284565971132
CI,456,924,15,14.666666666666666,False,9.755282581475769e-05,0.9602610143380016
CI,456,936,15,14.857142857142858,False,9.755282581475769e-05,0.9658432741543236
CI,456,945,15,15.0,True,9.755282581475769e-05,0.9648439068512176
CI,456,948,16,15.047619047619047,False,9.619397662556436e-05,0.9633277284255652
CI,456,960,16,15.238095238095235,False,9.619397662556436e-05,0.9527882949928944
CI,456,972,16,15.428571428571429,False,9.619397662556436e-05,0.9580405534867562
CI,456,984,16,15.61904761904762,False,9.619397662556436e-05,0.9706216851200078
CI,456,996,16,15.80952380952381,False,9.619397662556436e-05,0.9628454450297314
CI,456,1008,16,16.0,True,9.619397662556436e-05,0.9625998773996328
CI,456,1020,17,16.19047619047619,False,9.45503262094184e-05,0.9680759830397732
CI,456,1032,17,16.38095238095238,False,9.45503262094184e-05,0.9581879458939132
CI,456,1044,17,16.571428571428573,False,9.45503262094184e-05,0.9490996453689446
CI,456,1056,17,16.761904761904763,False,9.45503262094184e-05,0.9560984285308382
CI,456,1068,17,16.952380952380953,False,9.45503262094184e-05,0.9610749562235072
CI,456,1071,17,17.0,True,9.45503262094184e-05,0.9781116103617168
CI,456,1080,18,17.142857142857142,False,9.26320082177046e-05,0.9593491700142808
CI,456,1092,18,17.333333333333332,False,9.26320082177046e-05,0.9574236917462762
CI,456,1104,18,17.523809523809526,False,9.26320082177046e-05,0.9585111548766926
CI,456,1116,18,17.714285714285715,False,9.26320082177046e-05,0.9529018348155364
CI,456,1128,18,17.904761904761905,False,9.26320082177046e-05,0.961297909999808
CI,456,1134,18,18.0,True,9.26320082177046e-05,0.9669318420628812
CI,456,1140,19,18.09523809523809,False,9.045084971874738e-05,0.96572246461873
CI,456,1152,19,18.285714285714285,False,9.045084971874738e-05,0.95155100485164
CI,456,1164,19,18.476190476190474,False,9.045084971874738e-05,0.9638471855599552
CI,456,1176,19,18.666666666666668,False,9.045084971874738e-05,0.9538044521958952
CI,456,1188,19,18.857142857142858,False,9.045084971874738e-05,0.9602305647429452
CI,456,1197,19,19.0,True,9.045084971874738e-05,0.9559362989288508
CI,456,1200,20,19.047619047619047,False,8.802029828000156e-05,0.9758391158239582
CI,456,1212,20,19.23809523809524,False,8.802029828000156e-05,0.979882133266032
CI,456,1224,20,19.428571428571427,False,8.802029828000156e-05,0.9653571581330876
CI,456,1236,20,19.61904761904762,False,8.802029828000156e-05,0.9549658468067164
CI,456,1248,20,19.80952380952381,False,8.802029828000156e-05,0.95336299103433
CI,456,1260,20,20.0,True,8.802029828000156e-05,0.9534063501665514
CI,456,1272,21,20.19047619047619,False,8.535533905932738e-05,0.963891942713898
CI,456,1284,21,20.38095238095238,False,8.535533905932738e-05,0.967908452300208
CI,456,1296,21,20.571428571428573,False,8.535533905932738e-05,0.9566763979889874
CI,456,1308,21,20.761904761904763,False,8.535533905932738e-05,0.9599080377219812
CI,456,1320,21,20.95238095238096,False,8.535533905932738e-05,0.95694485225761
CI,456,1323,21,21.0,True,8.535533905932738e-05,0.9539025796815096
CI,456,1332,22,21.142857142857142,False,8.247240241650918e-05,0.9718141771896104
CI,456,1344,22,21.33333333333333,False,8.247240241650918e-05,0.9528146596366768
CI,456,1356,22,21.52380952380953,False,8.247240241650918e-05,0.9567742049525484
CI,456,1368,22,21.714285714285715,False,8.247240241650918e-05,0.9524145185415052
CI,456,1380,22,21.904761904761905,False,8.247240241650918e-05,0.9481692789623182
CI,456,1386,22,22.0,True,8.247240241650918e-05,0.9885109688375092
CI,456,1392,23,22.09523809523809,False,7.938926261462366e-05,0.9507747549956704
CI,456,1404,23,22.285714285714285,False,7.938926261462366e-05,0.9532744178337488
CI,456,1416,23,22.476190476190474,False,7.938926261462366e-05,0.9562204519584634
CI,456,1428,23,22.666666666666668,False,7.938926261462366e-05,0.966707326594023
CI,456,1440,23,22.857142857142858,False,7.938926261462366e-05,0.9584418266385416
CI,456,1449,23,23.0,True,7.938926261462366e-05,0.9610716759871752
CI,456,1452,24,23.047619047619047,False,7.612492823579745e-05,0.9579766468450374
CI,456,1464,24,23.23809523809524,False,7.612492823579745e-05,0.9756678206551722
CI,456,1476,24,23.428571428571427,False,7.612492823579745e-05,0.9670529175635828
CI,456,1488,24,23.61904761904762,False,7.612492823579745e-05,0.9672897424432084
CI,456,1500,24,23.80952380952381,False,7.612492823579745e-05,0.9741210835205728
CI,456,1512,24,24.0,True,7.612492823579745e-05,0.960546933648716
CI,456,1524,25,24.19047619047619,False,7.269952498697734e-05,0.9584594007945236
CI,456,1536,25,24.38095238095238,False,7.269952498697734e-05,0.9717044904512252
CI,456,1548,25,24.571428571428573,False,7.269952498697734e-05,0.9760504489709252
CI,456,1560,25,24.761904761904763,False,7.269952498697734e-05,0.960033941512336
CI,456,1572,25,24.95238095238096,False,7.269952498697734e-05,0.953431746424556
CI,456,1575,25,25.0,True,7.269952498697734e-05,0.9684603503581556
CI,456,1584,26,25.142857142857142,False,6.91341716182545e-05,0.9613886177408713
CI,456,1596,26,25.33333333333333,False,6.91341716182545e-05,0.9691176183361964
CI,456,1608,26,25.52380952380953,False,6.91341716182545e-05,0.9638641391306852
CI,456,1620,26,25.714285714285715,False,6.91341716182545e-05,0.9589882553627296
CI,456,1632,26,25.904761904761905,False,6.91341716182545e-05,0.95348444161403
CI,456,1638,26,26.0,True,6.91341716182545e-05,0.964507331416857
CI,456,1644,27,26.09523809523809,False,6.545084971874738e-05,0.9568003240900774
CI,456,1656,27,26.285714285714285,False,6.545084971874738e-05,0.956704010622892
CI,456,1668,27,26.476190476190474,False,6.545084971874738e-05,0.9559293974752792
CI,456,1680,27,26.666666666666668,False,6.545084971874738e-05,0.9594502640337922
CI,456,1692,27,26.857142857142858,False,6.545084971874738e-05,0.9555206295631428
CI,456,1701,27,27.0,True,6.545084971874738e-05,0.9690645139696332
CI,456,1704,28,27.047619047619047,False,6.167226819279528e-05,0.955550922306982
CI,456,1716,28,27.23809523809524,False,6.167226819279528e-05,0.9594989697466464
CI,456,1728,28,27.428571428571427,False,6.167226819279528e-05,0.9546928165743128
CI,456,1740,28,27.61904761904762,False,6.167226819279528e-05,0.9613506392873729
CI,456,1752,28,27.80952380952381,False,6.167226819279528e-05,0.9610193967944084
CI,456,1764,28,28.0,True,6.167226819279528e-05,0.9621625830247592
CI,456,1776,29,28.19047619047619,False,5.782172325201155e-05,0.9577909827408012
CI,456,1788,29,28.38095238095238,False,5.782172325201155e-05,0.9673902977128856
CI,456,1800,29,28.571428571428573,False,5.782172325201155e-05,0.9611265261759858
CI,456,1812,29,28.761904761904763,False,5.782172325201155e-05,0.9670164598849328
CI,456,1824,29,28.95238095238096,False,5.782172325201155e-05,0.9741117611025566
CI,456,1827,29,29.0,True,5.782172325201155e-05,0.9664139125229576
CI,456,1836,30,29.142857142857142,False,5.392295478639225e-05,0.9623743867253788
CI,456,1848,30,29.33333333333333,False,5.392295478639225e-05,0.9633596237796702
CI,456,1860,30,29.52380952380953,False,5.392295478639225e-05,0.9620039791653572
CI,456,1872,30,29.714285714285715,False,5.392295478639225e-05,0.9639285981614746
CI,456,1884,30,29.904761904761905,False,5.392295478639225e-05,0.9657143901908358
CI,456,1890,30,30.0,True,5.392295478639225e-05,0.9553822185930942
CI,456,1896,31,30.09523809523809,False,5e-05,0.973648688571062
CI,456,1908,31,30.285714285714285,False,5e-05,0.9588105702117332
CI,456,1920,31,30.476190476190474,False,5e-05,0.9593247080439632
CI,456,1932,31,30.666666666666668,False,5e-05,0.9598906681545436
CI,456,1944,31,30.857142857142858,False,5e-05,0.9665991197127772
CI,456,1953,31,31.0,True,5e-05,0.9638363287278544
CI,456,1956,32,31.047619047619047,False,4.607704521360776e-05,0.9679781556173576
CI,456,1968,32,31.23809523809524,False,4.607704521360776e-05,0.964085312986648
CI,456,1980,32,31.428571428571427,False,4.607704521360776e-05,0.96081021182716
CI,456,1992,32,31.61904761904762,False,4.607704521360776e-05,0.9610916983860748
CI,456,2004,32,31.80952380952381,False,4.607704521360776e-05,0.9644126001010832
CI,456,2016,32,32.0,True,4.607704521360776e-05,0.9598644944600696
CI,456,2028,33,32.19047619047619,False,4.2178276747988446e-05,0.9672990716808428
CI,456,2040,33,32.38095238095238,False,4.2178276747988446e-05,0.9662852399676324
CI,456,2052,33,32.57142857142857,False,4.2178276747988446e-05,0.9608863801423194
CI,456,2064,33,32.76190476190476,False,4.2178276747988446e-05,0.961466320470115
CI,456,2076,33,32.95238095238095,False,4.2178276747988446e-05,0.9680781584979644
CI,456,2079,33,33.0,True,4.2178276747988446e-05,0.96220856770997
CI,456,2088,34,33.142857142857146,False,3.832773180720475e-05,0.9644960313095762
CI,456,2100,34,33.333333333333336,False,3.832773180720475e-05,0.96112928130172
CI,456,2112,34,33.523809523809526,False,3.832773180720475e-05,0.9701157785668896
CI,456,2124,34,33.714285714285715,False,3.832773180720475e-05,0.9690630545713482
CI,456,2136,34,33.904761904761905,False,3.832773180720475e-05,0.9592731312718664
CI,456,2142,34,34.0,True,3.832773180720475e-05,0.9732420756582624
CI,456,2148,35,34.095238095238095,False,3.454915028125264e-05,0.9610203106232412
CI,456,2160,35,34.285714285714285,False,3.454915028125264e-05,0.9656616336247984
CI,456,2172,35,34.476190476190474,False,3.454915028125264e-05,0.9745402104326846
CI,456,2184,35,34.666666666666664,False,3.454915028125264e-05,0.9664179838349952
CI,456,2196,35,34.857142857142854,False,3.454915028125264e-05,0.9585249918819264
CI,456,2205,35,35.0,True,3.454915028125264e-05,0.970373055481358
CI,789,12,1,0.1904761904761904,False,1e-05,1.384923526438732
CI,789,24,1,0.3809523809523809,False,1e-05,1.3383026936073226
CI,789,36,1,0.5714285714285714,False,1e-05,1.3087229408463048
CI,789,48,1,0.7619047619047619,False,1e-05,1.2866067009458866
CI,789,60,1,0.9523809523809524,False,1e-05,1.2678935050611386
CI,789,63,1,1.0,True,1e-05,1.2637621394658831
CI,789,72,2,1.1428571428571428,False,2e-05,1.2417126227094812
CI,789,84,2,1.3333333333333333,False,2e-05,1.218084309793539
CI,789,96,2,1.5238095238095235,False,2e-05,1.199644000929214
CI,789,108,2,1.7142857142857142,False,2e-05,1.1847727255864218
CI,789,120,2,1.9047619047619049,False,2e-05,1.173294339847869
CI,789,126,2,2.0,True,2e-05,1.1693958301144736
CI,789,132,3,2.095238095238096,False,3.0000000000000004e-05,1.1625108254618572
CI,789,144,3,2.2857142857142856,False,3.0000000000000004e-05,1.1522156230141272
CI,789,156,3,2.4761904761904763,False,3.0000000000000004e-05,1.1457476107331406
CI,789,168,3,2.6666666666666665,False,3.0000000000000004e-05,1.141631718851476
CI,789,180,3,2.857142857142857,False,3.0000000000000004e-05,1.136171352890034
CI,789,189,3,3.0,True,3.0000000000000004e-05,1.13321087481407
CI,789,192,4,3.0476190476190474,False,4e-05,1.1345596316140476
CI,789,204,4,3.238095238095238,False,4e-05,1.1304682903577363
CI,789,216,4,3.4285714285714284,False,4e-05,1.127227901054651
CI,789,228,4,3.619047619047619,False,4e-05,1.1260410760877346
CI,789,240,4,3.809523809523809,False,4e-05,1.1272531404614383
CI,789,252,4,4.0,True,4e-05,1.1278127378682812
CI,789,264,5,4.190476190476191,False,5e-05,1.1235141143181866
CI,789,276,5,4.380952380952381,False,5e-05,1.1249266822852289
CI,789,288,5,4.571428571428571,False,5e-05,1.1221724771995614
CI,789,300,5,4.761904761904762,False,5e-05,1.124247414219024
CI,789,312,5,4.9523809523809526,False,5e-05,1.1236613089564174
CI,789,315,5,5.0,True,5e-05,1.1225501476529165
CI,789,324,6,5.142857142857143,False,6.000000000000001e-05,1.1262302932130288
CI,789,336,6,5.333333333333333,False,6.000000000000001e-05,1.125907725274356
CI,789,348,6,5.523809523809524,False,6.000000000000001e-05,1.124520717236154
CI,789,360,6,5.714285714285714,False,6.000000000000001e-05,1.1253434837075504
CI,789,372,6,5.904761904761905,False,6.000000000000001e-05,1.1265787893399222
CI,789,378,6,6.0,True,6.000000000000001e-05,1.129155861663664
CI,789,384,7,6.095238095238095,False,7e-05,1.125895797762205
CI,789,396,7,6.285714285714286,False,7e-05,1.1264839830083486
CI,789,408,7,6.476190476190476,False,7e-05,1.1266758870631952
CI,789,420,7,6.666666666666667,False,7e-05,1.1266737661619497
CI,789,432,7,6.857142857142857,False,7e-05,1.1256679406804515
CI,789,441,7,7.0,True,7e-05,1.1273108617094918
CI,789,444,8,7.047619047619048,False,8e-05,1.1266397771850711
CI,789,456,8,7.238095238095238,False,8e-05,1.129074258112836
CI,789,468,8,7.428571428571429,False,8e-05,1.1251548121517083
CI,789,480,8,7.619047619047619,False,8e-05,1.1270492543374957
CI,789,492,8,7.809523809523809,False,8e-05,1.128317594200204
CI,789,504,8,8.0,True,8e-05,1.1312178141301614
CI,789,516,9,8.19047619047619,False,9e-05,1.1324198673044157
CI,789,528,9,8.380952380952381,False,9e-05,1.13024491376511
CI,789,540,9,8.571428571428571,False,9e-05,1.1299306316624942
CI,789,552,9,8.761904761904763,False,9e-05,1.1287210837278892
CI,789,564,9,8.952380952380953,False,9e-05,1.1285611295840927
CI,789,567,9,9.0,True,9e-05,1.1279360024664105
CI,789,576,10,9.142857142857142,False,0.0001,1.1293767218171915
CI,789,588,10,9.333333333333334,False,0.0001,1.126921495611003
CI,789,600,10,9.523809523809524,False,0.0001,1.1241071346736011
CI,789,612,10,9.714285714285714,False,0.0001,1.1251588084479465
CI,789,624,10,9.904761904761903,False,0.0001,1.123755324212285
CI,789,630,10,10.0,True,0.0001,1.1244016194247166
CI,789,636,11,10.095238095238097,False,0.0001,1.1229084094730062
CI,789,648,11,10.285714285714286,False,0.0001,1.1222502754034596
CI,789,660,11,10.476190476190476,False,0.0001,1.125412436866703
CI,789,672,11,10.666666666666666,False,0.0001,1.12659589976187
CI,789,684,11,10.857142857142858,False,0.0001,1.1260622646413383
CI,789,693,11,11.0,True,0.0001,1.12013554591207
CI,789,696,12,11.047619047619047,False,9.98458666866564e-05,1.1225018579367698
CI,789,708,12,11.238095238095235,False,9.98458666866564e-05,1.123237531064725
CI,789,720,12,11.428571428571429,False,9.98458666866564e-05,1.1194321363976003
CI,789,732,12,11.61904761904762,False,9.98458666866564e-05,1.1189985314361484
CI,789,744,12,11.80952380952381,False,9.98458666866564e-05,1.1182696847459654
CI,789,756,12,12.0,True,9.98458666866564e-05,1.119283523278794
CI,789,768,13,12.19047619047619,False,9.938441702975687e-05,1.1240115986428851
CI,789,780,13,12.38095238095238,False,9.938441702975687e-05,1.1168787486077068
CI,789,792,13,12.571428571428571,False,9.938441702975687e-05,1.1164612515843335
CI,789,804,13,12.761904761904765,False,9.938441702975687e-05,1.111989246062298
CI,789,816,13,12.952380952380953,False,9.938441702975687e-05,1.1152683094199332
CI,789,819,13,13.0,True,9.938441702975687e-05,1.1128053293079037
CI,789,828,14,13.142857142857142,False,9.861849601988384e-05,1.1185074302740416
CI,789,840,14,13.333333333333334,False,9.861849601988384e-05,1.1225412344119896
CI,789,852,14,13.523809523809524,False,9.861849601988384e-05,1.116125071687826
CI,789,864,14,13.714285714285714,False,9.861849601988384e-05,1.1165635663154945
CI,789,876,14,13.904761904761903,False,9.861849601988384e-05,1.1112574260186
CI,789,882,14,14.0,True,9.861849601988384e-05,1.1131689718067166
CI,789,888,15,14.095238095238097,False,9.755282581475769e-05,1.1124375404812534
CI,789,900,15,14.285714285714286,False,9.755282581475769e-05,1.1149870479084176
CI,789,912,15,14.476190476190476,False,9.755282581475769e-05,1.1131868596651338
CI,789,924,15,14.666666666666666,False,9.755282581475769e-05,1.1144963286449276
CI,789,936,15,14.857142857142858,False,9.755282581475769e-05,1.1120698130311664
CI,789,945,15,15.0,True,9.755282581475769e-05,1.1125764765619
CI,789,948,16,15.047619047619047,False,9.619397662556436e-05,1.1128166839721296
CI,789,960,16,15.238095238095235,False,9.619397662556436e-05,1.1104666299171084
CI,789,972,16,15.428571428571429,False,9.619397662556436e-05,1.1143237991252557
CI,789,984,16,15.61904761904762,False,9.619397662556436e-05,1.112303534984532
CI,789,996,16,15.80952380952381,False,9.619397662556436e-05,1.1123910511442991
CI,789,1008,16,16.0,True,9.619397662556436e-05,1.1114137725843931
CI,789,1020,17,16.19047619047619,False,9.45503262094184e-05,1.1128982875229576
CI,789,1032,17,16.38095238095238,False,9.45503262094184e-05,1.1200729622762728
CI,789,1044,17,16.571428571428573,False,9.45503262094184e-05,1.1106841484577403
CI,789,1056,17,16.761904761904763,False,9.45503262094184e-05,1.1129322219428908
CI,789,1068,17,16.952380952380953,False,9.45503262094184e-05,1.113172449811975
CI,789,1071,17,17.0,True,9.45503262094184e-05,1.111959744394165
CI,789,1080,18,17.142857142857142,False,9.26320082177046e-05,1.1107699938110602
CI,789,1092,18,17.333333333333332,False,9.26320082177046e-05,1.1145397559733308
CI,789,1104,18,17.523809523809526,False,9.26320082177046e-05,1.1135132261311182
CI,789,1116,18,17.714285714285715,False,9.26320082177046e-05,1.1105686104869796
CI,789,1128,18,17.904761904761905,False,9.26320082177046e-05,1.111257337363564
CI,789,1134,18,18.0,True,9.26320082177046e-05,1.1131339939852058
CI,789,1140,19,18.09523809523809,False,9.045084971874738e-05,1.1120782829969134
CI,789,1152,19,18.285714285714285,False,9.045084971874738e-05,1.1148949080475423
CI,789,1164,19,18.476190476190474,False,9.045084971874738e-05,1.112087939576219
CI,789,1176,19,18.666666666666668,False,9.045084971874738e-05,1.1117210168410745
CI,789,1188,19,18.857142857142858,False,9.045084971874738e-05,1.1104543068671044
CI,789,1197,19,19.0,True,9.045084971874738e-05,1.115733707441218
CI,789,1200,20,19.047619047619047,False,8.802029828000156e-05,1.1120604155973506
CI,789,1212,20,19.23809523809524,False,8.802029828000156e-05,1.113796629002734
CI,789,1224,20,19.428571428571427,False,8.802029828000156e-05,1.112450436379182
CI,789,1236,20,19.61904761904762,False,8.802029828000156e-05,1.1129293031463208
CI,789,1248,20,19.80952380952381,False,8.802029828000156e-05,1.111943861503485
CI,789,1260,20,20.0,True,8.802029828000156e-05,1.116070787527322
CI,789,1272,21,20.19047619047619,False,8.535533905932738e-05,1.1143408277117857
CI,789,1284,21,20.38095238095238,False,8.535533905932738e-05,1.1165535073787178
CI,789,1296,21,20.571428571428573,False,8.535533905932738e-05,1.1130029754812358
CI,789,1308,21,20.761904761904763,False,8.535533905932738e-05,1.110100266390652
CI,789,1320,21,20.95238095238096,False,8.535533905932738e-05,1.1109509796572428
CI,789,1323,21,21.0,True,8.535533905932738e-05,1.1120192251037018
CI,789,1332,22,21.142857142857142,False,8.247240241650918e-05,1.111927862679296
CI,789,1344,22,21.33333333333333,False,8.247240241650918e-05,1.1145510151629028
CI,789,1356,22,21.52380952380953,False,8.247240241650918e-05,1.1141082446346515
CI,789,1368,22,21.714285714285715,False,8.247240241650918e-05,1.1131898739363577
CI,789,1380,22,21.904761904761905,False,8.247240241650918e-05,1.113824753108
CI,789,1386,22,22.0,True,8.247240241650918e-05,1.113777165812523
CI,789,1392,23,22.09523809523809,False,7.938926261462366e-05,1.1148909799474858
CI,789,1404,23,22.285714285714285,False,7.938926261462366e-05,1.115072879622501
CI,789,1416,23,22.476190476190474,False,7.938926261462366e-05,1.1150943000431215
CI,789,1428,23,22.666666666666668,False,7.938926261462366e-05,1.1121473793680472
CI,789,1440,23,22.857142857142858,False,7.938926261462366e-05,1.1146575035003736
CI,789,1449,23,23.0,True,7.938926261462366e-05,1.113687201409839
CI,789,1452,24,23.047619047619047,False,7.612492823579745e-05,1.115197467226552
CI,789,1464,24,23.23809523809524,False,7.612492823579745e-05,1.1175841289918225
CI,789,1476,24,23.428571428571427,False,7.612492823579745e-05,1.1144478547990908
CI,789,1488,24,23.61904761904762,False,7.612492823579745e-05,1.1131820518343354
CI,789,1500,24,23.80952380952381,False,7.612492823579745e-05,1.1137275121727457
CI,789,1512,24,24.0,True,7.612492823579745e-05,1.1127360488070797
CI,789,1524,25,24.19047619047619,False,7.269952498697734e-05,1.1144476092928373
CI,789,1536,25,24.38095238095238,False,7.269952498697734e-05,1.1165568353523767
CI,789,1548,25,24.571428571428573,False,7.269952498697734e-05,1.11132217829297
CI,789,1560,25,24.761904761904763,False,7.269952498697734e-05,1.115156624533429
CI,789,1572,25,24.95238095238096,False,7.269952498697734e-05,1.114027854975855
CI,789,1575,25,25.0,True,7.269952498697734e-05,1.1156714988844196
CI,789,1584,26,25.142857142857142,False,6.91341716182545e-05,1.1180287544562113
CI,789,1596,26,25.33333333333333,False,6.91341716182545e-05,1.1157049422918457
CI,789,1608,26,25.52380952380953,False,6.91341716182545e-05,1.1166265795872352
CI,789,1620,26,25.714285714285715,False,6.91341716182545e-05,1.1158156587925718
CI,789,1632,26,25.904761904761905,False,6.91341716182545e-05,1.1140357589132954
CI,789,1638,26,26.0,True,6.91341716182545e-05,1.1138082155339772
CI,789,1644,27,26.09523809523809,False,6.545084971874738e-05,1.114554186285344
CI,789,1656,27,26.285714285714285,False,6.545084971874738e-05,1.115900242516533
CI,789,1668,27,26.476190476190474,False,6.545084971874738e-05,1.1170080622071383
CI,789,1680,27,26.666666666666668,False,6.545084971874738e-05,1.1162051885618964
CI,789,1692,27,26.857142857142858,False,6.545084971874738e-05,1.1153236369820143
CI,789,1701,27,27.0,True,6.545084971874738e-05,1.115220851697201
CI,789,1704,28,27.047619047619047,False,6.167226819279528e-05,1.1138821265555277
CI,789,1716,28,27.23809523809524,False,6.167226819279528e-05,1.1152352342718874
CI,789,1728,28,27.428571428571427,False,6.167226819279528e-05,1.1169344376095502
CI,789,1740,28,27.61904761904762,False,6.167226819279528e-05,1.1188396616116385
CI,789,1752,28,27.80952380952381,False,6.167226819279528e-05,1.1173909496683812
CI,789,1764,28,28.0,True,6.167226819279528e-05,1.113874959136848
CI,789,1776,29,28.19047619047619,False,5.782172325201155e-05,1.1165248990805627
CI,789,1788,29,28.38095238095238,False,5.782172325201155e-05,1.1188408073074882
CI,789,1800,29,28.571428571428573,False,5.782172325201155e-05,1.1171698781066908
CI,789,1812,29,28.761904761904763,False,5.782172325201155e-05,1.117263566020887
CI,789,1824,29,28.95238095238096,False,5.782172325201155e-05,1.1176363809061167
CI,789,1827,29,29.0,True,5.782172325201155e-05,1.1193814598151
CI,789,1836,30,29.142857142857142,False,5.392295478639225e-05,1.118336421529218
CI,789,1848,30,29.33333333333333,False,5.392295478639225e-05,1.1195302775224514
CI,789,1860,30,29.52380952380953,False,5.392295478639225e-05,1.1202531502271316
CI,789,1872,30,29.714285714285715,False,5.392295478639225e-05,1.11995395993949
CI,789,1884,30,29.904761904761905,False,5.392295478639225e-05,1.116821368340561
CI,789,1890,30,30.0,True,5.392295478639225e-05,1.1165012077270966
CI,789,1896,31,30.09523809523809,False,5e-05,1.1173155656093094
CI,789,1908,31,30.285714285714285,False,5e-05,1.1203232559017522
CI,789,1920,31,30.476190476190474,False,5e-05,1.118805986337195
CI,789,1932,31,30.666666666666668,False,5e-05,1.118199053960747
CI,789,1944,31,30.857142857142858,False,5e-05,1.120716120464354
CI,789,1953,31,31.0,True,5e-05,1.1188859872777568
CI,789,1956,32,31.047619047619047,False,4.607704521360776e-05,1.1200344996298857
CI,789,1968,32,31.23809523809524,False,4.607704521360776e-05,1.1189473161038137
CI,789,1980,32,31.428571428571427,False,4.607704521360776e-05,1.1199784423686618
CI,789,1992,32,31.61904761904762,False,4.607704521360776e-05,1.1208950808839446
CI,789,2004,32,31.80952380952381,False,4.607704521360776e-05,1.1192655876830495
CI,789,2016,32,32.0,True,4.607704521360776e-05,1.1182966426965273
CI,789,2028,33,32.19047619047619,False,4.2178276747988446e-05,1.1208080625563028
CI,789,2040,33,32.38095238095238,False,4.2178276747988446e-05,1.1200949828232911
CI,789,2052,33,32.57142857142857,False,4.2178276747988446e-05,1.1194461438932883
CI,789,2064,33,32.76190476190476,False,4.2178276747988446e-05,1.1216236479697832
CI,789,2076,33,32.95238095238095,False,4.2178276747988446e-05,1.1219328221784022
CI,789,2079,33,33.0,True,4.2178276747988446e-05,1.122134089568974
CI,789,2088,34,33.142857142857146,False,3.832773180720475e-05,1.121735448789796
CI,789,2100,34,33.333333333333336,False,3.832773180720475e-05,1.124365980100245
CI,789,2112,34,33.523809523809526,False,3.832773180720475e-05,1.1206833385598889
CI,789,2124,34,33.714285714285715,False,3.832773180720475e-05,1.1221056994985998
CI,789,2136,34,33.904761904761905,False,3.832773180720475e-05,1.121129648469961
CI,789,2142,34,34.0,True,3.832773180720475e-05,1.1217705152663426
CI,789,2148,35,34.095238095238095,False,3.454915028125264e-05,1.121063204930289
CI,789,2160,35,34.285714285714285,False,3.454915028125264e-05,1.1203332057246385
CI,789,2172,35,34.476190476190474,False,3.454915028125264e-05,1.1205214749230092
CI,789,2184,35,34.666666666666664,False,3.454915028125264e-05,1.122653369393292
CI,789,2196,35,34.857142857142854,False,3.454915028125264e-05,1.1240209756178463
CI,789,2205,35,35.0,True,3.454915028125264e-05,1.125231212333885
CI,1011,12,1,0.1904761904761904,False,1e-05,1.1432001560110403
CI,1011,24,1,0.3809523809523809,False,1e-05,1.095964773289705
CI,1011,36,1,0.5714285714285714,False,1e-05,1.0672582999117486
CI,1011,48,1,0.7619047619047619,False,1e-05,1.046414839445457
CI,1011,60,1,0.9523809523809524,False,1e-05,1.029389178531711
CI,1011,63,1,1.0,True,1e-05,1.0253516713411055
CI,1011,72,2,1.1428571428571428,False,2e-05,1.004624103465719
CI,1011,84,2,1.3333333333333333,False,2e-05,0.9837292435374024
CI,1011,96,2,1.5238095238095235,False,2e-05,0.9666029046008526
CI,1011,108,2,1.7142857142857142,False,2e-05,0.952859989638545
CI,1011,120,2,1.9047619047619049,False,2e-05,0.9432614930206392
CI,1011,126,2,2.0,True,2e-05,0.9387955569587602
CI,1011,132,3,2.095238095238096,False,3.0000000000000004e-05,0.9339802723177189
CI,1011,144,3,2.2857142857142856,False,3.0000000000000004e-05,0.9254356453912038
CI,1011,156,3,2.4761904761904763,False,3.0000000000000004e-05,0.9197167204270804
CI,1011,168,3,2.6666666666666665,False,3.0000000000000004e-05,0.9145035792629488
CI,1011,180,3,2.857142857142857,False,3.0000000000000004e-05,0.91074127094332
CI,1011,189,3,3.0,True,3.0000000000000004e-05,0.9091219185146197
CI,1011,192,4,3.0476190476190474,False,4e-05,0.9098254030448886
CI,1011,204,4,3.238095238095238,False,4e-05,0.9079254574272516
CI,1011,216,4,3.4285714285714284,False,4e-05,0.9041587231754412
CI,1011,228,4,3.619047619047619,False,4e-05,0.9025221853089932
CI,1011,240,4,3.809523809523809,False,4e-05,0.9026914277727148
CI,1011,252,4,4.0,True,4e-05,0.8996434335369835
CI,1011,264,5,4.190476190476191,False,5e-05,0.9008968861732624
CI,1011,276,5,4.380952380952381,False,5e-05,0.9021469903770276
CI,1011,288,5,4.571428571428571,False,5e-05,0.8994383812583363
CI,1011,300,5,4.761904761904762,False,5e-05,0.9020403520079576
CI,1011,312,5,4.9523809523809526,False,5e-05,0.89909480889575
CI,1011,315,5,5.0,True,5e-05,0.9027856953544544
CI,1011,324,6,5.142857142857143,False,6.000000000000001e-05,0.9027570052208814
CI,1011,336,6,5.333333333333333,False,6.000000000000001e-05,0.8986249099264835
CI,1011,348,6,5.523809523809524,False,6.000000000000001e-05,0.8982639748160777
CI,1011,360,6,5.714285714285714,False,6.000000000000001e-05,0.9019739766644668
CI,1011,372,6,5.904761904761905,False,6.000000000000001e-05,0.8976346263547581
CI,1011,378,6,6.0,True,6.000000000000001e-05,0.9039584514491198
CI,1011,384,7,6.095238095238095,False,7e-05,0.9001482148531065
CI,1011,396,7,6.285714285714286,False,7e-05,0.9033150136566944
CI,1011,408,7,6.476190476190476,False,7e-05,0.901434115232561
CI,1011,420,7,6.666666666666667,False,7e-05,0.8974315176672847
CI,1011,432,7,6.857142857142857,False,7e-05,0.8999089758286545
CI,1011,441,7,7.0,True,7e-05,0.8967876297800613
CI,1011,444,8,7.047619047619048,False,8e-05,0.9040426805529368
CI,1011,456,8,7.238095238095238,False,8e-05,0.9013710746823476
CI,1011,468,8,7.428571428571429,False,8e-05,0.9028674557564996
CI,1011,480,8,7.619047619047619,False,8e-05,0.9010454992920692
CI,1011,492,8,7.809523809523809,False,8e-05,0.9005947975479054
CI,1011,504,8,8.0,True,8e-05,0.8979582786127173
CI,1011,516,9,8.19047619047619,False,9e-05,0.9012256395056006
CI,1011,528,9,8.380952380952381,False,9e-05,0.8971473578180539
CI,1011,540,9,8.571428571428571,False,9e-05,0.8985086490761982
CI,1011,552,9,8.761904761904763,False,9e-05,0.8959723171513069
CI,1011,564,9,8.952380952380953,False,9e-05,0.8969823230587329
CI,1011,567,9,9.0,True,9e-05,0.9003657470329751
CI,1011,576,10,9.142857142857142,False,0.0001,0.8972439031522567
CI,1011,588,10,9.333333333333334,False,0.0001,0.8969688611324974
CI,1011,600,10,9.523809523809524,False,0.0001,0.8918304902618035
CI,1011,612,10,9.714285714285714,False,0.0001,0.8968923654756668
CI,1011,624,10,9.904761904761903,False,0.0001,0.8925770815984225
CI,1011,630,10,10.0,True,0.0001,0.8938431096105769
CI,1011,636,11,10.095238095238097,False,0.0001,0.8996650721853854
CI,1011,648,11,10.285714285714286,False,0.0001,0.8922539203529704
CI,1011,660,11,10.476190476190476,False,0.0001,0.8957508295929092
CI,1011,672,11,10.666666666666666,False,0.0001,0.896243942542371
CI,1011,684,11,10.857142857142858,False,0.0001,0.8986297518553726
CI,1011,693,11,11.0,True,0.0001,0.8906136657946284
CI,1011,696,12,11.047619047619047,False,9.98458666866564e-05,0.896820479880708
CI,1011,708,12,11.238095238095235,False,9.98458666866564e-05,0.8976917133783232
CI,1011,720,12,11.428571428571429,False,9.98458666866564e-05,0.8931681310841906
CI,1011,732,12,11.61904761904762,False,9.98458666866564e-05,0.894310553517308
CI,1011,744,12,11.80952380952381,False,9.98458666866564e-05,0.8915524748885293
CI,1011,756,12,12.0,True,9.98458666866564e-05,0.8901102893198451
CI,1011,768,13,12.19047619047619,False,9.938441702975687e-05,0.8900562574852129
CI,1011,780,13,12.38095238095238,False,9.938441702975687e-05,0.8893656211155455
CI,1011,792,13,12.571428571428571,False,9.938441702975687e-05,0.8954618414540255
CI,1011,804,13,12.761904761904765,False,9.938441702975687e-05,0.8876663904994099
CI,1011,816,13,12.952380952380953,False,9.938441702975687e-05,0.8875889741941284
CI,1011,819,13,13.0,True,9.938441702975687e-05,0.8878282200381986
CI,1011,828,14,13.142857142857142,False,9.861849601988384e-05,0.8880785136636778
CI,1011,840,14,13.333333333333334,False,9.861849601988384e-05,0.8886253788434276
CI,1011,852,14,13.523809523809524,False,9.861849601988384e-05,0.8875628823350722
CI,1011,864,14,13.714285714285714,False,9.861849601988384e-05,0.8871006486166104
CI,1011,876,14,13.904761904761903,False,9.861849601988384e-05,0.888006982688863
CI,1011,882,14,14.0,True,9.861849601988384e-05,0.8847410198177013
CI,1011,888,15,14.095238095238097,False,9.755282581475769e-05,0.8819391387815209
CI,1011,900,15,14.285714285714286,False,9.755282581475769e-05,0.8857467702833993
CI,1011,912,15,14.476190476190476,False,9.755282581475769e-05,0.8867791649972241
CI,1011,924,15,14.666666666666666,False,9.755282581475769e-05,0.8871990079692421
CI,1011,936,15,14.857142857142858,False,9.755282581475769e-05,0.8823535260590157
CI,1011,945,15,15.0,True,9.755282581475769e-05,0.8849807430350421
CI,1011,948,16,15.047619047619047,False,9.619397662556436e-05,0.8856226532330009
CI,1011,960,16,15.238095238095235,False,9.619397662556436e-05,0.8853190642916501
CI,1011,972,16,15.428571428571429,False,9.619397662556436e-05,0.8847004771877771
CI,1011,984,16,15.61904761904762,False,9.619397662556436e-05,0.8827482523773734
CI,1011,996,16,15.80952380952381,False,9.619397662556436e-05,0.8828792367832526
CI,1011,1008,16,16.0,True,9.619397662556436e-05,0.8833824632264367
CI,1011,1020,17,16.19047619047619,False,9.45503262094184e-05,0.887229205238427
CI,1011,1032,17,16.38095238095238,False,9.45503262094184e-05,0.8904471375389318
CI,1011,1044,17,16.571428571428573,False,9.45503262094184e-05,0.88540989478584
CI,1011,1056,17,16.761904761904763,False,9.45503262094184e-05,0.8821539976710732
CI,1011,1068,17,16.952380952380953,False,9.45503262094184e-05,0.8844585171356818
CI,1011,1071,17,17.0,True,9.45503262094184e-05,0.8823772242321001
CI,1011,1080,18,17.142857142857142,False,9.26320082177046e-05,0.8836009637920831
CI,1011,1092,18,17.333333333333332,False,9.26320082177046e-05,0.88469581256896
CI,1011,1104,18,17.523809523809526,False,9.26320082177046e-05,0.8859494629741653
CI,1011,1116,18,17.714285714285715,False,9.26320082177046e-05,0.8855422226564955
CI,1011,1128,18,17.904761904761905,False,9.26320082177046e-05,0.887488807642686
CI,1011,1134,18,18.0,True,9.26320082177046e-05,0.8881285082843631
CI,1011,1140,19,18.09523809523809,False,9.045084971874738e-05,0.8852645891818378
CI,1011,1152,19,18.285714285714285,False,9.045084971874738e-05,0.885612587476606
CI,1011,1164,19,18.476190476190474,False,9.045084971874738e-05,0.8840324614915258
CI,1011,1176,19,18.666666666666668,False,9.045084971874738e-05,0.8856599360854476
CI,1011,1188,19,18.857142857142858,False,9.045084971874738e-05,0.887198073681555
CI,1011,1197,19,19.0,True,9.045084971874738e-05,0.8876329743704565
CI,1011,1200,20,19.047619047619047,False,8.802029828000156e-05,0.8845944116666318
CI,1011,1212,20,19.23809523809524,False,8.802029828000156e-05,0.8904412522084652
CI,1011,1224,20,19.428571428571427,False,8.802029828000156e-05,0.8870195360782896
CI,1011,1236,20,19.61904761904762,False,8.802029828000156e-05,0.8847228114372307
CI,1011,1248,20,19.80952380952381,False,8.802029828000156e-05,0.8833691172337097
CI,1011,1260,20,20.0,True,8.802029828000156e-05,0.8830474085669243
CI,1011,1272,21,20.19047619047619,False,8.535533905932738e-05,0.8842319489617595
CI,1011,1284,21,20.38095238095238,False,8.535533905932738e-05,0.8863329642010419
CI,1011,1296,21,20.571428571428573,False,8.535533905932738e-05,0.8857771585018924
CI,1011,1308,21,20.761904761904763,False,8.535533905932738e-05,0.8862800235053143
CI,1011,1320,21,20.95238095238096,False,8.535533905932738e-05,0.8859155490130867
CI,1011,1323,21,21.0,True,8.535533905932738e-05,0.8846583660456777
CI,1011,1332,22,21.142857142857142,False,8.247240241650918e-05,0.886182434769534
CI,1011,1344,22,21.33333333333333,False,8.247240241650918e-05,0.8867988736936885
CI,1011,1356,22,21.52380952380953,False,8.247240241650918e-05,0.8891760425504892
CI,1011,1368,22,21.714285714285715,False,8.247240241650918e-05,0.8893789261905635
CI,1011,1380,22,21.904761904761905,False,8.247240241650918e-05,0.8836020071936606
CI,1011,1386,22,22.0,True,8.247240241650918e-05,0.8858427768677679
CI,1011,1392,23,22.09523809523809,False,7.938926261462366e-05,0.8866605445590576
CI,1011,1404,23,22.285714285714285,False,7.938926261462366e-05,0.8870680508418355
CI,1011,1416,23,22.476190476190474,False,7.938926261462366e-05,0.8852259696842332
CI,1011,1428,23,22.666666666666668,False,7.938926261462366e-05,0.8885456302287377
CI,1011,1440,23,22.857142857142858,False,7.938926261462366e-05,0.8864979239445632
CI,1011,1449,23,23.0,True,7.938926261462366e-05,0.887008726983516
CI,1011,1452,24,23.047619047619047,False,7.612492823579745e-05,0.8874552483017514
CI,1011,1464,24,23.23809523809524,False,7.612492823579745e-05,0.8881026141942332
CI,1011,1476,24,23.428571428571427,False,7.612492823579745e-05,0.8872630373640877
CI,1011,1488,24,23.61904761904762,False,7.612492823579745e-05,0.8883330559112669
CI,1011,1500,24,23.80952380952381,False,7.612492823579745e-05,0.8885855249949371
CI,1011,1512,24,24.0,True,7.612492823579745e-05,0.8883726983515946
CI,1011,1524,25,24.19047619047619,False,7.269952498697734e-05,0.8876322719497867
CI,1011,1536,25,24.38095238095238,False,7.269952498697734e-05,0.8894756556544564
CI,1011,1548,25,24.571428571428573,False,7.269952498697734e-05,0.8890108986772778
CI,1011,1560,25,24.761904761904763,False,7.269952498697734e-05,0.8891091625552553
CI,1011,1572,25,24.95238095238096,False,7.269952498697734e-05,0.8885028166659683
CI,1011,1575,25,25.0,True,7.269952498697734e-05,0.8879736688541819
CI,1011,1584,26,25.142857142857142,False,6.91341716182545e-05,0.889972478476194
CI,1011,1596,26,25.33333333333333,False,6.91341716182545e-05,0.8889372127031264
CI,1011,1608,26,25.52380952380953,False,6.91341716182545e-05,0.8901860075402063
CI,1011,1620,26,25.714285714285715,False,6.91341716182545e-05,0.8899963539593503
CI,1011,1632,26,25.904761904761905,False,6.91341716182545e-05,0.8907635746408844
CI,1011,1638,26,26.0,True,6.91341716182545e-05,0.8882537232932842
CI,1011,1644,27,26.09523809523809,False,6.545084971874738e-05,0.8924660513952611
CI,1011,1656,27,26.285714285714285,False,6.545084971874738e-05,0.890367000206007
CI,1011,1668,27,26.476190476190474,False,6.545084971874738e-05,0.8903196720560199
CI,1011,1680,27,26.666666666666668,False,6.545084971874738e-05,0.8886832842211713
CI,1011,1692,27,26.857142857142858,False,6.545084971874738e-05,0.8896418633880998
CI,1011,1701,27,27.0,True,6.545084971874738e-05,0.8893684512570793
CI,1011,1704,28,27.047619047619047,False,6.167226819279528e-05,0.8902400666533111
CI,1011,1716,28,27.23809523809524,False,6.167226819279528e-05,0.8901991898620975
CI,1011,1728,28,27.428571428571427,False,6.167226819279528e-05,0.8896533271662163
CI,1011,1740,28,27.61904761904762,False,6.167226819279528e-05,0.8910828487039889
CI,1011,1752,28,27.80952380952381,False,6.167226819279528e-05,0.8919080565986843
CI,1011,1764,28,28.0,True,6.167226819279528e-05,0.8907543135994316
CI,1011,1776,29,28.19047619047619,False,5.782172325201155e-05,0.8929303991953506
CI,1011,1788,29,28.38095238095238,False,5.782172325201155e-05,0.892345139565395
CI,1011,1800,29,28.571428571428573,False,5.782172325201155e-05,0.892657512174928
CI,1011,1812,29,28.761904761904763,False,5.782172325201155e-05,0.8910112836310833
CI,1011,1824,29,28.95238095238096,False,5.782172325201155e-05,0.8937817125883386
CI,1011,1827,29,29.0,True,5.782172325201155e-05,0.8936708869737219
CI,1011,1836,30,29.142857142857142,False,5.392295478639225e-05,0.8935233922722924
CI,1011,1848,30,29.33333333333333,False,5.392295478639225e-05,0.8921833236658426
CI,1011,1860,30,29.52380952380953,False,5.392295478639225e-05,0.8926778073585535
CI,1011,1872,30,29.714285714285715,False,5.392295478639225e-05,0.8926468940294625
CI,1011,1884,30,29.904761904761905,False,5.392295478639225e-05,0.8922353914504466
CI,1011,1890,30,30.0,True,5.392295478639225e-05,0.8907207883565876
CI,1011,1896,31,30.09523809523809,False,5e-05,0.893367386687407
CI,1011,1908,31,30.285714285714285,False,5e-05,0.8928306145425248
CI,1011,1920,31,30.476190476190474,False,5e-05,0.894034099836591
CI,1011,1932,31,30.666666666666668,False,5e-05,0.8936598460119309
CI,1011,1944,31,30.857142857142858,False,5e-05,0.8942019851963002
CI,1011,1953,31,31.0,True,5e-05,0.8931164929355303
CI,1011,1956,32,31.047619047619047,False,4.607704521360776e-05,0.8924270363598035
CI,1011,1968,32,31.23809523809524,False,4.607704521360776e-05,0.8951697503888819
CI,1011,1980,32,31.428571428571427,False,4.607704521360776e-05,0.8942322779401393
CI,1011,1992,32,31.61904761904762,False,4.607704521360776e-05,0.8938693583208507
CI,1011,2004,32,31.80952380952381,False,4.607704521360776e-05,0.8950540964846123
CI,1011,2016,32,32.0,True,4.607704521360776e-05,0.8942446146293794
CI,1011,2028,33,32.19047619047619,False,4.2178276747988446e-05,0.895365882606984
CI,1011,2040,33,32.38095238095238,False,4.2178276747988446e-05,0.8946207711275044
CI,1011,2052,33,32.57142857142857,False,4.2178276747988446e-05,0.8938098776113136
CI,1011,2064,33,32.76190476190476,False,4.2178276747988446e-05,0.8933658249948498
CI,1011,2076,33,32.95238095238095,False,4.2178276747988446e-05,0.8953988486411393
CI,1011,2079,33,33.0,True,4.2178276747988446e-05,0.8952256780773609
CI,1011,2088,34,33.142857142857146,False,3.832773180720475e-05,0.8951580070064211
CI,1011,2100,34,33.333333333333336,False,3.832773180720475e-05,0.8953093275136349
CI,1011,2112,34,33.523809523809526,False,3.832773180720475e-05,0.8957569195119205
CI,1011,2124,34,33.714285714285715,False,3.832773180720475e-05,0.8967490102824566
CI,1011,2136,34,33.904761904761905,False,3.832773180720475e-05,0.8962983221775291
CI,1011,2142,34,34.0,True,3.832773180720475e-05,0.8964448075754718
CI,1011,2148,35,34.095238095238095,False,3.454915028125264e-05,0.896005671903697
CI,1011,2160,35,34.285714285714285,False,3.454915028125264e-05,0.8953901809064658
CI,1011,2172,35,34.476190476190474,False,3.454915028125264e-05,0.8941376080009288
CI,1011,2184,35,34.666666666666664,False,3.454915028125264e-05,0.895750734118255
CI,1011,2196,35,34.857142857142854,False,3.454915028125264e-05,0.8965183230591695
CI,1011,2205,35,35.0,True,3.454915028125264e-05,0.9002754893867101
CD,42,201,1,0.2,False,1e-05,1.1267473788252056
CD,42,402,1,0.4,False,1e-05,1.071485929531958
CD,42,603,1,0.6,False,1e-05,1.053124257684564
CD,42,804,1,0.8,False,1e-05,1.043610182824688
CD,42,1005,1,1.0,True,1e-05,1.0426055081537535
CD,42,1206,2,1.2,False,2e-05,1.0382509108827576
CD,42,1407,2,1.4,False,2e-05,1.0352612891686133
CD,42,1608,2,1.6,False,2e-05,1.033521469890131
CD,42,1809,2,1.8,False,2e-05,1.0334906741994532
CD,42,2010,2,2.0,True,2e-05,1.036593331084496
CD,42,2211,3,2.2,False,3.0000000000000004e-05,1.0412931783441444
CD,42,2412,3,2.4,False,3.0000000000000004e-05,1.04461717446089
CD,42,2613,3,2.6,False,3.0000000000000004e-05,1.0496290277755955
CD,42,2814,3,2.8,False,3.0000000000000004e-05,1.0389622379739034
CD,42,3015,3,3.0,True,3.0000000000000004e-05,1.046804773277157
CD,42,3216,4,3.2,False,4e-05,1.057512772326448
CD,42,3417,4,3.4,False,4e-05,1.0427042204216248
CD,42,3618,4,3.6,False,4e-05,1.0410193570360349
CD,42,3819,4,3.8,False,4e-05,1.0380255685351985
CD,42,4020,4,4.0,True,4e-05,1.0453143218609895
CD,42,4221,5,4.2,False,5e-05,1.032483229058644
CD,42,4422,5,4.4,False,5e-05,1.037812457172798
CD,42,4623,5,4.6,False,5e-05,1.033412976584923
CD,42,4824,5,4.8,False,5e-05,1.0239180597373454
CD,42,5025,5,5.0,True,5e-05,1.0259110982574948
CD,42,5226,6,5.2,False,6.000000000000001e-05,1.0266361276664162
CD,42,5427,6,5.4,False,6.000000000000001e-05,1.0291823429229168
CD,42,5628,6,5.6,False,6.000000000000001e-05,1.0222465474591955
CD,42,5829,6,5.8,False,6.000000000000001e-05,1.02335658693551
CD,42,6030,6,6.0,True,6.000000000000001e-05,1.0290587458684026
CD,42,6231,7,6.2,False,7e-05,1.028955912846262
CD,42,6432,7,6.4,False,7e-05,1.0342405287233587
CD,42,6633,7,6.6,False,7e-05,1.0298185630019785
CD,42,6834,7,6.8,False,7e-05,1.0397821760086707
CD,42,7035,7,7.0,True,7e-05,1.0309676516118411
CD,42,7236,8,7.2,False,8e-05,1.0323001666387337
CD,42,7437,8,7.4,False,8e-05,1.0388103156353876
CD,42,7638,8,7.6,False,8e-05,1.0293094725396346
CD,42,7839,8,7.8,False,8e-05,1.0322801817477338
CD,42,8040,8,8.0,True,8e-05,1.031430133393913
CD,42,8241,9,8.2,False,9e-05,1.0340430070080575
CD,42,8442,9,8.4,False,9e-05,1.0448595470998838
CD,42,8643,9,8.6,False,9e-05,1.0390064120504945
CD,42,8844,9,8.8,False,9e-05,1.0417390125858508
CD,42,9045,9,9.0,True,9e-05,1.0462125695710165
CD,42,9246,10,9.2,False,0.0001,1.06081465583133
CD,42,9447,10,9.4,False,0.0001,1.0420540056336594
CD,42,9648,10,9.6,False,0.0001,1.0357118732743638
CD,42,9849,10,9.8,False,0.0001,1.051644310185258
CD,42,10050,10,10.0,True,0.0001,1.0664380584039737
CD,42,10251,11,10.2,False,0.0001,1.0666643282196018
CD,42,10452,11,10.4,False,0.0001,1.0735249476226048
CD,42,10653,11,10.6,False,0.0001,1.066577933887021
CD,42,10854,11,10.8,False,0.0001,1.0665885656717229
CD,42,11055,11,11.0,True,0.0001,1.0721413408689568
CD,42,11256,12,11.2,False,9.98458666866564e-05,1.0742485176332413
CD,42,11457,12,11.4,False,9.98458666866564e-05,1.084249828636635
CD,42,11658,12,11.6,False,9.98458666866564e-05,1.0939604551211295
CD,42,11859,12,11.8,False,9.98458666866564e-05,1.116515312402343
CD,42,12060,12,12.0,True,9.98458666866564e-05,1.0965439719840266
CD,42,12261,13,12.2,False,9.938441702975687e-05,1.105436991038258
CD,42,12462,13,12.4,False,9.938441702975687e-05,1.0969368876937644
CD,42,12663,13,12.6,False,9.938441702975687e-05,1.1137068743033078
CD,42,12864,13,12.8,False,9.938441702975687e-05,1.1137105330284474
CD,42,13065,13,13.0,True,9.938441702975687e-05,1.116617985163457
CD,42,13266,14,13.2,False,9.861849601988384e-05,1.1370874390162466
CD,42,13467,14,13.4,False,9.861849601988384e-05,1.1239247081830834
CD,42,13668,14,13.6,False,9.861849601988384e-05,1.124367122386286
CD,42,13869,14,13.8,False,9.861849601988384e-05,1.138258628303641
CD,42,14070,14,14.0,True,9.861849601988384e-05,1.130958932900522
CD,42,14271,15,14.2,False,9.755282581475769e-05,1.1470805153307198
CD,42,14472,15,14.4,False,9.755282581475769e-05,1.1352561822975589
CD,42,14673,15,14.6,False,9.755282581475769e-05,1.1452208225092353
CD,42,14874,15,14.8,False,9.755282581475769e-05,1.1305865681100906
CD,42,15075,15,15.0,True,9.755282581475769e-05,1.159132207613509
CD,42,15276,16,15.2,False,9.619397662556436e-05,1.1564038539953578
CD,42,15477,16,15.4,False,9.619397662556436e-05,1.1394019338773098
CD,42,15678,16,15.6,False,9.619397662556436e-05,1.150696225728706
CD,42,15879,16,15.8,False,9.619397662556436e-05,1.158977726213281
CD,42,16080,16,16.0,True,9.619397662556436e-05,1.1656138676553258
CD,42,16281,17,16.2,False,9.45503262094184e-05,1.166367982735673
CD,42,16482,17,16.4,False,9.45503262094184e-05,1.1663993683233211
CD,42,16683,17,16.6,False,9.45503262094184e-05,1.17870279317102
CD,42,16884,17,16.8,False,9.45503262094184e-05,1.158634603945493
CD,42,17085,17,17.0,True,9.45503262094184e-05,1.169181182633084
CD,42,17286,18,17.2,False,9.26320082177046e-05,1.1690922718614043
CD,42,17487,18,17.4,False,9.26320082177046e-05,1.163781192456062
CD,42,17688,18,17.6,False,9.26320082177046e-05,1.1610129082687162
CD,42,17889,18,17.8,False,9.26320082177046e-05,1.1587802505304026
CD,42,18090,18,18.0,True,9.26320082177046e-05,1.16250313293258
CD,42,18291,19,18.2,False,9.045084971874738e-05,1.1866384963925856
CD,42,18492,19,18.4,False,9.045084971874738e-05,1.1684746037010776
CD,42,18693,19,18.6,False,9.045084971874738e-05,1.1865415879137162
CD,42,18894,19,18.8,False,9.045084971874738e-05,1.1793025240306976
CD,42,19095,19,19.0,True,9.045084971874738e-05,1.1773721782602358
CD,42,19296,20,19.2,False,8.802029828000156e-05,1.1718904447302136
CD,42,19497,20,19.4,False,8.802029828000156e-05,1.1806398596751724
CD,42,19698,20,19.6,False,8.802029828000156e-05,1.1736938467185525
CD,42,19899,20,19.8,False,8.802029828000156e-05,1.1738478541553188
CD,42,20100,20,20.0,True,8.802029828000156e-05,1.19477889556775
CD,42,20301,21,20.2,False,8.535533905932738e-05,1.1966463099018891
CD,42,20502,21,20.4,False,8.535533905932738e-05,1.2062982825555475
CD,42,20703,21,20.6,False,8.535533905932738e-05,1.198610469044062
CD,42,20904,21,20.8,False,8.535533905932738e-05,1.1827623515969254
CD,42,21105,21,21.0,True,8.535533905932738e-05,1.182635412929516
CD,42,21306,22,21.2,False,8.247240241650918e-05,1.190612460086139
CD,42,21507,22,21.4,False,8.247240241650918e-05,1.2002680710060825
CD,42,21708,22,21.6,False,8.247240241650918e-05,1.1895655924376871
CD,42,21909,22,21.8,False,8.247240241650918e-05,1.1971309631150313
CD,42,22110,22,22.0,True,8.247240241650918e-05,1.1998095880776052
CD,42,22311,23,22.2,False,7.938926261462366e-05,1.2168703529757976
CD,42,22512,23,22.4,False,7.938926261462366e-05,1.2155892229192418
CD,42,22713,23,22.6,False,7.938926261462366e-05,1.1948312821695029
CD,42,22914,23,22.8,False,7.938926261462366e-05,1.2182169138587298
CD,42,23115,23,23.0,True,7.938926261462366e-05,1.2106645839962002
CD,42,23316,24,23.2,False,7.612492823579745e-05,1.2154385144727573
CD,42,23517,24,23.4,False,7.612492823579745e-05,1.207919004022593
CD,42,23718,24,23.6,False,7.612492823579745e-05,1.2101624282330663
CD,42,23919,24,23.8,False,7.612492823579745e-05,1.2230663238690127
CD,42,24120,24,24.0,True,7.612492823579745e-05,1.2190985898966429
CD,42,24321,25,24.2,False,7.269952498697734e-05,1.206110966398814
CD,42,24522,25,24.4,False,7.269952498697734e-05,1.230784406255674
CD,42,24723,25,24.6,False,7.269952498697734e-05,1.229183361091907
CD,42,24924,25,24.8,False,7.269952498697734e-05,1.2301462178643223
CD,42,25125,25,25.0,True,7.269952498697734e-05,1.221847252337656
CD,123,201,1,0.2,False,1e-05,1.08702466391967
CD,123,402,1,0.4,False,1e-05,1.0263521383076393
CD,123,603,1,0.6,False,1e-05,1.0102360661289098
CD,123,804,1,0.8,False,1e-05,1.0021194520769612
CD,123,1005,1,1.0,True,1e-05,1.0007618996744696
CD,123,1206,2,1.2,False,2e-05,1.002348257085638
CD,123,1407,2,1.4,False,2e-05,0.9933910748015544
CD,123,1608,2,1.6,False,2e-05,0.9970418917413442
CD,123,1809,2,1.8,False,2e-05,0.9894080401634046
CD,123,2010,2,2.0,True,2e-05,0.986929034801166
CD,123,2211,3,2.2,False,3.0000000000000004e-05,0.994395226919248
CD,123,2412,3,2.4,False,3.0000000000000004e-05,0.98417126902237
CD,123,2613,3,2.6,False,3.0000000000000004e-05,0.9865775337800238
CD,123,2814,3,2.8,False,3.0000000000000004e-05,0.9866042598635684
CD,123,3015,3,3.0,True,3.0000000000000004e-05,0.9901422061557474
CD,123,3216,4,3.2,False,4e-05,0.9868820715007502
CD,123,3417,4,3.4,False,4e-05,0.9845295657930028
CD,123,3618,4,3.6,False,4e-05,0.9874913779567682
CD,123,3819,4,3.8,False,4e-05,0.980170068626363
CD,123,4020,4,4.0,True,4e-05,0.972091535322185
CD,123,4221,5,4.2,False,5e-05,0.970268861945396
CD,123,4422,5,4.4,False,5e-05,0.9730932784097654
CD,123,4623,5,4.6,False,5e-05,0.9742900668388048
CD,123,4824,5,4.8,False,5e-05,0.9696727744667168
CD,123,5025,5,5.0,True,5e-05,0.9670219974148736
CD,123,5226,6,5.2,False,6.000000000000001e-05,0.9729771837876726
CD,123,5427,6,5.4,False,6.000000000000001e-05,0.9730733566002338
CD,123,5628,6,5.6,False,6.000000000000001e-05,0.9692196790365812
CD,123,5829,6,5.8,False,6.000000000000001e-05,0.9696065380729462
CD,123,6030,6,6.0,True,6.000000000000001e-05,0.9723598745097513
CD,123,6231,7,6.2,False,7e-05,0.9756102767171908
CD,123,6432,7,6.4,False,7e-05,0.9756350489801344
CD,123,6633,7,6.6,False,7e-05,0.9690419597874942
CD,123,6834,7,6.8,False,7e-05,0.97247940110468
CD,123,7035,7,7.0,True,7e-05,0.9809370037363868
CD,123,7236,8,7.2,False,8e-05,0.9864427235683604
CD,123,7437,8,7.4,False,8e-05,0.9851562844390716
CD,123,7638,8,7.6,False,8e-05,0.999834145181596
CD,123,7839,8,7.8,False,8e-05,0.9865351004109666
CD,123,8040,8,8.0,True,8e-05,0.9793756010129478
CD,123,8241,9,8.2,False,9e-05,0.992012868333032
CD,123,8442,9,8.4,False,9e-05,0.9999160811888088
CD,123,8643,9,8.6,False,9e-05,1.0383920207166906
CD,123,8844,9,8.8,False,9e-05,1.003195141136635
CD,123,9045,9,9.0,True,9e-05,1.0054350225554778
CD,123,9246,10,9.2,False,0.0001,1.0379943585527178
CD,123,9447,10,9.4,False,0.0001,1.0228819483316267
CD,123,9648,10,9.6,False,0.0001,1.0227673787466436
CD,123,9849,10,9.8,False,0.0001,1.035673424267213
CD,123,10050,10,10.0,True,0.0001,1.0311641069093531
CD,123,10251,11,10.2,False,0.0001,1.032234959154852
CD,123,10452,11,10.4,False,0.0001,1.0540744657702088
CD,123,10653,11,10.6,False,0.0001,1.043611106882948
CD,123,10854,11,10.8,False,0.0001,1.048987676786325
CD,123,11055,11,11.0,True,0.0001,1.0530922412822366
CD,123,11256,12,11.2,False,9.98458666866564e-05,1.0511039730849858
CD,123,11457,12,11.4,False,9.98458666866564e-05,1.0518826984623453
CD,123,11658,12,11.6,False,9.98458666866564e-05,1.057252603893882
CD,123,11859,12,11.8,False,9.98458666866564e-05,1.0665756424953212
CD,123,12060,12,12.0,True,9.98458666866564e-05,1.063249929539705
CD,123,12261,13,12.2,False,9.938441702975687e-05,1.0668209595044529
CD,123,12462,13,12.4,False,9.938441702975687e-05,1.0712106863334634
CD,123,12663,13,12.6,False,9.938441702975687e-05,1.08430848587728
CD,123,12864,13,12.8,False,9.938441702975687e-05,1.0777870674616268
CD,123,13065,13,13.0,True,9.938441702975687e-05,1.0795053810742612
CD,123,13266,14,13.2,False,9.861849601988384e-05,1.0698502799207743
CD,123,13467,14,13.4,False,9.861849601988384e-05,1.0729442895299983
CD,123,13668,14,13.6,False,9.861849601988384e-05,1.074423171463968
CD,123,13869,14,13.8,False,9.861849601988384e-05,1.0815269835650476
CD,123,14070,14,14.0,True,9.861849601988384e-05,1.0857331757155908
CD,123,14271,15,14.2,False,9.755282581475769e-05,1.0680486936557692
CD,123,14472,15,14.4,False,9.755282581475769e-05,1.083358717657006
CD,123,14673,15,14.6,False,9.755282581475769e-05,1.098099496196617
CD,123,14874,15,14.8,False,9.755282581475769e-05,1.089650309826164
CD,123,15075,15,15.0,True,9.755282581475769e-05,1.0793671286603346
CD,123,15276,16,15.2,False,9.619397662556436e-05,1.0766110038521568
CD,123,15477,16,15.4,False,9.619397662556436e-05,1.0985515073074663
CD,123,15678,16,15.6,False,9.619397662556436e-05,1.066795246134204
CD,123,15879,16,15.8,False,9.619397662556436e-05,1.0727427408301775
CD,123,16080,16,16.0,True,9.619397662556436e-05,1.0786599257332672
CD,123,16281,17,16.2,False,9.45503262094184e-05,1.073452646883391
CD,123,16482,17,16.4,False,9.45503262094184e-05,1.0704204272769011
CD,123,16683,17,16.6,False,9.45503262094184e-05,1.091993019152434
CD,123,16884,17,16.8,False,9.45503262094184e-05,1.076000361603433
CD,123,17085,17,17.0,True,9.45503262094184e-05,1.0906009731213206
CD,123,17286,18,17.2,False,9.26320082177046e-05,1.111305760062265
CD,123,17487,18,17.4,False,9.26320082177046e-05,1.0935401552346953
CD,123,17688,18,17.6,False,9.26320082177046e-05,1.088138787494806
CD,123,17889,18,17.8,False,9.26320082177046e-05,1.0883638570576393
CD,123,18090,18,18.0,True,9.26320082177046e-05,1.084236479234099
CD,123,18291,19,18.2,False,9.045084971874738e-05,1.1117600779089545
CD,123,18492,19,18.4,False,9.045084971874738e-05,1.1074739956366446
CD,123,18693,19,18.6,False,9.045084971874738e-05,1.0959045441270758
CD,123,18894,19,18.8,False,9.045084971874738e-05,1.0929551632747525
CD,123,19095,19,19.0,True,9.045084971874738e-05,1.0902177702527382
CD,123,19296,20,19.2,False,8.802029828000156e-05,1.1097316745539645
CD,123,19497,20,19.4,False,8.802029828000156e-05,1.0972416018721107
CD,123,19698,20,19.6,False,8.802029828000156e-05,1.1095422204469392
CD,123,19899,20,19.8,False,8.802029828000156e-05,1.1113606187755982
CD,123,20100,20,20.0,True,8.802029828000156e-05,1.1443620552736051
CD,123,20301,21,20.2,False,8.535533905932738e-05,1.1169329270641293
CD,123,20502,21,20.4,False,8.535533905932738e-05,1.1157459111479042
CD,123,20703,21,20.6,False,8.535533905932738e-05,1.12386876003575
CD,123,20904,21,20.8,False,8.535533905932738e-05,1.1189007449314416
CD,123,21105,21,21.0,True,8.535533905932738e-05,1.1369092219350343
CD,123,21306,22,21.2,False,8.247240241650918e-05,1.1262616276535409
CD,123,21507,22,21.4,False,8.247240241650918e-05,1.1246336108999757
CD,123,21708,22,21.6,False,8.247240241650918e-05,1.121149940243778
CD,123,21909,22,21.8,False,8.247240241650918e-05,1.12213971916376
CD,123,22110,22,22.0,True,8.247240241650918e-05,1.1158368558706984
CD,123,22311,23,22.2,False,7.938926261462366e-05,1.1556444144981373
CD,123,22512,23,22.4,False,7.938926261462366e-05,1.1263575489926825
CD,123,22713,23,22.6,False,7.938926261462366e-05,1.1504636972085176
CD,123,22914,23,22.8,False,7.938926261462366e-05,1.136678609727547
CD,123,23115,23,23.0,True,7.938926261462366e-05,1.136901602716652
CD,123,23316,24,23.2,False,7.612492823579745e-05,1.1374664563441872
CD,123,23517,24,23.4,False,7.612492823579745e-05,1.1434399832275584
CD,123,23718,24,23.6,False,7.612492823579745e-05,1.1492099121158537
CD,123,23919,24,23.8,False,7.612492823579745e-05,1.1466397310162562
CD,123,24120,24,24.0,True,7.612492823579745e-05,1.1433176887201115
CD,123,24321,25,24.2,False,7.269952498697734e-05,1.142789468376394
CD,123,24522,25,24.4,False,7.269952498697734e-05,1.1790141223789752
CD,123,24723,25,24.6,False,7.269952498697734e-05,1.137036542501061
CD,123,24924,25,24.8,False,7.269952498697734e-05,1.1447661329933565
CD,123,25125,25,25.0,True,7.269952498697734e-05,1.1454192034964237
CD,456,201,1,0.2,False,1e-05,1.0737781753887947
CD,456,402,1,0.4,False,1e-05,1.0156017382824776
CD,456,603,1,0.6,False,1e-05,0.9939747718865006
CD,456,804,1,0.8,False,1e-05,0.9868944482552472
CD,456,1005,1,1.0,True,1e-05,0.9769644670479324
CD,456,1206,2,1.2,False,2e-05,0.9723714746802308
CD,456,1407,2,1.4,False,2e-05,0.9649329983427782
CD,456,1608,2,1.6,False,2e-05,0.9733929563001052
CD,456,1809,2,1.8,False,2e-05,0.98216914677084
CD,456,2010,2,2.0,True,2e-05,0.9918924782039548
CD,456,2211,3,2.2,False,3.0000000000000004e-05,0.9748261254811376
CD,456,2412,3,2.4,False,3.0000000000000004e-05,1.0037495096012583
CD,456,2613,3,2.6,False,3.0000000000000004e-05,0.958573312286355
CD,456,2814,3,2.8,False,3.0000000000000004e-05,0.9788683833882394
CD,456,3015,3,3.0,True,3.0000000000000004e-05,0.9642488798231612
CD,456,3216,4,3.2,False,4e-05,0.9870338753484008
CD,456,3417,4,3.4,False,4e-05,0.9883715937439442
CD,456,3618,4,3.6,False,4e-05,0.9731989620322942
CD,456,3819,4,3.8,False,4e-05,0.9684180482667476
CD,456,4020,4,4.0,True,4e-05,0.9705680641673694
CD,456,4221,5,4.2,False,5e-05,0.9867191448558912
CD,456,4422,5,4.4,False,5e-05,0.9829885869734818
CD,456,4623,5,4.6,False,5e-05,0.9654335395613142
CD,456,4824,5,4.8,False,5e-05,0.9496163814756912
CD,456,5025,5,5.0,True,5e-05,0.9486165777170232
CD,456,5226,6,5.2,False,6.000000000000001e-05,0.9699397829762908
CD,456,5427,6,5.4,False,6.000000000000001e-05,0.9821624771842856
CD,456,5628,6,5.6,False,6.000000000000001e-05,0.9782135073912658
CD,456,5829,6,5.8,False,6.000000000000001e-05,0.9684046187336984
CD,456,6030,6,6.0,True,6.000000000000001e-05,0.9674479490598528
CD,456,6231,7,6.2,False,7e-05,0.9843714256676352
CD,456,6432,7,6.4,False,7e-05,0.9542780797913872
CD,456,6633,7,6.6,False,7e-05,0.9538797424852172
CD,456,6834,7,6.8,False,7e-05,0.9714102358622224
CD,456,7035,7,7.0,True,7e-05,0.956831622727594
CD,456,7236,8,7.2,False,8e-05,1.0001519001747567
CD,456,7437,8,7.4,False,8e-05,0.9684474493455132
CD,456,7638,8,7.6,False,8e-05,0.9959411235359098
CD,456,7839,8,7.8,False,8e-05,0.9680963055018716
CD,456,8040,8,8.0,True,8e-05,0.96587124055592
CD,456,8241,9,8.2,False,9e-05,1.0104618466369353
CD,456,8442,9,8.4,False,9e-05,0.9703996554019668
CD,456,8643,9,8.6,False,9e-05,0.988442409511305
CD,456,8844,9,8.8,False,9e-05,0.9914942278479162
CD,456,9045,9,9.0,True,9e-05,0.9657554613411669
CD,456,9246,10,9.2,False,0.0001,0.9786858904064448
CD,456,9447,10,9.4,False,0.0001,0.98315294829551
CD,456,9648,10,9.6,False,0.0001,0.96980433513033
CD,456,9849,10,9.8,False,0.0001,0.9805887207225608
CD,456,10050,10,10.0,True,0.0001,0.9787434411640444
CD,456,10251,11,10.2,False,0.0001,0.9879666081625263
CD,456,10452,11,10.4,False,0.0001,0.9783958486365564
CD,456,10653,11,10.6,False,0.0001,1.0183402326728233
CD,456,10854,11,10.8,False,0.0001,0.982665701922565
CD,456,11055,11,11.0,True,0.0001,1.004792583837112
CD,456,11256,12,11.2,False,9.98458666866564e-05,1.0194056343385125
CD,456,11457,12,11.4,False,9.98458666866564e-05,0.9841707541411996
CD,456,11658,12,11.6,False,9.98458666866564e-05,0.9936820875145776
CD,456,11859,12,11.8,False,9.98458666866564e-05,1.0263111302387762
CD,456,12060,12,12.0,True,9.98458666866564e-05,1.0140293321051477
CD,456,12261,13,12.2,False,9.938441702975687e-05,1.0165159507186023
CD,456,12462,13,12.4,False,9.938441702975687e-05,1.047200567718208
CD,456,12663,13,12.6,False,9.938441702975687e-05,1.0210066334698569
CD,456,12864,13,12.8,False,9.938441702975687e-05,1.015791069636376
CD,456,13065,13,13.0,True,9.938441702975687e-05,1.00123087970019
CD,456,13266,14,13.2,False,9.861849601988384e-05,1.0495464524291809
CD,456,13467,14,13.4,False,9.861849601988384e-05,1.007805182549721
CD,456,13668,14,13.6,False,9.861849601988384e-05,1.0391270630299665
CD,456,13869,14,13.8,False,9.861849601988384e-05,1.0199106253578936
CD,456,14070,14,14.0,True,9.861849601988384e-05,1.0565390519023137
CD,456,14271,15,14.2,False,9.755282581475769e-05,1.047899337334976
CD,456,14472,15,14.4,False,9.755282581475769e-05,1.0681417473454773
CD,456,14673,15,14.6,False,9.755282581475769e-05,1.047680961227361
CD,456,14874,15,14.8,False,9.755282581475769e-05,1.0852143042159097
CD,456,15075,15,15.0,True,9.755282581475769e-05,1.089148096096276
CD,456,15276,16,15.2,False,9.619397662556436e-05,1.0898257155197923
CD,456,15477,16,15.4,False,9.619397662556436e-05,1.0167285540194502
CD,456,15678,16,15.6,False,9.619397662556436e-05,1.1189437340993784
CD,456,15879,16,15.8,False,9.619397662556436e-05,1.0539356916554934
CD,456,16080,16,16.0,True,9.619397662556436e-05,1.0727969295160276
CD,456,16281,17,16.2,False,9.45503262094184e-05,1.0700608799587898
CD,456,16482,17,16.4,False,9.45503262094184e-05,1.0948841093185882
CD,456,16683,17,16.6,False,9.45503262094184e-05,1.0848094055846236
CD,456,16884,17,16.8,False,9.45503262094184e-05,1.130064799977599
CD,456,17085,17,17.0,True,9.45503262094184e-05,1.0870594226609471
CD,456,17286,18,17.2,False,9.26320082177046e-05,1.112216414362618
CD,456,17487,18,17.4,False,9.26320082177046e-05,1.109977075103418
CD,456,17688,18,17.6,False,9.26320082177046e-05,1.1481423213527373
CD,456,17889,18,17.8,False,9.26320082177046e-05,1.1382256946626723
CD,456,18090,18,18.0,True,9.26320082177046e-05,1.1198727093039014
CD,456,18291,19,18.2,False,9.045084971874738e-05,1.13497310506271
CD,456,18492,19,18.4,False,9.045084971874738e-05,1.1640189737871336
CD,456,18693,19,18.6,False,9.045084971874738e-05,1.168164113306155
CD,456,18894,19,18.8,False,9.045084971874738e-05,1.1866619217809438
CD,456,19095,19,19.0,True,9.045084971874738e-05,1.16341584846252
CD,456,19296,20,19.2,False,8.802029828000156e-05,1.1210295671637458
CD,456,19497,20,19.4,False,8.802029828000156e-05,1.1387379724440507
CD,456,19698,20,19.6,False,8.802029828000156e-05,1.1783446592187707
CD,456,19899,20,19.8,False,8.802029828000156e-05,1.1788186175657434
CD,456,20100,20,20.0,True,8.802029828000156e-05,1.174545132833068
CD,456,20301,21,20.2,False,8.535533905932738e-05,1.2083424068352868
CD,456,20502,21,20.4,False,8.535533905932738e-05,1.2045451445628113
CD,456,20703,21,20.6,False,8.535533905932738e-05,1.1979448061160736
CD,456,20904,21,20.8,False,8.535533905932738e-05,1.222736298677889
CD,456,21105,21,21.0,True,8.535533905932738e-05,1.204365387952801
CD,456,21306,22,21.2,False,8.247240241650918e-05,1.2110812643702993
CD,456,21507,22,21.4,False,8.247240241650918e-05,1.2428998483289644
CD,456,21708,22,21.6,False,8.247240241650918e-05,1.2830615292682734
CD,456,21909,22,21.8,False,8.247240241650918e-05,1.2526320435607747
CD,456,22110,22,22.0,True,8.247240241650918e-05,1.226819908192118
CD,456,22311,23,22.2,False,7.938926261462366e-05,1.2344507932361608
CD,456,22512,23,22.4,False,7.938926261462366e-05,1.2674414308688216
CD,456,22713,23,22.6,False,7.938926261462366e-05,1.2397473110518404
CD,456,22914,23,22.8,False,7.938926261462366e-05,1.2631541364093848
CD,456,23115,23,23.0,True,7.938926261462366e-05,1.2726730003461093
CD,456,23316,24,23.2,False,7.612492823579745e-05,1.2870129541238289
CD,456,23517,24,23.4,False,7.612492823579745e-05,1.239001282333719
CD,456,23718,24,23.6,False,7.612492823579745e-05,1.2325901166847577
CD,456,23919,24,23.8,False,7.612492823579745e-05,1.2846948994220893
CD,456,24120,24,24.0,True,7.612492823579745e-05,1.2825253760037387
CD,456,24321,25,24.2,False,7.269952498697734e-05,1.278327256576185
CD,456,24522,25,24.4,False,7.269952498697734e-05,1.2941101938179125
CD,456,24723,25,24.6,False,7.269952498697734e-05,1.3144504926273926
CD,456,24924,25,24.8,False,7.269952498697734e-05,1.2864580827123662
CD,456,25125,25,25.0,True,7.269952498697734e-05,1.300081292917221
CD,789,201,1,0.2,False,1e-05,1.2181502947138902
CD,789,402,1,0.4,False,1e-05,1.159102779256271
CD,789,603,1,0.6,False,1e-05,1.1379501070734608
CD,789,804,1,0.8,False,1e-05,1.1293979785669768
CD,789,1005,1,1.0,True,1e-05,1.1242216991438705
CD,789,1206,2,1.2,False,2e-05,1.1277458612828564
CD,789,1407,2,1.4,False,2e-05,1.125784556150881
CD,789,1608,2,1.6,False,2e-05,1.120156899841414
CD,789,1809,2,1.8,False,2e-05,1.122750201151457
CD,789,2010,2,2.0,True,2e-05,1.1261538316542887
CD,789,2211,3,2.2,False,3.0000000000000004e-05,1.1296302581711029
CD,789,2412,3,2.4,False,3.0000000000000004e-05,1.127108359968034
CD,789,2613,3,2.6,False,3.0000000000000004e-05,1.122920377902866
CD,789,2814,3,2.8,False,3.0000000000000004e-05,1.125203386586913
CD,789,3015,3,3.0,True,3.0000000000000004e-05,1.123347659373385
CD,789,3216,4,3.2,False,4e-05,1.1247406959540351
CD,789,3417,4,3.4,False,4e-05,1.1156318939519916
CD,789,3618,4,3.6,False,4e-05,1.1213353281534788
CD,789,3819,4,3.8,False,4e-05,1.1193431233316486
CD,789,4020,4,4.0,True,4e-05,1.1226863627059198
CD,789,4221,5,4.2,False,5e-05,1.1180319272835573
CD,789,4422,5,4.4,False,5e-05,1.1218960405678895
CD,789,4623,5,4.6,False,5e-05,1.1184261813433578
CD,789,4824,5,4.8,False,5e-05,1.117574197922886
CD,789,5025,5,5.0,True,5e-05,1.120470523850878
CD,789,5226,6,5.2,False,6.000000000000001e-05,1.1164654848623026
CD,789,5427,6,5.4,False,6.000000000000001e-05,1.1083492714629204
CD,789,5628,6,5.6,False,6.000000000000001e-05,1.1146536759896848
CD,789,5829,6,5.8,False,6.000000000000001e-05,1.1090352295745345
CD,789,6030,6,6.0,True,6.000000000000001e-05,1.1173635518524483
CD,789,6231,7,6.2,False,7e-05,1.115122637261455
CD,789,6432,7,6.4,False,7e-05,1.1127672553797512
CD,789,6633,7,6.6,False,7e-05,1.109721351356984
CD,789,6834,7,6.8,False,7e-05,1.1137213762213118
CD,789,7035,7,7.0,True,7e-05,1.111737847658678
CD,789,7236,8,7.2,False,8e-05,1.1169617706391106
CD,789,7437,8,7.4,False,8e-05,1.1104747912951338
CD,789,7638,8,7.6,False,8e-05,1.114745856768269
CD,789,7839,8,7.8,False,8e-05,1.1155025871721782
CD,789,8040,8,8.0,True,8e-05,1.1261419791579377
CD,789,8241,9,8.2,False,9e-05,1.1151699875752012
CD,789,8442,9,8.4,False,9e-05,1.1128966883225004
CD,789,8643,9,8.6,False,9e-05,1.117330490343639
CD,789,8844,9,8.8,False,9e-05,1.1331400343255933
CD,789,9045,9,9.0,True,9e-05,1.1367590147304842
CD,789,9246,10,9.2,False,0.0001,1.131573520298348
CD,789,9447,10,9.4,False,0.0001,1.1432855597940843
CD,789,9648,10,9.6,False,0.0001,1.1364715388419262
CD,789,9849,10,9.8,False,0.0001,1.134044424806672
CD,789,10050,10,10.0,True,0.0001,1.1445010476161015
CD,789,10251,11,10.2,False,0.0001,1.1361061795042433
CD,789,10452,11,10.4,False,0.0001,1.1447192395940264
CD,789,10653,11,10.6,False,0.0001,1.1440700102408845
CD,789,10854,11,10.8,False,0.0001,1.1565134674228477
CD,789,11055,11,11.0,True,0.0001,1.1567042411259856
CD,789,11256,12,11.2,False,9.98458666866564e-05,1.142844390171195
CD,789,11457,12,11.4,False,9.98458666866564e-05,1.1458600253187872
CD,789,11658,12,11.6,False,9.98458666866564e-05,1.1474098960679282
CD,789,11859,12,11.8,False,9.98458666866564e-05,1.155822788430567
CD,789,12060,12,12.0,True,9.98458666866564e-05,1.1466171495556443
CD,789,12261,13,12.2,False,9.938441702975687e-05,1.182697984630981
CD,789,12462,13,12.4,False,9.938441702975687e-05,1.171406306398242
CD,789,12663,13,12.6,False,9.938441702975687e-05,1.1786777430086366
CD,789,12864,13,12.8,False,9.938441702975687e-05,1.1682157173567247
CD,789,13065,13,13.0,True,9.938441702975687e-05,1.1928127553265038
CD,789,13266,14,13.2,False,9.861849601988384e-05,1.1889159794810238
CD,789,13467,14,13.4,False,9.861849601988384e-05,1.2091775253400645
CD,789,13668,14,13.6,False,9.861849601988384e-05,1.2160066773200011
CD,789,13869,14,13.8,False,9.861849601988384e-05,1.229067028635631
CD,789,14070,14,14.0,True,9.861849601988384e-05,1.2102559882794224
CD,789,14271,15,14.2,False,9.755282581475769e-05,1.2110461348122847
CD,789,14472,15,14.4,False,9.755282581475769e-05,1.2213780438547277
CD,789,14673,15,14.6,False,9.755282581475769e-05,1.2228783496191271
CD,789,14874,15,14.8,False,9.755282581475769e-05,1.2291918071889905
CD,789,15075,15,15.0,True,9.755282581475769e-05,1.2193600642860851
CD,789,15276,16,15.2,False,9.619397662556436e-05,1.2100878983311685
CD,789,15477,16,15.4,False,9.619397662556436e-05,1.2241220331524008
CD,789,15678,16,15.6,False,9.619397662556436e-05,1.2308826991170283
CD,789,15879,16,15.8,False,9.619397662556436e-05,1.23267685711296
CD,789,16080,16,16.0,True,9.619397662556436e-05,1.223960655413315
CD,789,16281,17,16.2,False,9.45503262094184e-05,1.2380798598563014
CD,789,16482,17,16.4,False,9.45503262094184e-05,1.2388140463074986
CD,789,16683,17,16.6,False,9.45503262094184e-05,1.2207860941793631
CD,789,16884,17,16.8,False,9.45503262094184e-05,1.247104262264074
CD,789,17085,17,17.0,True,9.45503262094184e-05,1.2298103005231138
CD,789,17286,18,17.2,False,9.26320082177046e-05,1.249580784432852
CD,789,17487,18,17.4,False,9.26320082177046e-05,1.2354418406051195
CD,789,17688,18,17.6,False,9.26320082177046e-05,1.2180744196423117
CD,789,17889,18,17.8,False,9.26320082177046e-05,1.245582766241166
CD,789,18090,18,18.0,True,9.26320082177046e-05,1.2457055108434112
CD,789,18291,19,18.2,False,9.045084971874738e-05,1.248568906540243
CD,789,18492,19,18.4,False,9.045084971874738e-05,1.253669119942462
CD,789,18693,19,18.6,False,9.045084971874738e-05,1.2661684536657685
CD,789,18894,19,18.8,False,9.045084971874738e-05,1.2456754670156347
CD,789,19095,19,19.0,True,9.045084971874738e-05,1.2426117927728633
CD,789,19296,20,19.2,False,8.802029828000156e-05,1.2522423057930965
CD,789,19497,20,19.4,False,8.802029828000156e-05,1.263315894342183
CD,789,19698,20,19.6,False,8.802029828000156e-05,1.2657891533236745
CD,789,19899,20,19.8,False,8.802029828000156e-05,1.268687061403078
CD,789,20100,20,20.0,True,8.802029828000156e-05,1.2545172042462542
CD,789,20301,21,20.2,False,8.535533905932738e-05,1.2658481805286044
CD,789,20502,21,20.4,False,8.535533905932738e-05,1.2547003450917735
CD,789,20703,21,20.6,False,8.535533905932738e-05,1.262942407724565
CD,789,20904,21,20.8,False,8.535533905932738e-05,1.261681516589785
CD,789,21105,21,21.0,True,8.535533905932738e-05,1.2773780526793137
CD,789,21306,22,21.2,False,8.247240241650918e-05,1.268632485703898
CD,789,21507,22,21.4,False,8.247240241650918e-05,1.2598961593110811
CD,789,21708,22,21.6,False,8.247240241650918e-05,1.2837910221172766
CD,789,21909,22,21.8,False,8.247240241650918e-05,1.2718163506019158
CD,789,22110,22,22.0,True,8.247240241650918e-05,1.266662154807296
CD,789,22311,23,22.2,False,7.938926261462366e-05,1.2720684872292012
CD,789,22512,23,22.4,False,7.938926261462366e-05,1.2752078285451975
CD,789,22713,23,22.6,False,7.938926261462366e-05,1.2830576523153532
CD,789,22914,23,22.8,False,7.938926261462366e-05,1.2717184839666955
CD,789,23115,23,23.0,True,7.938926261462366e-05,1.2773065694418255
CD,789,23316,24,23.2,False,7.612492823579745e-05,1.2722005372004168
CD,789,23517,24,23.4,False,7.612492823579745e-05,1.2871890110909905
CD,789,23718,24,23.6,False,7.612492823579745e-05,1.2765504562133596
CD,789,23919,24,23.8,False,7.612492823579745e-05,1.2840944542074098
CD,789,24120,24,24.0,True,7.612492823579745e-05,1.2839111650351958
CD,789,24321,25,24.2,False,7.269952498697734e-05,1.29815716834342
CD,789,24522,25,24.4,False,7.269952498697734e-05,1.3039064951652726
CD,789,24723,25,24.6,False,7.269952498697734e-05,1.2830846921013328
CD,789,24924,25,24.8,False,7.269952498697734e-05,1.2813801234290874
CD,789,25125,25,25.0,True,7.269952498697734e-05,1.2844436425255457
CD,1011,201,1,0.2,False,1e-05,0.9798931546214208
CD,1011,402,1,0.4,False,1e-05,0.928814813923718
CD,1011,603,1,0.6,False,1e-05,0.9106003051738206
CD,1011,804,1,0.8,False,1e-05,0.9108821403857132
CD,1011,1005,1,1.0,True,1e-05,0.9038437710453416
CD,1011,1206,2,1.2,False,2e-05,0.9060900833641036
CD,1011,1407,2,1.4,False,2e-05,0.8962254272790836
CD,1011,1608,2,1.6,False,2e-05,0.8971040916031296
CD,1011,1809,2,1.8,False,2e-05,0.9011215380344836
CD,1011,2010,2,2.0,True,2e-05,0.8961763498970401
CD,1011,2211,3,2.2,False,3.0000000000000004e-05,0.8961140757014168
CD,1011,2412,3,2.4,False,3.0000000000000004e-05,0.8983610563427578
CD,1011,2613,3,2.6,False,3.0000000000000004e-05,0.8974822300527806
CD,1011,2814,3,2.8,False,3.0000000000000004e-05,0.8944557892202242
CD,1011,3015,3,3.0,True,3.0000000000000004e-05,0.8912138620932453
CD,1011,3216,4,3.2,False,4e-05,0.9053462505630276
CD,1011,3417,4,3.4,False,4e-05,0.891729097883998
CD,1011,3618,4,3.6,False,4e-05,0.8907971680799098
CD,1011,3819,4,3.8,False,4e-05,0.8863410846613585
CD,1011,4020,4,4.0,True,4e-05,0.8899369158724266
CD,1011,4221,5,4.2,False,5e-05,0.9044102545616152
CD,1011,4422,5,4.4,False,5e-05,0.8876766335658769
CD,1011,4623,5,4.6,False,5e-05,0.8875993749642652
CD,1011,4824,5,4.8,False,5e-05,0.8973660783163858
CD,1011,5025,5,5.0,True,5e-05,0.8909313389523713
CD,1011,5226,6,5.2,False,6.000000000000001e-05,0.8995196284841156
CD,1011,5427,6,5.4,False,6.000000000000001e-05,0.8870620802661419
CD,1011,5628,6,5.6,False,6.000000000000001e-05,0.8861011611177343
CD,1011,5829,6,5.8,False,6.000000000000001e-05,0.8930856980973048
CD,1011,6030,6,6.0,True,6.000000000000001e-05,0.8950825070138408
CD,1011,6231,7,6.2,False,7e-05,0.8952458564750255
CD,1011,6432,7,6.4,False,7e-05,0.9016105438689124
CD,1011,6633,7,6.6,False,7e-05,0.9085389946038815
CD,1011,6834,7,6.8,False,7e-05,0.8943006505792965
CD,1011,7035,7,7.0,True,7e-05,0.9005917704898974
CD,1011,7236,8,7.2,False,8e-05,0.9064051804110888
CD,1011,7437,8,7.4,False,8e-05,0.9135978043993848
CD,1011,7638,8,7.6,False,8e-05,0.9205202231820973
CD,1011,7839,8,7.8,False,8e-05,0.9089055712434052
CD,1011,8040,8,8.0,True,8e-05,0.9113501290094445
CD,1011,8241,9,8.2,False,9e-05,0.921121702421379
CD,1011,8442,9,8.4,False,9e-05,0.9049542324855292
CD,1011,8643,9,8.6,False,9e-05,0.908812697421126
CD,1011,8844,9,8.8,False,9e-05,0.9086324694050106
CD,1011,9045,9,9.0,True,9e-05,0.9122981087848576
CD,1011,9246,10,9.2,False,0.0001,0.9197014998918136
CD,1011,9447,10,9.4,False,0.0001,0.9266772804816744
CD,1011,9648,10,9.6,False,0.0001,0.9242826252714752
CD,1011,9849,10,9.8,False,0.0001,0.9286315486201676
CD,1011,10050,10,10.0,True,0.0001,0.9248436113230648
CD,1011,10251,11,10.2,False,0.0001,0.930401768903927
CD,1011,10452,11,10.4,False,0.0001,0.9307266086278972
CD,1011,10653,11,10.6,False,0.0001,0.9240754947141958
CD,1011,10854,11,10.8,False,0.0001,0.93776515868815
CD,1011,11055,11,11.0,True,0.0001,0.9424333654769216
CD,1011,11256,12,11.2,False,9.98458666866564e-05,0.9435425951235802
CD,1011,11457,12,11.4,False,9.98458666866564e-05,0.9472126979435088
CD,1011,11658,12,11.6,False,9.98458666866564e-05,0.952290921486991
CD,1011,11859,12,11.8,False,9.98458666866564e-05,0.9473230683486136
CD,1011,12060,12,12.0,True,9.98458666866564e-05,0.9536813120557972
CD,1011,12261,13,12.2,False,9.938441702975687e-05,0.96281784859242
CD,1011,12462,13,12.4,False,9.938441702975687e-05,0.9618749059574656
CD,1011,12663,13,12.6,False,9.938441702975687e-05,0.9612705803800567
CD,1011,12864,13,12.8,False,9.938441702975687e-05,0.9534630706356408
CD,1011,13065,13,13.0,True,9.938441702975687e-05,0.962954782262686
CD,1011,13266,14,13.2,False,9.861849601988384e-05,0.9750725736944303
CD,1011,13467,14,13.4,False,9.861849601988384e-05,0.9760243400628236
CD,1011,13668,14,13.6,False,9.861849601988384e-05,0.9684970543955111
CD,1011,13869,14,13.8,False,9.861849601988384e-05,0.9768954780857844
CD,1011,14070,14,14.0,True,9.861849601988384e-05,0.9804903750091656
CD,1011,14271,15,14.2,False,9.755282581475769e-05,0.980129427964428
CD,1011,14472,15,14.4,False,9.755282581475769e-05,0.9941837659044408
CD,1011,14673,15,14.6,False,9.755282581475769e-05,0.9791613968067384
CD,1011,14874,15,14.8,False,9.755282581475769e-05,0.9785807455337502
CD,1011,15075,15,15.0,True,9.755282581475769e-05,0.9869182231490355
CD,1011,15276,16,15.2,False,9.619397662556436e-05,0.9858845062817412
CD,1011,15477,16,15.4,False,9.619397662556436e-05,0.9895713103465282
CD,1011,15678,16,15.6,False,9.619397662556436e-05,0.9829615190565772
CD,1011,15879,16,15.8,False,9.619397662556436e-05,0.9837379965173028
CD,1011,16080,16,16.0,True,9.619397662556436e-05,0.9912828912911404
CD,1011,16281,17,16.2,False,9.45503262094184e-05,0.995446624499058
CD,1011,16482,17,16.4,False,9.45503262094184e-05,0.9964940138482984
CD,1011,16683,17,16.6,False,9.45503262094184e-05,0.9977242039146028
CD,1011,16884,17,16.8,False,9.45503262094184e-05,0.9952832724805166
CD,1011,17085,17,17.0,True,9.45503262094184e-05,0.9881143858781092
CD,1011,17286,18,17.2,False,9.26320082177046e-05,0.996056893373688
CD,1011,17487,18,17.4,False,9.26320082177046e-05,0.9932128236222516
CD,1011,17688,18,17.6,False,9.26320082177046e-05,1.0178240915777608
CD,1011,17889,18,17.8,False,9.26320082177046e-05,1.0018508528914527
CD,1011,18090,18,18.0,True,9.26320082177046e-05,0.9973294954977426
CD,1011,18291,19,18.2,False,9.045084971874738e-05,1.0105796009835963
CD,1011,18492,19,18.4,False,9.045084971874738e-05,1.008479007708187
CD,1011,18693,19,18.6,False,9.045084971874738e-05,1.0136922656582796
CD,1011,18894,19,18.8,False,9.045084971874738e-05,0.9893755174044292
CD,1011,19095,19,19.0,True,9.045084971874738e-05,1.0132733365150943
CD,1011,19296,20,19.2,False,8.802029828000156e-05,1.008933334931852
CD,1011,19497,20,19.4,False,8.802029828000156e-05,1.0045497116610889
CD,1011,19698,20,19.6,False,8.802029828000156e-05,1.019599220281686
CD,1011,19899,20,19.8,False,8.802029828000156e-05,1.0198224434329042
CD,1011,20100,20,20.0,True,8.802029828000156e-05,1.0088321590769227
CD,1011,20301,21,20.2,False,8.535533905932738e-05,1.0143724100454177
CD,1011,20502,21,20.4,False,8.535533905932738e-05,1.0254571623094215
CD,1011,20703,21,20.6,False,8.535533905932738e-05,1.0362407142033332
CD,1011,20904,21,20.8,False,8.535533905932738e-05,1.0248584680317032
CD,1011,21105,21,21.0,True,8.535533905932738e-05,1.0334029483364278
CD,1011,21306,22,21.2,False,8.247240241650918e-05,1.0417205800104334
CD,1011,21507,22,21.4,False,8.247240241650918e-05,1.0470547514952968
CD,1011,21708,22,21.6,False,8.247240241650918e-05,1.0320752300584546
CD,1011,21909,22,21.8,False,8.247240241650918e-05,1.0285506740865202
CD,1011,22110,22,22.0,True,8.247240241650918e-05,1.080877426870234
CD,1011,22311,23,22.2,False,7.938926261462366e-05,1.0502073296901298
CD,1011,22512,23,22.4,False,7.938926261462366e-05,1.046338459722135
CD,1011,22713,23,22.6,False,7.938926261462366e-05,1.0353563563505812
CD,1011,22914,23,22.8,False,7.938926261462366e-05,1.05299022490937
CD,1011,23115,23,23.0,True,7.938926261462366e-05,1.0457033623227117
CD,1011,23316,24,23.2,False,7.612492823579745e-05,1.0417633142951417
CD,1011,23517,24,23.4,False,7.612492823579745e-05,1.0759375137074323
CD,1011,23718,24,23.6,False,7.612492823579745e-05,1.044082318628709
CD,1011,23919,24,23.8,False,7.612492823579745e-05,1.0524027642476554
CD,1011,24120,24,24.0,True,7.612492823579745e-05,1.0404017536620804
CD,1011,24321,25,24.2,False,7.269952498697734e-05,1.0607615122519622
CD,1011,24522,25,24.4,False,7.269952498697734e-05,1.056807641710847
CD,1011,24723,25,24.6,False,7.269952498697734e-05,1.0775895730247986
CD,1011,24924,25,24.8,False,7.269952498697734e-05,1.048344058274019
CD,1011,25125,25,25.0,True,7.269952498697734e-05,1.0478307328288017
